吐出パターン番号,注入開始日,平均,標準偏差,最小,最大,サンプル数,範囲_R,ターゲットカラム
1,2025-12-26,0.16903225806451613,0.003962186862224297,0.15,0.17,31,0.020000000000000018,A剤流圧(Mpa)
1,2026-01-05,0.17554726368159207,0.011639814936061458,0.16,0.22,402,0.06,A剤流圧(Mpa)
1,2026-01-06,0.16998058252427187,0.010315999985029734,0.15,0.2,515,0.05000000000000002,A剤流圧(Mpa)
1,2026-01-07,0.17072992700729928,0.00885677517719921,0.15,0.21,548,0.06,A剤流圧(Mpa)
1,2026-01-08,0.16971252566735115,0.007308565580924708,0.14,0.2,487,0.06,A剤流圧(Mpa)
1,2026-01-09,0.1757677902621723,0.008709961301700972,0.15,0.2,534,0.05000000000000002,A剤流圧(Mpa)
1,2026-01-10,0.1784475806451613,0.009898947714382038,0.15,0.21,496,0.06,A剤流圧(Mpa)
1,2026-01-13,0.18129032258064515,0.008927526178063134,0.16,0.22,527,0.06,A剤流圧(Mpa)
1,2026-02-05,0.17866666666666664,0.003518657752744982,0.17,0.18,15,0.009999999999999981,A剤流圧(Mpa)
1,2026-02-06,0.16921621621621621,0.007699065987539952,0.14,0.2,370,0.06,A剤流圧(Mpa)
1,2026-02-09,0.18508108108108107,0.014261062040602193,0.16,0.23,555,0.07,A剤流圧(Mpa)
1,2026-02-10,0.18002136752136752,0.00694113924163067,0.16,0.2,468,0.04000000000000001,A剤流圧(Mpa)
1,2026-02-12,0.1725835189309577,0.00901426424678757,0.15,0.19,449,0.04000000000000001,A剤流圧(Mpa)
1,2026-02-13,0.17072192513368983,0.007767582358373279,0.15,0.19,374,0.04000000000000001,A剤流圧(Mpa)
1,2026-02-16,0.16927437641723359,0.009899357395936085,0.14,0.2,882,0.06,A剤流圧(Mpa)
1,2026-02-17,0.16852813852813853,0.008613052471868148,0.14,0.18,462,0.03999999999999998,A剤流圧(Mpa)
1,2026-02-18,0.16896995708154508,0.008360889415971923,0.15,0.19,466,0.04000000000000001,A剤流圧(Mpa)
1,2026-02-19,0.1675449101796407,0.00785878355993574,0.14,0.19,501,0.04999999999999999,A剤流圧(Mpa)
1,2026-02-20,0.16864229765013056,0.008727100892904927,0.14,0.19,383,0.04999999999999999,A剤流圧(Mpa)
1,2026-02-24,0.1588421052631579,0.007149779553590242,0.14,0.2,285,0.06,A剤流圧(Mpa)
1,2026-02-25,0.1643485915492958,0.008744761987058241,0.14,0.19,568,0.04999999999999999,A剤流圧(Mpa)
1,2026-02-26,0.16459770114942532,0.008203151819406588,0.14,0.18,435,0.03999999999999998,A剤流圧(Mpa)
1,2026-02-27,0.16145610278372594,0.009312164975920946,0.13,0.18,467,0.04999999999999999,A剤流圧(Mpa)
1,2026-03-02,0.16684647302904565,0.010635389771942672,0.14,0.22,482,0.07999999999999999,A剤流圧(Mpa)
1,2026-03-03,0.16134065934065933,0.007976037598693116,0.14,0.18,455,0.03999999999999998,A剤流圧(Mpa)
1,2026-03-04,0.1630453563714903,0.008323290162307893,0.14,0.18,463,0.03999999999999998,A剤流圧(Mpa)
1,2026-03-05,0.16383771929824564,0.007953711032126592,0.14,0.19,456,0.04999999999999999,A剤流圧(Mpa)
1,2026-03-06,0.16117021276595744,0.008369961390949065,0.13,0.18,470,0.04999999999999999,A剤流圧(Mpa)
1,2026-03-09,0.1711883408071749,0.0073546101680537265,0.15,0.21,446,0.06,A剤流圧(Mpa)
1,2026-03-10,0.1646813186813187,0.008200245941405676,0.14,0.19,455,0.04999999999999999,A剤流圧(Mpa)
1,2026-03-11,0.16684759916492695,0.008276077681918828,0.14,0.19,479,0.04999999999999999,A剤流圧(Mpa)
1,2026-03-18,0.16296296296296298,0.004653216269680759,0.16,0.17,27,0.010000000000000009,A剤流圧(Mpa)
1,2026-03-19,0.1615952380952381,0.008208382477845574,0.13,0.19,420,0.06,A剤流圧(Mpa)
1,2026-03-24,0.16892857142857146,0.0031209389196617996,0.16,0.17,56,0.010000000000000009,A剤流圧(Mpa)
1,2026-03-25,0.16204588910133844,0.007442100734089601,0.14,0.19,523,0.04999999999999999,A剤流圧(Mpa)
1,2026-03-26,0.16080645161290325,0.008518115722565129,0.14,0.18,434,0.03999999999999998,A剤流圧(Mpa)
1,2026-03-27,0.1618340611353712,0.007345697716158327,0.14,0.19,458,0.04999999999999999,A剤流圧(Mpa)
1,2026-04-01,0.1679166666666667,0.004148511169990538,0.16,0.17,24,0.010000000000000009,A剤流圧(Mpa)
1,2026-04-02,0.17066805845511482,0.007401546442275525,0.15,0.19,479,0.04000000000000001,A剤流圧(Mpa)
1,2026-04-03,0.16806306306306307,0.0062553334776818655,0.15,0.18,444,0.03,A剤流圧(Mpa)
1,2026-04-06,0.17004555808656038,0.009861956889719069,0.13,0.2,439,0.07,A剤流圧(Mpa)
1,2026-04-07,0.17376569037656905,0.008690069674516843,0.15,0.19,478,0.04000000000000001,A剤流圧(Mpa)
1,2026-04-08,0.16988610478359908,0.008037342247850736,0.15,0.19,439,0.04000000000000001,A剤流圧(Mpa)
1,2026-04-09,0.17166666666666666,0.007701608608634922,0.15,0.19,468,0.04000000000000001,A剤流圧(Mpa)
1,2026-04-10,0.1724869109947644,0.007306099733793764,0.15,0.19,382,0.04000000000000001,A剤流圧(Mpa)
1,2026-04-14,0.19437500000000002,0.009482581654734631,0.17,0.2,32,0.03,A剤流圧(Mpa)
1,2026-04-15,0.1952479338842975,0.008878084765143271,0.16,0.22,484,0.06,A剤流圧(Mpa)
1,2026-04-16,0.1988185654008439,0.009049826441104115,0.16,0.22,474,0.06,A剤流圧(Mpa)
1,2026-04-17,0.197590618336887,0.008083088645606968,0.17,0.22,469,0.04999999999999999,A剤流圧(Mpa)
1,2026-04-20,0.19687378640776698,0.00769895592958236,0.17,0.22,515,0.04999999999999999,A剤流圧(Mpa)
1,2026-04-21,0.20866666666666667,0.007906021501579461,0.18,0.24,645,0.06,A剤流圧(Mpa)
2,2026-01-05,0.17404761904761906,0.011699389979828697,0.15,0.2,42,0.05000000000000002,A剤流圧(Mpa)
2,2026-01-06,0.17208333333333334,0.009770927002733852,0.16,0.2,24,0.04000000000000001,A剤流圧(Mpa)
2,2026-01-07,0.17500000000000002,0.011547005383792514,0.15,0.19,16,0.04000000000000001,A剤流圧(Mpa)
2,2026-01-08,0.16193548387096776,0.010138821377494084,0.14,0.18,31,0.03999999999999998,A剤流圧(Mpa)
2,2026-01-09,0.17266666666666666,0.01032795558988645,0.15,0.19,15,0.04000000000000001,A剤流圧(Mpa)
2,2026-01-10,0.17538461538461536,0.00660225291773524,0.16,0.18,13,0.01999999999999999,A剤流圧(Mpa)
2,2026-01-13,0.17875,0.004484272031464403,0.16,0.18,24,0.01999999999999999,A剤流圧(Mpa)
2,2026-02-06,0.17250000000000001,0.008032193289024995,0.15,0.19,32,0.04000000000000001,A剤流圧(Mpa)
2,2026-02-09,0.18714285714285714,0.012128064441201954,0.16,0.21,28,0.04999999999999999,A剤流圧(Mpa)
2,2026-02-10,0.17888888888888888,0.0058298308813013715,0.16,0.19,18,0.03,A剤流圧(Mpa)
2,2026-02-12,0.18172413793103448,0.00928476690885259,0.16,0.19,29,0.03,A剤流圧(Mpa)
2,2026-02-13,0.16944444444444445,0.00235702260395516,0.16,0.17,18,0.010000000000000009,A剤流圧(Mpa)
2,2026-02-16,0.15928571428571428,0.005986998901299038,0.15,0.17,56,0.020000000000000018,A剤流圧(Mpa)
2,2026-02-17,0.16516129032258065,0.008513114487634359,0.15,0.18,31,0.03,A剤流圧(Mpa)
2,2026-02-18,0.1686666666666667,0.009904304018720243,0.16,0.19,15,0.03,A剤流圧(Mpa)
2,2026-02-19,0.16842105263157894,0.008983415518941837,0.15,0.18,19,0.03,A剤流圧(Mpa)
2,2026-02-20,0.1686666666666667,0.012459458063579452,0.14,0.18,15,0.03999999999999998,A剤流圧(Mpa)
2,2026-02-24,0.1619047619047619,0.006796357567879735,0.14,0.17,21,0.03,A剤流圧(Mpa)
2,2026-02-25,0.16557377049180327,0.009920448606108901,0.14,0.18,61,0.03999999999999998,A剤流圧(Mpa)
2,2026-02-26,0.1688235294117647,0.009275204136012627,0.16,0.18,17,0.01999999999999999,A剤流圧(Mpa)
2,2026-02-27,0.17130434782608694,0.00967863055024124,0.15,0.18,23,0.03,A剤流圧(Mpa)
2,2026-03-02,0.16545454545454547,0.008201995322647253,0.15,0.17,11,0.020000000000000018,A剤流圧(Mpa)
2,2026-03-03,0.165,0.010677078252031303,0.14,0.18,26,0.03999999999999998,A剤流圧(Mpa)
2,2026-03-04,0.16818181818181818,0.0113960576459638,0.15,0.18,22,0.03,A剤流圧(Mpa)
2,2026-03-05,0.17055555555555554,0.01055641551364534,0.15,0.18,18,0.03,A剤流圧(Mpa)
2,2026-03-06,0.16166666666666665,0.009374368665610927,0.15,0.18,12,0.03,A剤流圧(Mpa)
2,2026-03-09,0.1736842105263158,0.005972647203701469,0.16,0.18,19,0.01999999999999999,A剤流圧(Mpa)
2,2026-03-10,0.1731578947368421,0.010568628408301077,0.15,0.18,19,0.03,A剤流圧(Mpa)
2,2026-03-11,0.16142857142857145,0.0036313651960128207,0.16,0.17,14,0.010000000000000009,A剤流圧(Mpa)
2,2026-03-19,0.1623529411764706,0.005622957145383875,0.15,0.17,17,0.020000000000000018,A剤流圧(Mpa)
2,2026-03-25,0.16238095238095238,0.009830148699846395,0.14,0.18,42,0.03999999999999998,A剤流圧(Mpa)
2,2026-03-26,0.16333333333333333,0.008876253645985932,0.15,0.18,12,0.03,A剤流圧(Mpa)
2,2026-03-27,0.1611764705882353,0.006002450479987814,0.15,0.17,17,0.020000000000000018,A剤流圧(Mpa)
2,2026-04-02,0.17733333333333334,0.010327955589886447,0.15,0.19,15,0.04000000000000001,A剤流圧(Mpa)
2,2026-04-03,0.16736842105263158,0.009334586382051254,0.15,0.18,19,0.03,A剤流圧(Mpa)
2,2026-04-06,0.1630769230769231,0.010315534712764836,0.15,0.19,13,0.04000000000000001,A剤流圧(Mpa)
2,2026-04-07,0.1711764705882353,0.014950900031928038,0.15,0.19,17,0.04000000000000001,A剤流圧(Mpa)
2,2026-04-08,0.17962962962962964,0.010554430889252689,0.16,0.19,27,0.03,A剤流圧(Mpa)
2,2026-04-09,0.1731578947368421,0.011572300058975787,0.15,0.19,19,0.04000000000000001,A剤流圧(Mpa)
2,2026-04-10,0.1685714285714286,0.0036313651960128202,0.16,0.17,14,0.010000000000000009,A剤流圧(Mpa)
2,2026-04-15,0.1941176470588235,0.010036697371030315,0.18,0.21,17,0.03,A剤流圧(Mpa)
2,2026-04-16,0.19615384615384618,0.00767947647788305,0.18,0.21,13,0.03,A剤流圧(Mpa)
2,2026-04-17,0.19421052631578947,0.010706067580626226,0.18,0.21,19,0.03,A剤流圧(Mpa)
2,2026-04-20,0.1975,0.006215815605080614,0.19,0.21,12,0.01999999999999999,A剤流圧(Mpa)
2,2026-04-21,0.2063333333333333,0.007183954022841372,0.19,0.21,30,0.01999999999999999,A剤流圧(Mpa)
3,2026-01-05,0.18000000000000002,0.016733200530681506,0.16,0.2,6,0.04000000000000001,A剤流圧(Mpa)
3,2026-01-06,0.17,0.0,0.17,0.17,4,0.0,A剤流圧(Mpa)
3,2026-01-07,0.17666666666666667,0.010327955589886448,0.17,0.19,6,0.01999999999999999,A剤流圧(Mpa)
3,2026-01-08,0.16833333333333333,0.004082482904638634,0.16,0.17,6,0.010000000000000009,A剤流圧(Mpa)
3,2026-01-09,0.178,0.004472135954999578,0.17,0.18,5,0.009999999999999981,A剤流圧(Mpa)
3,2026-01-10,0.17666666666666667,0.005773502691896247,0.17,0.18,3,0.009999999999999981,A剤流圧(Mpa)
3,2026-01-13,0.20500000000000002,0.007071067811865472,0.2,0.21,2,0.009999999999999981,A剤流圧(Mpa)
3,2026-02-12,0.17250000000000001,0.004999999999999991,0.17,0.18,4,0.009999999999999981,A剤流圧(Mpa)
3,2026-02-13,0.16333333333333333,0.011547005383792521,0.15,0.17,3,0.020000000000000018,A剤流圧(Mpa)
3,2026-02-16,0.172,0.013984117975602018,0.15,0.19,10,0.04000000000000001,A剤流圧(Mpa)
3,2026-02-17,0.168,0.004472135954999583,0.16,0.17,5,0.010000000000000009,A剤流圧(Mpa)
3,2026-02-18,0.17333333333333334,0.009999999999999997,0.16,0.19,9,0.03,A剤流圧(Mpa)
3,2026-04-02,0.17,0.016329931618554512,0.15,0.19,4,0.04000000000000001,A剤流圧(Mpa)
3,2026-04-03,0.18,,0.18,0.18,1,0.0,A剤流圧(Mpa)
6,2025-12-26,0.15,0.0,0.15,0.15,13,0.0,A剤流圧(Mpa)
6,2026-01-05,0.1573684210526316,0.0077232844572123335,0.14,0.17,76,0.03,A剤流圧(Mpa)
6,2026-01-06,0.15014492753623188,0.009925124628523867,0.13,0.17,69,0.04000000000000001,A剤流圧(Mpa)
6,2026-01-07,0.15166666666666667,0.006916321120039021,0.13,0.16,78,0.03,A剤流圧(Mpa)
6,2026-01-08,0.1498360655737705,0.005320339362198778,0.13,0.16,61,0.03,A剤流圧(Mpa)
6,2026-01-09,0.1556060606060606,0.00806298052903857,0.13,0.17,66,0.04000000000000001,A剤流圧(Mpa)
6,2026-01-10,0.16033333333333336,0.007122812876724773,0.14,0.17,60,0.03,A剤流圧(Mpa)
6,2026-01-13,0.15951612903225806,0.007981006008086355,0.14,0.18,62,0.03999999999999998,A剤流圧(Mpa)
6,2026-02-06,0.1508974358974359,0.008403137545745678,0.13,0.17,78,0.04000000000000001,A剤流圧(Mpa)
6,2026-02-09,0.1627049180327869,0.01068225416873505,0.14,0.19,122,0.04999999999999999,A剤流圧(Mpa)
6,2026-02-10,0.15987500000000002,0.007025045610014554,0.14,0.18,80,0.03999999999999998,A剤流圧(Mpa)
6,2026-02-12,0.15563218390804598,0.008310983126196572,0.13,0.17,87,0.04000000000000001,A剤流圧(Mpa)
6,2026-02-13,0.1521590909090909,0.007183772203522343,0.13,0.16,88,0.03,A剤流圧(Mpa)
6,2026-02-16,0.1515068493150685,0.008736958024505151,0.13,0.18,146,0.04999999999999999,A剤流圧(Mpa)
6,2026-02-17,0.1501470588235294,0.009540588401208009,0.12,0.16,68,0.04000000000000001,A剤流圧(Mpa)
6,2026-02-18,0.15,0.008528028654224414,0.13,0.16,78,0.03,A剤流圧(Mpa)
6,2026-02-19,0.14940298507462688,0.0071521552197678535,0.13,0.16,67,0.03,A剤流圧(Mpa)
6,2026-02-20,0.149873417721519,0.008242116806468877,0.13,0.17,79,0.04000000000000001,A剤流圧(Mpa)
6,2026-02-24,0.14472222222222222,0.005599036198240391,0.13,0.15,36,0.01999999999999999,A剤流圧(Mpa)
6,2026-02-25,0.1476595744680851,0.0069445626467481624,0.12,0.15,94,0.03,A剤流圧(Mpa)
6,2026-02-26,0.1478787878787879,0.007341169790487999,0.12,0.16,66,0.04000000000000001,A剤流圧(Mpa)
6,2026-02-27,0.14529411764705882,0.00879839557566505,0.12,0.15,51,0.03,A剤流圧(Mpa)
6,2026-03-02,0.14755102040816326,0.006624013211068358,0.12,0.15,49,0.03,A剤流圧(Mpa)
6,2026-03-03,0.144375,0.008521681032463466,0.12,0.16,64,0.04000000000000001,A剤流圧(Mpa)
6,2026-03-04,0.14400000000000002,0.007507571935295477,0.12,0.16,45,0.04000000000000001,A剤流圧(Mpa)
6,2026-03-05,0.146,0.007824607964359508,0.13,0.16,50,0.03,A剤流圧(Mpa)
6,2026-03-06,0.1451219512195122,0.007457194921521156,0.13,0.16,41,0.03,A剤流圧(Mpa)
6,2026-03-09,0.1515,0.0066216428358945745,0.13,0.16,40,0.03,A剤流圧(Mpa)
6,2026-03-10,0.14823529411764705,0.008337788470424278,0.13,0.16,34,0.03,A剤流圧(Mpa)
6,2026-03-11,0.14727272727272725,0.005440432764778559,0.13,0.15,44,0.01999999999999999,A剤流圧(Mpa)
6,2026-03-19,0.1469090909090909,0.006631218890450234,0.13,0.16,55,0.03,A剤流圧(Mpa)
6,2026-03-25,0.14727272727272728,0.007135060680126752,0.13,0.16,66,0.03,A剤流圧(Mpa)
6,2026-03-26,0.1442,0.0083519519898534,0.12,0.16,50,0.04000000000000001,A剤流圧(Mpa)
6,2026-03-27,0.14591836734693878,0.0070469755175946325,0.12,0.15,49,0.03,A剤流圧(Mpa)
6,2026-04-02,0.15063492063492065,0.007377606892573059,0.13,0.17,63,0.04000000000000001,A剤流圧(Mpa)
6,2026-04-03,0.14871428571428572,0.007598899342768811,0.12,0.16,70,0.04000000000000001,A剤流圧(Mpa)
6,2026-04-06,0.149,0.011940021045379372,0.12,0.17,40,0.05000000000000002,A剤流圧(Mpa)
6,2026-04-07,0.15381818181818183,0.008921656774162505,0.13,0.17,55,0.04000000000000001,A剤流圧(Mpa)
6,2026-04-08,0.15342105263157896,0.007807243964516519,0.13,0.17,38,0.04000000000000001,A剤流圧(Mpa)
6,2026-04-09,0.15031746031746032,0.0047411220831434855,0.13,0.16,63,0.03,A剤流圧(Mpa)
6,2026-04-10,0.15193548387096775,0.005427924611801258,0.14,0.16,31,0.01999999999999999,A剤流圧(Mpa)
6,2026-04-15,0.17076923076923078,0.007966275068156899,0.14,0.19,65,0.04999999999999999,A剤流圧(Mpa)
6,2026-04-16,0.17339285714285715,0.009395702250455827,0.15,0.19,56,0.04000000000000001,A剤流圧(Mpa)
6,2026-04-17,0.17022222222222222,0.009412006087219588,0.14,0.18,45,0.03999999999999998,A剤流圧(Mpa)
6,2026-04-20,0.17084745762711864,0.0070192188368842,0.15,0.18,59,0.03,A剤流圧(Mpa)
6,2026-04-21,0.18128712871287128,0.008205286873307195,0.15,0.2,101,0.05000000000000002,A剤流圧(Mpa)
7,2025-12-26,0.1688888888888889,0.0033333333333333366,0.16,0.17,9,0.010000000000000009,A剤流圧(Mpa)
7,2026-01-05,0.17950354609929078,0.014703072620313647,0.16,0.22,141,0.06,A剤流圧(Mpa)
7,2026-01-06,0.16670886075949368,0.008581661871710144,0.15,0.18,79,0.03,A剤流圧(Mpa)
7,2026-01-07,0.16969465648854962,0.006672438292386629,0.15,0.18,131,0.03,A剤流圧(Mpa)
7,2026-01-08,0.16714285714285715,0.006149892001825832,0.14,0.18,140,0.03999999999999998,A剤流圧(Mpa)
7,2026-01-09,0.17388429752066115,0.006373369180484037,0.16,0.18,121,0.01999999999999999,A剤流圧(Mpa)
7,2026-01-10,0.17558333333333334,0.007310155631047806,0.15,0.19,120,0.04000000000000001,A剤流圧(Mpa)
7,2026-01-13,0.17966666666666667,0.001825741858350549,0.17,0.18,30,0.009999999999999981,A剤流圧(Mpa)
7,2026-02-05,0.18,0.0,0.18,0.18,19,0.0,A剤流圧(Mpa)
7,2026-02-06,0.17981481481481484,0.016653034257007322,0.15,0.2,54,0.05000000000000002,A剤流圧(Mpa)
7,2026-02-09,0.19007042253521125,0.017924050915979834,0.15,0.23,142,0.08000000000000002,A剤流圧(Mpa)
7,2026-02-10,0.18340659340659343,0.010024390280131811,0.16,0.21,91,0.04999999999999999,A剤流圧(Mpa)
7,2026-02-12,0.17222222222222222,0.0077318114092514885,0.15,0.18,72,0.03,A剤流圧(Mpa)
7,2026-02-13,0.17753623188405798,0.012649784594939944,0.15,0.2,69,0.05000000000000002,A剤流圧(Mpa)
7,2026-02-16,0.1694949494949495,0.008231885188326028,0.15,0.19,198,0.04000000000000001,A剤流圧(Mpa)
7,2026-02-17,0.16988372093023257,0.009138694210561212,0.15,0.19,86,0.04000000000000001,A剤流圧(Mpa)
7,2026-02-18,0.16631578947368422,0.006977407149243611,0.15,0.17,57,0.020000000000000018,A剤流圧(Mpa)
7,2026-02-19,0.16994152046783628,0.007933330731673042,0.15,0.18,171,0.03,A剤流圧(Mpa)
7,2026-02-20,0.1724031007751938,0.01254835607998423,0.15,0.2,129,0.05000000000000002,A剤流圧(Mpa)
7,2026-02-24,0.16049586776859506,0.008046866850874478,0.14,0.2,121,0.06,A剤流圧(Mpa)
7,2026-02-25,0.17097222222222222,0.01291821744205994,0.14,0.19,144,0.04999999999999999,A剤流圧(Mpa)
7,2026-02-26,0.16842105263157894,0.010243398442223006,0.14,0.19,95,0.04999999999999999,A剤流圧(Mpa)
7,2026-02-27,0.16746478873239437,0.012388740263314562,0.13,0.19,71,0.06,A剤流圧(Mpa)
7,2026-03-02,0.16684684684684684,0.007975186744121017,0.14,0.19,111,0.04999999999999999,A剤流圧(Mpa)
7,2026-03-03,0.16472222222222221,0.015374352555828268,0.14,0.19,108,0.04999999999999999,A剤流圧(Mpa)
7,2026-03-04,0.1638235294117647,0.010994518674560746,0.14,0.19,102,0.04999999999999999,A剤流圧(Mpa)
7,2026-03-05,0.161078431372549,0.007022856988955625,0.14,0.17,102,0.03,A剤流圧(Mpa)
7,2026-03-06,0.16155555555555556,0.011209056441873382,0.14,0.19,90,0.04999999999999999,A剤流圧(Mpa)
7,2026-03-09,0.17200000000000001,0.012202768662283573,0.14,0.21,120,0.06999999999999998,A剤流圧(Mpa)
7,2026-03-10,0.16328571428571428,0.010456456097554395,0.14,0.19,70,0.04999999999999999,A剤流圧(Mpa)
7,2026-03-11,0.16733333333333333,0.008843203446207206,0.15,0.18,90,0.03,A剤流圧(Mpa)
7,2026-03-18,0.16666666666666666,0.005773502691896261,0.16,0.17,3,0.010000000000000009,A剤流圧(Mpa)
7,2026-03-19,0.16454545454545455,0.011980845957463071,0.13,0.19,77,0.06,A剤流圧(Mpa)
7,2026-03-24,0.17,0.0,0.17,0.17,12,0.0,A剤流圧(Mpa)
7,2026-03-25,0.16375,0.011206224618428606,0.14,0.19,152,0.04999999999999999,A剤流圧(Mpa)
7,2026-03-26,0.16238805970149256,0.011945526896912783,0.14,0.19,67,0.04999999999999999,A剤流圧(Mpa)
7,2026-03-27,0.16627272727272727,0.010303565866143812,0.14,0.19,110,0.04999999999999999,A剤流圧(Mpa)
7,2026-04-02,0.16975,0.008109222753808522,0.15,0.18,80,0.03,A剤流圧(Mpa)
7,2026-04-03,0.16658227848101265,0.006382282356281357,0.15,0.17,79,0.020000000000000018,A剤流圧(Mpa)
7,2026-04-06,0.16559322033898308,0.008360660434372965,0.14,0.18,59,0.03999999999999998,A剤流圧(Mpa)
7,2026-04-07,0.17,0.008870655251454883,0.15,0.18,62,0.03,A剤流圧(Mpa)
7,2026-04-08,0.1677142857142857,0.006846437468066211,0.15,0.18,70,0.03,A剤流圧(Mpa)
7,2026-04-09,0.16916666666666666,0.006186827632817334,0.15,0.18,60,0.03,A剤流圧(Mpa)
7,2026-04-10,0.17035714285714287,0.005381546149671016,0.15,0.18,56,0.03,A剤流圧(Mpa)
7,2026-04-15,0.19196721311475412,0.0060054619947587555,0.17,0.2,61,0.03,A剤流圧(Mpa)
7,2026-04-16,0.19742424242424245,0.00864880713173006,0.17,0.22,66,0.04999999999999999,A剤流圧(Mpa)
7,2026-04-17,0.19516666666666668,0.006241378234003039,0.17,0.2,60,0.03,A剤流圧(Mpa)
7,2026-04-20,0.19448979591836738,0.008180572639337852,0.17,0.2,49,0.03,A剤流圧(Mpa)
7,2026-04-21,0.20759493670886073,0.007199570833615747,0.18,0.21,79,0.03,A剤流圧(Mpa)
8,2026-01-05,0.17737704918032787,0.012517972447481596,0.15,0.21,122,0.06,A剤流圧(Mpa)
8,2026-01-06,0.17149122807017544,0.00854270440074433,0.15,0.19,114,0.04000000000000001,A剤流圧(Mpa)
8,2026-01-07,0.17300653594771243,0.008513531591427752,0.15,0.19,153,0.04000000000000001,A剤流圧(Mpa)
8,2026-01-08,0.1684166666666667,0.007217606080620773,0.15,0.19,120,0.04000000000000001,A剤流圧(Mpa)
8,2026-01-09,0.1738144329896907,0.00796388972292437,0.15,0.19,97,0.04000000000000001,A剤流圧(Mpa)
8,2026-01-10,0.18057692307692308,0.008570317151173273,0.16,0.21,104,0.04999999999999999,A剤流圧(Mpa)
8,2026-01-13,0.18481481481481482,0.011221672153735648,0.16,0.2,27,0.04000000000000001,A剤流圧(Mpa)
8,2026-02-05,0.18,0.0,0.18,0.18,20,0.0,A剤流圧(Mpa)
8,2026-02-06,0.177,0.013907469989864692,0.15,0.2,80,0.05000000000000002,A剤流圧(Mpa)
8,2026-02-09,0.19672131147540983,0.01726998174116572,0.16,0.22,122,0.06,A剤流圧(Mpa)
8,2026-02-10,0.18298076923076925,0.009230574742785574,0.17,0.21,104,0.03999999999999998,A剤流圧(Mpa)
8,2026-02-12,0.18421052631578946,0.014671967946726353,0.15,0.22,152,0.07,A剤流圧(Mpa)
8,2026-02-13,0.17760330578512398,0.013479910570204638,0.15,0.2,121,0.05000000000000002,A剤流圧(Mpa)
8,2026-02-16,0.16814814814814816,0.012321884899682403,0.14,0.19,162,0.04999999999999999,A剤流圧(Mpa)
8,2026-02-17,0.17464912280701755,0.008112028058612894,0.15,0.18,114,0.03,A剤流圧(Mpa)
8,2026-02-18,0.17739726027397262,0.011669927789488332,0.15,0.2,73,0.05000000000000002,A剤流圧(Mpa)
8,2026-02-19,0.1765625,0.012789877827515273,0.14,0.2,160,0.06,A剤流圧(Mpa)
8,2026-02-20,0.17069444444444445,0.009689022231354786,0.15,0.19,72,0.04000000000000001,A剤流圧(Mpa)
8,2026-02-24,0.1612871287128713,0.008082495448391342,0.14,0.18,101,0.03999999999999998,A剤流圧(Mpa)
8,2026-02-25,0.1704032258064516,0.011362410824885483,0.14,0.19,124,0.04999999999999999,A剤流圧(Mpa)
8,2026-02-26,0.1655813953488372,0.010583522282890908,0.14,0.19,86,0.04999999999999999,A剤流圧(Mpa)
8,2026-02-27,0.17287234042553193,0.012148042049906863,0.15,0.19,94,0.04000000000000001,A剤流圧(Mpa)
8,2026-03-02,0.1705,0.006731749824243505,0.15,0.18,80,0.03,A剤流圧(Mpa)
8,2026-03-03,0.1659,0.01120019841094094,0.14,0.19,100,0.04999999999999999,A剤流圧(Mpa)
8,2026-03-04,0.16877777777777778,0.01099824069463061,0.14,0.19,90,0.04999999999999999,A剤流圧(Mpa)
8,2026-03-05,0.17120000000000002,0.013202387295600384,0.14,0.19,100,0.04999999999999999,A剤流圧(Mpa)
8,2026-03-06,0.16549019607843135,0.010062549476190622,0.15,0.19,51,0.04000000000000001,A剤流圧(Mpa)
8,2026-03-09,0.1769642857142857,0.01003051970793768,0.15,0.2,112,0.05000000000000002,A剤流圧(Mpa)
8,2026-03-10,0.16637254901960782,0.009204950851082284,0.14,0.19,102,0.04999999999999999,A剤流圧(Mpa)
8,2026-03-11,0.16733333333333336,0.0077823500147071595,0.14,0.18,60,0.03999999999999998,A剤流圧(Mpa)
8,2026-03-18,0.16964285714285715,0.0018898223650461387,0.16,0.17,28,0.010000000000000009,A剤流圧(Mpa)
8,2026-03-19,0.16,0.007630717404102044,0.14,0.18,80,0.03999999999999998,A剤流圧(Mpa)
8,2026-03-24,0.169,0.003038218101251007,0.16,0.17,40,0.010000000000000009,A剤流圧(Mpa)
8,2026-03-25,0.1667539267015707,0.012521021178081586,0.14,0.19,191,0.04999999999999999,A剤流圧(Mpa)
8,2026-03-26,0.1654867256637168,0.01117963314329724,0.14,0.19,113,0.04999999999999999,A剤流圧(Mpa)
8,2026-03-27,0.16366666666666668,0.009651221032373591,0.14,0.19,90,0.04999999999999999,A剤流圧(Mpa)
8,2026-04-02,0.17316666666666666,0.009295828600965651,0.15,0.18,60,0.03,A剤流圧(Mpa)
8,2026-04-03,0.1693421052631579,0.006394899283186971,0.15,0.18,76,0.03,A剤流圧(Mpa)
8,2026-04-06,0.16947368421052633,0.011426771574798397,0.15,0.2,95,0.05000000000000002,A剤流圧(Mpa)
8,2026-04-07,0.17433333333333334,0.009806028354557999,0.15,0.19,60,0.04000000000000001,A剤流圧(Mpa)
8,2026-04-08,0.1737704918032787,0.0105141070989139,0.15,0.19,61,0.04000000000000001,A剤流圧(Mpa)
8,2026-04-09,0.17166666666666666,0.006916321120039007,0.15,0.18,78,0.03,A剤流圧(Mpa)
8,2026-04-10,0.17714285714285716,0.006357524554958375,0.16,0.19,42,0.03,A剤流圧(Mpa)
8,2026-04-15,0.19749999999999998,0.011442561050299472,0.17,0.22,60,0.04999999999999999,A剤流圧(Mpa)
8,2026-04-16,0.20122222222222222,0.00934095461976393,0.17,0.22,90,0.04999999999999999,A剤流圧(Mpa)
8,2026-04-17,0.19596153846153846,0.008420874521523538,0.17,0.21,104,0.03999999999999998,A剤流圧(Mpa)
8,2026-04-20,0.1988793103448276,0.00799690719826304,0.17,0.22,116,0.04999999999999999,A剤流圧(Mpa)
8,2026-04-21,0.2101578947368421,0.007380534658187905,0.18,0.22,190,0.04000000000000001,A剤流圧(Mpa)
9,2026-01-05,0.17350000000000002,0.005795665931516725,0.16,0.18,40,0.01999999999999999,A剤流圧(Mpa)
9,2026-01-06,0.16783783783783784,0.007984620537259625,0.15,0.18,74,0.03,A剤流圧(Mpa)
9,2026-01-07,0.1682857142857143,0.006131748827642913,0.15,0.18,70,0.03,A剤流圧(Mpa)
9,2026-01-08,0.1660655737704918,0.006397574677065826,0.14,0.17,61,0.03,A剤流圧(Mpa)
9,2026-01-09,0.17267605633802816,0.006960654008450082,0.15,0.18,71,0.03,A剤流圧(Mpa)
9,2026-01-10,0.1753333333333333,0.00650076049440753,0.16,0.18,60,0.01999999999999999,A剤流圧(Mpa)
9,2026-01-13,0.18,0.0,0.18,0.18,4,0.0,A剤流圧(Mpa)
9,2026-02-05,0.16499999999999998,0.021213203435596434,0.15,0.18,2,0.03,A剤流圧(Mpa)
9,2026-02-06,0.17403508771929824,0.01613112000393816,0.15,0.2,57,0.05000000000000002,A剤流圧(Mpa)
9,2026-02-09,0.19808988764044944,0.01851758405692853,0.18,0.23,89,0.05000000000000002,A剤流圧(Mpa)
9,2026-02-10,0.18,0.009363291775690464,0.15,0.21,74,0.06,A剤流圧(Mpa)
9,2026-02-12,0.1786764705882353,0.01786386428124731,0.15,0.22,68,0.07,A剤流圧(Mpa)
9,2026-02-13,0.1729166666666667,0.012196674351979199,0.15,0.2,48,0.05000000000000002,A剤流圧(Mpa)
9,2026-02-16,0.1645,0.005932105310741011,0.15,0.17,80,0.020000000000000018,A剤流圧(Mpa)
9,2026-02-17,0.16915492957746478,0.007699068380235445,0.15,0.18,71,0.03,A剤流圧(Mpa)
9,2026-02-18,0.17028985507246377,0.007469745741942999,0.15,0.18,69,0.03,A剤流圧(Mpa)
9,2026-02-19,0.1719277108433735,0.010871514728902068,0.15,0.2,83,0.05000000000000002,A剤流圧(Mpa)
9,2026-02-20,0.1655,0.007461766955734742,0.14,0.17,60,0.03,A剤流圧(Mpa)
9,2026-02-24,0.16377777777777777,0.012484333616921072,0.14,0.2,45,0.06,A剤流圧(Mpa)
9,2026-02-25,0.17611940298507464,0.008520069689677454,0.15,0.19,67,0.04000000000000001,A剤流圧(Mpa)
9,2026-02-26,0.16725274725274725,0.008827474039854108,0.15,0.19,91,0.04000000000000001,A剤流圧(Mpa)
9,2026-02-27,0.1625,0.006304251719561146,0.14,0.17,40,0.03,A剤流圧(Mpa)
9,2026-03-02,0.166,0.00813676204344973,0.14,0.17,30,0.03,A剤流圧(Mpa)
9,2026-03-03,0.15825,0.0050064061525312235,0.14,0.16,40,0.01999999999999999,A剤流圧(Mpa)
9,2026-03-04,0.16424242424242425,0.010821716920598001,0.14,0.19,66,0.04999999999999999,A剤流圧(Mpa)
9,2026-03-05,0.16625,0.010615950861718088,0.14,0.19,64,0.04999999999999999,A剤流圧(Mpa)
9,2026-03-06,0.16060000000000002,0.005858884758402827,0.14,0.17,50,0.03,A剤流圧(Mpa)
9,2026-03-09,0.17376811594202898,0.010160686821875884,0.16,0.2,69,0.04000000000000001,A剤流圧(Mpa)
9,2026-03-10,0.1652054794520548,0.012372638836595125,0.14,0.19,73,0.04999999999999999,A剤流圧(Mpa)
9,2026-03-11,0.16836065573770492,0.007784670378132567,0.15,0.18,61,0.03,A剤流圧(Mpa)
9,2026-03-19,0.1607692307692308,0.010260557231008438,0.13,0.18,52,0.04999999999999999,A剤流圧(Mpa)
9,2026-03-25,0.15675,0.007758213287717839,0.14,0.17,80,0.03,A剤流圧(Mpa)
9,2026-03-26,0.16,0.004517539514526262,0.15,0.17,50,0.020000000000000018,A剤流圧(Mpa)
9,2026-03-27,0.15839999999999999,0.005095015571464855,0.14,0.16,50,0.01999999999999999,A剤流圧(Mpa)
9,2026-04-02,0.16825,0.010833826418758736,0.15,0.18,40,0.03,A剤流圧(Mpa)
9,2026-04-03,0.168,0.005345224838248491,0.15,0.17,50,0.020000000000000018,A剤流圧(Mpa)
9,2026-04-06,0.16699999999999998,0.007071067811865483,0.14,0.17,50,0.03,A剤流圧(Mpa)
9,2026-04-07,0.1714754098360656,0.006281206246619221,0.15,0.18,61,0.03,A剤流圧(Mpa)
9,2026-04-08,0.1698,0.0068482084652610655,0.15,0.18,50,0.03,A剤流圧(Mpa)
9,2026-04-09,0.1708,0.005656854249492381,0.15,0.18,50,0.03,A剤流圧(Mpa)
9,2026-04-10,0.17099999999999999,0.005453768398418642,0.16,0.18,40,0.01999999999999999,A剤流圧(Mpa)
9,2026-04-15,0.1903225806451613,0.008360171835451697,0.17,0.2,31,0.03,A剤流圧(Mpa)
9,2026-04-16,0.199,0.008711913446392584,0.17,0.21,40,0.03999999999999998,A剤流圧(Mpa)
9,2026-04-17,0.19433333333333333,0.005683207771559365,0.18,0.2,30,0.020000000000000018,A剤流圧(Mpa)
9,2026-04-20,0.19489795918367347,0.008446510369079412,0.17,0.2,49,0.03,A剤流圧(Mpa)
9,2026-04-21,0.20716666666666667,0.008455600223594005,0.18,0.23,60,0.05000000000000002,A剤流圧(Mpa)
10,2026-01-05,0.15952380952380954,0.00740012869900956,0.15,0.17,21,0.020000000000000018,A剤流圧(Mpa)
10,2026-01-06,0.15571428571428572,0.009258200997725527,0.14,0.17,21,0.03,A剤流圧(Mpa)
10,2026-01-07,0.1527272727272727,0.009351250581921529,0.13,0.17,22,0.04000000000000001,A剤流圧(Mpa)
10,2026-01-08,0.1511111111111111,0.004236592728681625,0.14,0.16,27,0.01999999999999999,A剤流圧(Mpa)
10,2026-01-09,0.15285714285714286,0.011019463300386797,0.13,0.17,21,0.04000000000000001,A剤流圧(Mpa)
10,2026-01-10,0.1568421052631579,0.009459053029269174,0.13,0.17,19,0.04000000000000001,A剤流圧(Mpa)
10,2026-01-13,0.16157894736842104,0.011186876187319188,0.14,0.18,19,0.03999999999999998,A剤流圧(Mpa)
10,2026-02-06,0.154,0.012421180068162398,0.13,0.17,15,0.04000000000000001,A剤流圧(Mpa)
10,2026-02-09,0.16399999999999998,0.01,0.14,0.18,25,0.03999999999999998,A剤流圧(Mpa)
10,2026-02-10,0.16375,0.010246950765959596,0.15,0.19,16,0.04000000000000001,A剤流圧(Mpa)
10,2026-02-12,0.1576923076923077,0.008320502943378442,0.14,0.17,13,0.03,A剤流圧(Mpa)
10,2026-02-13,0.15117647058823527,0.006966305460192359,0.13,0.16,17,0.03,A剤流圧(Mpa)
10,2026-02-16,0.1527272727272727,0.008827348295047492,0.15,0.18,22,0.03,A剤流圧(Mpa)
10,2026-02-17,0.15047619047619049,0.009206622874969126,0.13,0.16,21,0.03,A剤流圧(Mpa)
10,2026-02-18,0.15428571428571428,0.007464200272921798,0.15,0.17,21,0.020000000000000018,A剤流圧(Mpa)
10,2026-02-19,0.14875,0.008062257748298546,0.13,0.17,16,0.04000000000000001,A剤流圧(Mpa)
10,2026-02-20,0.153,0.00948683298050514,0.14,0.17,10,0.03,A剤流圧(Mpa)
10,2026-02-24,0.146,0.0051639777949432095,0.14,0.15,10,0.009999999999999981,A剤流圧(Mpa)
10,2026-02-25,0.1463157894736842,0.009551338658818381,0.13,0.16,19,0.03,A剤流圧(Mpa)
10,2026-02-26,0.15,0.006793662204867566,0.14,0.16,14,0.01999999999999999,A剤流圧(Mpa)
10,2026-02-27,0.14625,0.006191391873668898,0.13,0.15,16,0.01999999999999999,A剤流圧(Mpa)
10,2026-03-02,0.14578947368421052,0.008377078165833905,0.13,0.15,19,0.01999999999999999,A剤流圧(Mpa)
10,2026-03-03,0.14529411764705882,0.007174300539794381,0.13,0.16,17,0.03,A剤流圧(Mpa)
10,2026-03-04,0.14388888888888887,0.010921586228732247,0.12,0.16,18,0.04000000000000001,A剤流圧(Mpa)
10,2026-03-05,0.14545454545454548,0.006875516509523287,0.13,0.15,11,0.01999999999999999,A剤流圧(Mpa)
10,2026-03-06,0.141875,0.009810708435174292,0.12,0.15,16,0.03,A剤流圧(Mpa)
10,2026-03-09,0.15071428571428572,0.007300459115473715,0.14,0.16,14,0.01999999999999999,A剤流圧(Mpa)
10,2026-03-10,0.14416666666666667,0.007929614610987581,0.13,0.15,12,0.01999999999999999,A剤流圧(Mpa)
10,2026-03-11,0.149,0.003077935056255462,0.14,0.15,20,0.009999999999999981,A剤流圧(Mpa)
10,2026-03-19,0.1388888888888889,0.0033333333333333353,0.13,0.14,9,0.010000000000000009,A剤流圧(Mpa)
10,2026-03-25,0.14615384615384613,0.010228166239135176,0.12,0.16,26,0.04000000000000001,A剤流圧(Mpa)
10,2026-03-26,0.14666666666666667,0.011671841502435292,0.12,0.16,24,0.04000000000000001,A剤流圧(Mpa)
10,2026-03-27,0.14315789473684212,0.008200698871944025,0.13,0.15,19,0.01999999999999999,A剤流圧(Mpa)
10,2026-04-02,0.15,0.00426401432711221,0.14,0.16,12,0.01999999999999999,A剤流圧(Mpa)
10,2026-04-03,0.14727272727272725,0.006466697906828624,0.13,0.15,11,0.01999999999999999,A剤流圧(Mpa)
10,2026-04-06,0.14444444444444446,0.01130388330520877,0.12,0.15,9,0.03,A剤流圧(Mpa)
10,2026-04-07,0.1527272727272727,0.004670993664969141,0.15,0.16,11,0.010000000000000009,A剤流圧(Mpa)
10,2026-04-08,0.15153846153846154,0.005547001962252292,0.14,0.16,13,0.01999999999999999,A剤流圧(Mpa)
10,2026-04-09,0.14909090909090908,0.00831209414593633,0.13,0.16,11,0.03,A剤流圧(Mpa)
10,2026-04-10,0.15222222222222223,0.008333333333333331,0.14,0.16,9,0.01999999999999999,A剤流圧(Mpa)
10,2026-04-15,0.17222222222222222,0.012018504251546632,0.15,0.19,9,0.04000000000000001,A剤流圧(Mpa)
10,2026-04-16,0.18000000000000002,0.009999999999999992,0.17,0.19,3,0.01999999999999999,A剤流圧(Mpa)
10,2026-04-17,0.17,0.006666666666666662,0.16,0.18,10,0.01999999999999999,A剤流圧(Mpa)
10,2026-04-20,0.17181818181818184,0.006030226891555254,0.16,0.18,11,0.01999999999999999,A剤流圧(Mpa)
10,2026-04-21,0.18125,0.006123724356957945,0.17,0.19,24,0.01999999999999999,A剤流圧(Mpa)
13,2026-01-05,0.2333333333333333,0.011547005383792509,0.22,0.24,3,0.01999999999999999,A剤流圧(Mpa)
13,2026-01-06,0.24,0.006324555320336752,0.23,0.25,6,0.01999999999999999,A剤流圧(Mpa)
13,2026-01-07,0.24,0.0,0.24,0.24,2,0.0,A剤流圧(Mpa)
13,2026-01-08,0.24,,0.24,0.24,1,0.0,A剤流圧(Mpa)
13,2026-01-09,0.242,0.004472135954999583,0.24,0.25,5,0.010000000000000009,A剤流圧(Mpa)
13,2026-01-10,0.24666666666666667,0.005163977794943227,0.24,0.25,6,0.010000000000000009,A剤流圧(Mpa)
13,2026-01-13,0.25,0.0,0.25,0.25,3,0.0,A剤流圧(Mpa)
13,2026-02-06,0.24666666666666667,0.005773502691896267,0.24,0.25,3,0.010000000000000009,A剤流圧(Mpa)
13,2026-02-09,0.262,0.016431676725154998,0.25,0.28,5,0.030000000000000027,A剤流圧(Mpa)
13,2026-02-10,0.27,,0.27,0.27,1,0.0,A剤流圧(Mpa)
13,2026-02-12,0.255,0.007071067811865481,0.25,0.26,2,0.010000000000000009,A剤流圧(Mpa)
13,2026-02-13,0.24,0.0,0.24,0.24,2,0.0,A剤流圧(Mpa)
13,2026-02-16,0.22,0.0,0.22,0.22,2,0.0,A剤流圧(Mpa)
13,2026-02-17,0.2375,0.004999999999999988,0.23,0.24,4,0.009999999999999981,A剤流圧(Mpa)
13,2026-02-18,0.23,0.0,0.23,0.23,2,0.0,A剤流圧(Mpa)
13,2026-02-19,0.24,0.014142135623730954,0.23,0.25,2,0.01999999999999999,A剤流圧(Mpa)
13,2026-02-20,0.24,0.0,0.24,0.24,2,0.0,A剤流圧(Mpa)
13,2026-02-25,0.235,0.005773502691896249,0.23,0.24,4,0.009999999999999981,A剤流圧(Mpa)
13,2026-02-26,0.236,0.013416407864998744,0.22,0.25,5,0.03,A剤流圧(Mpa)
13,2026-02-27,0.225,0.01000000000000001,0.21,0.23,4,0.020000000000000018,A剤流圧(Mpa)
13,2026-03-02,0.23200000000000004,0.004472135954999567,0.23,0.24,5,0.009999999999999981,A剤流圧(Mpa)
13,2026-03-03,0.225,0.007071067811865481,0.22,0.23,2,0.010000000000000009,A剤流圧(Mpa)
13,2026-03-04,0.2275,0.009574271077563387,0.22,0.24,4,0.01999999999999999,A剤流圧(Mpa)
13,2026-03-05,0.22400000000000003,0.008944271909999168,0.21,0.23,5,0.020000000000000018,A剤流圧(Mpa)
13,2026-03-06,0.22400000000000003,0.005477225575051664,0.22,0.23,5,0.010000000000000009,A剤流圧(Mpa)
13,2026-03-09,0.24,0.0,0.24,0.24,2,0.0,A剤流圧(Mpa)
13,2026-03-10,0.2225,0.0050000000000000044,0.22,0.23,4,0.010000000000000009,A剤流圧(Mpa)
13,2026-03-11,0.236,0.013416407864998729,0.22,0.25,5,0.03,A剤流圧(Mpa)
13,2026-03-19,0.23,0.0,0.23,0.23,2,0.0,A剤流圧(Mpa)
13,2026-03-25,0.23,0.0,0.23,0.23,8,0.0,A剤流圧(Mpa)
13,2026-03-26,0.22,0.014142135623730963,0.21,0.23,2,0.020000000000000018,A剤流圧(Mpa)
13,2026-03-27,0.2333333333333333,0.011547005383792521,0.22,0.24,3,0.01999999999999999,A剤流圧(Mpa)
13,2026-04-02,0.25,0.0,0.25,0.25,2,0.0,A剤流圧(Mpa)
13,2026-04-03,0.23666666666666666,0.005773502691896242,0.23,0.24,3,0.009999999999999981,A剤流圧(Mpa)
13,2026-04-06,0.22,,0.22,0.22,1,0.0,A剤流圧(Mpa)
13,2026-04-08,0.24166666666666667,0.007527726527090806,0.23,0.25,6,0.01999999999999999,A剤流圧(Mpa)
13,2026-04-09,0.24333333333333332,0.005773502691896261,0.24,0.25,3,0.010000000000000009,A剤流圧(Mpa)
13,2026-04-10,0.245,0.007071067811865481,0.24,0.25,2,0.010000000000000009,A剤流圧(Mpa)
13,2026-04-15,0.284,0.011401754250991361,0.27,0.3,5,0.02999999999999997,A剤流圧(Mpa)
13,2026-04-16,0.29,0.0,0.29,0.29,5,0.0,A剤流圧(Mpa)
13,2026-04-17,0.29,0.008164965809277256,0.28,0.3,4,0.019999999999999962,A剤流圧(Mpa)
13,2026-04-20,0.2875,0.004999999999999983,0.28,0.29,4,0.009999999999999953,A剤流圧(Mpa)
13,2026-04-21,0.32,,0.32,0.32,1,0.0,A剤流圧(Mpa)
14,2026-02-17,0.126,0.005163977794943226,0.12,0.13,10,0.010000000000000009,A剤流圧(Mpa)
14,2026-02-18,0.127,0.006749485577105532,0.11,0.13,10,0.020000000000000004,A剤流圧(Mpa)
14,2026-02-24,0.11599999999999999,0.005477225575051659,0.11,0.12,5,0.009999999999999995,A剤流圧(Mpa)
14,2026-02-25,0.11482758620689655,0.008709883407113851,0.1,0.13,29,0.03,A剤流圧(Mpa)
14,2026-02-26,0.11866666666666667,0.005163977794943222,0.1,0.12,15,0.01999999999999999,A剤流圧(Mpa)
14,2026-02-27,0.12,,0.12,0.12,1,0.0,A剤流圧(Mpa)
14,2026-03-02,0.1322222222222222,0.01481365736219264,0.12,0.15,9,0.03,A剤流圧(Mpa)
14,2026-03-03,0.11866666666666667,0.005163977794943219,0.1,0.12,15,0.01999999999999999,A剤流圧(Mpa)
14,2026-03-05,0.119,0.0030779350562554586,0.11,0.12,20,0.009999999999999995,A剤流圧(Mpa)
14,2026-03-06,0.11699999999999999,0.006749485577105527,0.1,0.12,10,0.01999999999999999,A剤流圧(Mpa)
14,2026-03-09,0.122,0.004472135954999583,0.12,0.13,5,0.010000000000000009,A剤流圧(Mpa)
14,2026-03-10,0.13,0.0,0.13,0.13,5,0.0,A剤流圧(Mpa)
14,2026-03-11,0.12,0.0,0.12,0.12,6,0.0,A剤流圧(Mpa)
14,2026-03-25,0.12,0.0,0.12,0.12,10,0.0,A剤流圧(Mpa)
14,2026-03-26,0.11599999999999999,0.005477225575051662,0.11,0.12,5,0.009999999999999995,A剤流圧(Mpa)
14,2026-03-27,0.118,0.004472135954999576,0.11,0.12,5,0.009999999999999995,A剤流圧(Mpa)
14,2026-04-03,0.127,0.004830458915396483,0.12,0.13,10,0.010000000000000009,A剤流圧(Mpa)
14,2026-04-07,0.12,0.0,0.12,0.12,5,0.0,A剤流圧(Mpa)
14,2026-04-08,0.12,0.0,0.12,0.12,5,0.0,A剤流圧(Mpa)
14,2026-04-09,0.128,0.0044721359549995815,0.12,0.13,5,0.010000000000000009,A剤流圧(Mpa)
14,2026-04-15,0.13,0.007071067811865481,0.12,0.14,5,0.020000000000000018,A剤流圧(Mpa)
14,2026-04-16,0.135,0.008498365855987981,0.12,0.14,10,0.020000000000000018,A剤流圧(Mpa)
14,2026-04-17,0.132,0.008366600265340763,0.12,0.14,5,0.020000000000000018,A剤流圧(Mpa)
14,2026-04-20,0.138,0.005231483637805972,0.12,0.14,20,0.020000000000000018,A剤流圧(Mpa)
1,2025-12-26,0.21870967741935485,0.010244327042765665,0.2,0.24,31,0.03999999999999998,B剤流圧(Mpa)
1,2026-01-05,0.24203980099502487,0.013392907936766117,0.21,0.27,402,0.060000000000000026,B剤流圧(Mpa)
1,2026-01-06,0.2416699029126214,0.024493463095821226,0.2,0.29,515,0.08999999999999997,B剤流圧(Mpa)
1,2026-01-07,0.2468795620437956,0.015029772470085585,0.21,0.27,548,0.060000000000000026,B剤流圧(Mpa)
1,2026-01-08,0.2424845995893224,0.025502910125920607,0.21,0.3,487,0.09,B剤流圧(Mpa)
1,2026-01-09,0.23578651685393257,0.015339782790592796,0.2,0.26,534,0.06,B剤流圧(Mpa)
1,2026-01-10,0.23856854838709676,0.016446034759257492,0.2,0.27,496,0.07,B剤流圧(Mpa)
1,2026-01-13,0.23470588235294118,0.011347384731165292,0.21,0.26,527,0.05000000000000002,B剤流圧(Mpa)
1,2026-02-05,0.234,0.005070925528371088,0.23,0.24,15,0.009999999999999981,B剤流圧(Mpa)
1,2026-02-06,0.24997297297297297,0.016003025605673918,0.21,0.28,370,0.07000000000000003,B剤流圧(Mpa)
1,2026-02-09,0.25254054054054054,0.01942856199948775,0.22,0.3,555,0.07999999999999999,B剤流圧(Mpa)
1,2026-02-10,0.2864102564102564,0.039313412359763406,0.23,0.36,468,0.12999999999999998,B剤流圧(Mpa)
1,2026-02-12,0.2532739420935412,0.02089980909871458,0.21,0.29,449,0.07999999999999999,B剤流圧(Mpa)
1,2026-02-13,0.24176470588235294,0.01616232123369819,0.21,0.27,374,0.060000000000000026,B剤流圧(Mpa)
1,2026-02-16,0.24362811791383218,0.011650901212541502,0.22,0.28,882,0.060000000000000026,B剤流圧(Mpa)
1,2026-02-17,0.24982683982683984,0.021615158334328855,0.21,0.3,462,0.09,B剤流圧(Mpa)
1,2026-02-18,0.24188841201716738,0.012609792868345012,0.21,0.27,466,0.060000000000000026,B剤流圧(Mpa)
1,2026-02-19,0.25025948103792417,0.029552200170717254,0.2,0.3,501,0.09999999999999998,B剤流圧(Mpa)
1,2026-02-20,0.2420365535248042,0.0205048511850764,0.21,0.28,383,0.07000000000000003,B剤流圧(Mpa)
1,2026-02-24,0.1725263157894737,0.011380278937826767,0.15,0.24,285,0.09,B剤流圧(Mpa)
1,2026-02-25,0.1794542253521127,0.010467958153324098,0.16,0.2,568,0.04000000000000001,B剤流圧(Mpa)
1,2026-02-26,0.17606896551724138,0.0062176223163194055,0.16,0.19,435,0.03,B剤流圧(Mpa)
1,2026-02-27,0.17888650963597433,0.014098137414699452,0.15,0.21,467,0.06,B剤流圧(Mpa)
1,2026-03-02,0.18545643153526972,0.01264825471449502,0.15,0.21,482,0.06,B剤流圧(Mpa)
1,2026-03-03,0.17661538461538462,0.01120372934957505,0.16,0.22,455,0.06,B剤流圧(Mpa)
1,2026-03-04,0.17654427645788337,0.009101501033690182,0.15,0.19,463,0.04000000000000001,B剤流圧(Mpa)
1,2026-03-05,0.18695175438596492,0.015833122785323988,0.15,0.21,456,0.06,B剤流圧(Mpa)
1,2026-03-06,0.18365957446808512,0.015294237938003,0.15,0.22,470,0.07,B剤流圧(Mpa)
1,2026-03-09,0.18535874439461883,0.015352970718417533,0.16,0.22,446,0.06,B剤流圧(Mpa)
1,2026-03-10,0.1869010989010989,0.01567360849310207,0.15,0.23,455,0.08000000000000002,B剤流圧(Mpa)
1,2026-03-11,0.18682672233820458,0.013856453110047422,0.15,0.22,479,0.07,B剤流圧(Mpa)
1,2026-03-18,0.17777777777777778,0.004236592728681614,0.17,0.18,27,0.009999999999999981,B剤流圧(Mpa)
1,2026-03-19,0.17692857142857144,0.011940370656513719,0.16,0.2,420,0.04000000000000001,B剤流圧(Mpa)
1,2026-03-24,0.20035714285714287,0.00570941350730549,0.19,0.21,56,0.01999999999999999,B剤流圧(Mpa)
1,2026-03-25,0.1731548757170172,0.00973740025518797,0.15,0.19,523,0.04000000000000001,B剤流圧(Mpa)
1,2026-03-26,0.17520737327188943,0.008103165122421218,0.15,0.19,434,0.04000000000000001,B剤流圧(Mpa)
1,2026-03-27,0.1716157205240175,0.006970454498307107,0.15,0.19,458,0.04000000000000001,B剤流圧(Mpa)
1,2026-04-01,0.1691666666666667,0.0028232985128664023,0.16,0.17,24,0.010000000000000009,B剤流圧(Mpa)
1,2026-04-02,0.18008350730688935,0.00838366858661142,0.16,0.19,479,0.03,B剤流圧(Mpa)
1,2026-04-03,0.17524774774774776,0.009197205845656389,0.15,0.19,444,0.04000000000000001,B剤流圧(Mpa)
1,2026-04-06,0.17471526195899773,0.007173551075580363,0.16,0.19,439,0.03,B剤流圧(Mpa)
1,2026-04-07,0.17834728033472802,0.013962689986728255,0.15,0.21,478,0.06,B剤流圧(Mpa)
1,2026-04-08,0.17863325740318908,0.01076735664150976,0.15,0.2,439,0.05000000000000002,B剤流圧(Mpa)
1,2026-04-09,0.17061965811965812,0.009785745340764934,0.15,0.19,468,0.04000000000000001,B剤流圧(Mpa)
1,2026-04-10,0.17049738219895286,0.008003525696549331,0.15,0.19,382,0.04000000000000001,B剤流圧(Mpa)
1,2026-04-14,0.1896875,0.005948366541844,0.18,0.2,32,0.020000000000000018,B剤流圧(Mpa)
1,2026-04-15,0.17247933884297523,0.010536812466456413,0.15,0.19,484,0.04000000000000001,B剤流圧(Mpa)
1,2026-04-16,0.17443037974683545,0.009411454778057396,0.16,0.22,474,0.06,B剤流圧(Mpa)
1,2026-04-17,0.17428571428571427,0.013081411281789215,0.15,0.2,469,0.05000000000000002,B剤流圧(Mpa)
1,2026-04-20,0.16679611650485437,0.007408795938792278,0.15,0.18,515,0.03,B剤流圧(Mpa)
1,2026-04-21,0.16874418604651165,0.007505980089781065,0.15,0.18,645,0.03,B剤流圧(Mpa)
2,2026-01-05,0.24047619047619045,0.00909365389879813,0.22,0.25,42,0.03,B剤流圧(Mpa)
2,2026-01-06,0.22041666666666668,0.012328534123049198,0.21,0.25,24,0.04000000000000001,B剤流圧(Mpa)
2,2026-01-07,0.233125,0.006020797289396135,0.22,0.24,16,0.01999999999999999,B剤流圧(Mpa)
2,2026-01-08,0.23193548387096777,0.013017771145299705,0.22,0.29,31,0.06999999999999998,B剤流圧(Mpa)
2,2026-01-09,0.23533333333333334,0.01407463101097993,0.22,0.26,15,0.04000000000000001,B剤流圧(Mpa)
2,2026-01-10,0.23076923076923078,0.01255755978254962,0.21,0.25,13,0.04000000000000001,B剤流圧(Mpa)
2,2026-01-13,0.22708333333333333,0.006240935455708447,0.21,0.24,24,0.03,B剤流圧(Mpa)
2,2026-02-06,0.2540625,0.011600716051314495,0.24,0.28,32,0.040000000000000036,B剤流圧(Mpa)
2,2026-02-09,0.24607142857142858,0.018527114407105312,0.23,0.27,28,0.04000000000000001,B剤流圧(Mpa)
2,2026-02-10,0.25722222222222224,0.010178151661369091,0.24,0.28,18,0.040000000000000036,B剤流圧(Mpa)
2,2026-02-12,0.2631034482758621,0.019839255508040096,0.22,0.29,29,0.06999999999999998,B剤流圧(Mpa)
2,2026-02-13,0.2427777777777778,0.011785113019775795,0.23,0.27,18,0.04000000000000001,B剤流圧(Mpa)
2,2026-02-16,0.2507142857142857,0.0084975168259788,0.23,0.26,56,0.03,B剤流圧(Mpa)
2,2026-02-17,0.24129032258064514,0.011759233388808682,0.22,0.29,31,0.06999999999999998,B剤流圧(Mpa)
2,2026-02-18,0.23733333333333334,0.010997835284835866,0.22,0.26,15,0.04000000000000001,B剤流圧(Mpa)
2,2026-02-19,0.23631578947368423,0.017704527454796993,0.21,0.28,19,0.07000000000000003,B剤流圧(Mpa)
2,2026-02-20,0.23066666666666666,0.009611501047232537,0.21,0.24,15,0.03,B剤流圧(Mpa)
2,2026-02-24,0.1676190476190476,0.013749458863810562,0.15,0.19,21,0.04000000000000001,B剤流圧(Mpa)
2,2026-02-25,0.1783606557377049,0.004538842682465963,0.17,0.19,61,0.01999999999999999,B剤流圧(Mpa)
2,2026-02-26,0.17823529411764705,0.003929526239966866,0.17,0.18,17,0.009999999999999981,B剤流圧(Mpa)
2,2026-02-27,0.1743478260869565,0.0078775209278287,0.16,0.18,23,0.01999999999999999,B剤流圧(Mpa)
2,2026-03-02,0.18545454545454546,0.008201995322647251,0.18,0.2,11,0.020000000000000018,B剤流圧(Mpa)
2,2026-03-03,0.16999999999999998,0.010198039027185555,0.15,0.19,26,0.04000000000000001,B剤流圧(Mpa)
2,2026-03-04,0.17272727272727273,0.009351250581921506,0.16,0.19,22,0.03,B剤流圧(Mpa)
2,2026-03-05,0.1822222222222222,0.006467616667635542,0.17,0.19,18,0.01999999999999999,B剤流圧(Mpa)
2,2026-03-06,0.1775,0.014222261679238195,0.17,0.22,12,0.04999999999999999,B剤流圧(Mpa)
2,2026-03-09,0.18789473684210528,0.013975751766073291,0.16,0.2,19,0.04000000000000001,B剤流圧(Mpa)
2,2026-03-10,0.18421052631578946,0.0069248260898212444,0.17,0.19,19,0.01999999999999999,B剤流圧(Mpa)
2,2026-03-11,0.18214285714285713,0.016256866681058628,0.17,0.21,14,0.03999999999999998,B剤流圧(Mpa)
2,2026-03-19,0.17647058823529413,0.009963167462326065,0.17,0.2,17,0.03,B剤流圧(Mpa)
2,2026-03-25,0.17142857142857143,0.010017406453556183,0.15,0.19,42,0.04000000000000001,B剤流圧(Mpa)
2,2026-03-26,0.17250000000000001,0.004522670168666436,0.17,0.18,12,0.009999999999999981,B剤流圧(Mpa)
2,2026-03-27,0.17294117647058824,0.005878675320972548,0.16,0.18,17,0.01999999999999999,B剤流圧(Mpa)
2,2026-04-02,0.17733333333333334,0.005936168397046631,0.16,0.18,15,0.01999999999999999,B剤流圧(Mpa)
2,2026-04-03,0.16631578947368422,0.010116282977781398,0.15,0.18,19,0.03,B剤流圧(Mpa)
2,2026-04-06,0.1769230769230769,0.00630425171956114,0.17,0.19,13,0.01999999999999999,B剤流圧(Mpa)
2,2026-04-07,0.1723529411764706,0.00970142500145332,0.16,0.19,17,0.03,B剤流圧(Mpa)
2,2026-04-08,0.18222222222222223,0.010500305245868344,0.17,0.2,27,0.03,B剤流圧(Mpa)
2,2026-04-09,0.16578947368421051,0.009612370197756301,0.15,0.18,19,0.03,B剤流圧(Mpa)
2,2026-04-10,0.16357142857142856,0.0063332369377665145,0.15,0.17,14,0.020000000000000018,B剤流圧(Mpa)
2,2026-04-15,0.16764705882352943,0.009701425001453315,0.16,0.18,17,0.01999999999999999,B剤流圧(Mpa)
2,2026-04-16,0.16692307692307692,0.007510676161988101,0.16,0.18,13,0.01999999999999999,B剤流圧(Mpa)
2,2026-04-17,0.16421052631578947,0.010173926082384552,0.15,0.18,19,0.03,B剤流圧(Mpa)
2,2026-04-20,0.16333333333333333,0.004923659639173316,0.16,0.17,12,0.010000000000000009,B剤流圧(Mpa)
2,2026-04-21,0.164,0.008944271909999161,0.15,0.18,30,0.03,B剤流圧(Mpa)
3,2026-01-05,0.24,0.008944271909999153,0.23,0.25,6,0.01999999999999999,B剤流圧(Mpa)
3,2026-01-06,0.24,0.028284271247461915,0.22,0.28,4,0.060000000000000026,B剤流圧(Mpa)
3,2026-01-07,0.23666666666666666,0.015055453054181621,0.22,0.26,6,0.04000000000000001,B剤流圧(Mpa)
3,2026-01-08,0.2333333333333333,0.008164965809277254,0.22,0.24,6,0.01999999999999999,B剤流圧(Mpa)
3,2026-01-09,0.248,0.004472135954999583,0.24,0.25,5,0.010000000000000009,B剤流圧(Mpa)
3,2026-01-10,0.21666666666666667,0.011547005383792528,0.21,0.23,3,0.020000000000000018,B剤流圧(Mpa)
3,2026-01-13,0.245,0.007071067811865481,0.24,0.25,2,0.010000000000000009,B剤流圧(Mpa)
3,2026-02-12,0.265,0.010000000000000012,0.25,0.27,4,0.020000000000000018,B剤流圧(Mpa)
3,2026-02-13,0.2233333333333333,0.015275252316519458,0.21,0.24,3,0.03,B剤流圧(Mpa)
3,2026-02-16,0.244,0.010749676997731404,0.23,0.26,10,0.03,B剤流圧(Mpa)
3,2026-02-17,0.242,0.008366600265340753,0.23,0.25,5,0.01999999999999999,B剤流圧(Mpa)
3,2026-02-18,0.24000000000000002,0.015811388300841903,0.22,0.26,9,0.04000000000000001,B剤流圧(Mpa)
3,2026-04-02,0.1825,0.005000000000000002,0.18,0.19,4,0.010000000000000009,B剤流圧(Mpa)
3,2026-04-03,0.19,,0.19,0.19,1,0.0,B剤流圧(Mpa)
6,2025-12-26,0.19,0.0,0.19,0.19,13,0.0,B剤流圧(Mpa)
6,2026-01-05,0.21342105263157893,0.009872876187339044,0.19,0.23,76,0.04000000000000001,B剤流圧(Mpa)
6,2026-01-06,0.2027536231884058,0.017563670557265668,0.18,0.24,69,0.06,B剤流圧(Mpa)
6,2026-01-07,0.20717948717948717,0.01318178947486164,0.19,0.23,78,0.04000000000000001,B剤流圧(Mpa)
6,2026-01-08,0.2040983606557377,0.007388515678702056,0.19,0.22,61,0.03,B剤流圧(Mpa)
6,2026-01-09,0.21015151515151517,0.013977170863994815,0.19,0.23,66,0.04000000000000001,B剤流圧(Mpa)
6,2026-01-10,0.201,0.011153778716695832,0.18,0.22,60,0.04000000000000001,B剤流圧(Mpa)
6,2026-01-13,0.2056451612903226,0.01080694490456391,0.19,0.22,62,0.03,B剤流圧(Mpa)
6,2026-02-06,0.22243589743589745,0.013881305511033285,0.19,0.25,78,0.06,B剤流圧(Mpa)
6,2026-02-09,0.22270491803278686,0.011855666793444922,0.2,0.24,122,0.03999999999999998,B剤流圧(Mpa)
6,2026-02-10,0.250625,0.034580441900376534,0.21,0.31,80,0.1,B剤流圧(Mpa)
6,2026-02-12,0.22701149425287356,0.014794321862429278,0.2,0.26,87,0.06,B剤流圧(Mpa)
6,2026-02-13,0.2127272727272727,0.011619174870032592,0.18,0.23,88,0.05000000000000002,B剤流圧(Mpa)
6,2026-02-16,0.2167123287671233,0.008952717872136005,0.2,0.24,146,0.03999999999999998,B剤流圧(Mpa)
6,2026-02-17,0.22426470588235295,0.024392081934640847,0.19,0.27,68,0.08000000000000002,B剤流圧(Mpa)
6,2026-02-18,0.2108974358974359,0.01141722297027523,0.19,0.23,78,0.04000000000000001,B剤流圧(Mpa)
6,2026-02-19,0.21522388059701492,0.022249154492292297,0.19,0.27,67,0.08000000000000002,B剤流圧(Mpa)
6,2026-02-20,0.20822784810126582,0.01631103870915347,0.18,0.25,79,0.07,B剤流圧(Mpa)
6,2026-02-24,0.155,0.006546536707079772,0.14,0.16,36,0.01999999999999999,B剤流圧(Mpa)
6,2026-02-25,0.1621276595744681,0.007601972073728392,0.14,0.17,94,0.03,B剤流圧(Mpa)
6,2026-02-26,0.1603030303030303,0.004951983897605539,0.15,0.17,66,0.020000000000000018,B剤流圧(Mpa)
6,2026-02-27,0.15549019607843137,0.011715583722580102,0.13,0.18,51,0.04999999999999999,B剤流圧(Mpa)
6,2026-03-02,0.16408163265306125,0.008640593957916226,0.14,0.17,49,0.03,B剤流圧(Mpa)
6,2026-03-03,0.16125,0.012279806626883463,0.15,0.19,64,0.04000000000000001,B剤流圧(Mpa)
6,2026-03-04,0.15422222222222223,0.008657337636334578,0.14,0.17,45,0.03,B剤流圧(Mpa)
6,2026-03-05,0.1598,0.01169161569463436,0.14,0.18,50,0.03999999999999998,B剤流圧(Mpa)
6,2026-03-06,0.16414634146341464,0.011174884732313256,0.15,0.18,41,0.03,B剤流圧(Mpa)
6,2026-03-09,0.16575,0.010349656255904574,0.15,0.18,40,0.03,B剤流圧(Mpa)
6,2026-03-10,0.1670588235294118,0.015281085905548821,0.14,0.2,34,0.06,B剤流圧(Mpa)
6,2026-03-11,0.17022727272727273,0.012102015277810362,0.15,0.19,44,0.04000000000000001,B剤流圧(Mpa)
6,2026-03-19,0.16145454545454546,0.01253412849401095,0.14,0.18,55,0.03999999999999998,B剤流圧(Mpa)
6,2026-03-25,0.15424242424242424,0.006091761412724326,0.14,0.17,66,0.03,B剤流圧(Mpa)
6,2026-03-26,0.155,0.005802884574739979,0.14,0.16,50,0.01999999999999999,B剤流圧(Mpa)
6,2026-03-27,0.15326530612244899,0.007742672638813829,0.14,0.16,49,0.01999999999999999,B剤流圧(Mpa)
6,2026-04-02,0.1596825396825397,0.007822270516073052,0.14,0.17,63,0.03,B剤流圧(Mpa)
6,2026-04-03,0.15285714285714286,0.007251757836443969,0.14,0.17,70,0.03,B剤流圧(Mpa)
6,2026-04-06,0.15675,0.006558416006386036,0.14,0.17,40,0.03,B剤流圧(Mpa)
6,2026-04-07,0.154,0.006831300510639727,0.14,0.17,55,0.03,B剤流圧(Mpa)
6,2026-04-08,0.15842105263157896,0.009733285267845757,0.15,0.17,38,0.020000000000000018,B剤流圧(Mpa)
6,2026-04-09,0.14904761904761907,0.005597892954492247,0.14,0.16,63,0.01999999999999999,B剤流圧(Mpa)
6,2026-04-10,0.14774193548387096,0.00560337839721409,0.14,0.16,31,0.01999999999999999,B剤流圧(Mpa)
6,2026-04-15,0.15061538461538462,0.007680519814139175,0.13,0.16,65,0.03,B剤流圧(Mpa)
6,2026-04-16,0.1525,0.005477225575051674,0.14,0.16,56,0.01999999999999999,B剤流圧(Mpa)
6,2026-04-17,0.148,0.00842075358320684,0.13,0.16,45,0.03,B剤流圧(Mpa)
6,2026-04-20,0.15,0.004548588261473406,0.14,0.16,59,0.01999999999999999,B剤流圧(Mpa)
6,2026-04-21,0.14782178217821781,0.006573273217513409,0.13,0.16,101,0.03,B剤流圧(Mpa)
7,2025-12-26,0.2233333333333333,0.01224744871391589,0.21,0.24,9,0.03,B剤流圧(Mpa)
7,2026-01-05,0.24340425531914894,0.015110534983156778,0.21,0.27,141,0.060000000000000026,B剤流圧(Mpa)
7,2026-01-06,0.2459493670886076,0.028034730628082725,0.2,0.28,79,0.08000000000000002,B剤流圧(Mpa)
7,2026-01-07,0.24381679389312977,0.015760613775005247,0.21,0.27,131,0.060000000000000026,B剤流圧(Mpa)
7,2026-01-08,0.24264285714285713,0.02229981173213791,0.21,0.3,140,0.09,B剤流圧(Mpa)
7,2026-01-09,0.2303305785123967,0.014884773220617153,0.21,0.26,121,0.05000000000000002,B剤流圧(Mpa)
7,2026-01-10,0.23575,0.013942408554569078,0.2,0.26,120,0.06,B剤流圧(Mpa)
7,2026-01-13,0.24366666666666664,0.00490132517853561,0.24,0.25,30,0.010000000000000009,B剤流圧(Mpa)
7,2026-02-05,0.2331578947368421,0.004775669329409185,0.23,0.24,19,0.009999999999999981,B剤流圧(Mpa)
7,2026-02-06,0.24388888888888888,0.012349725635431748,0.22,0.26,54,0.04000000000000001,B剤流圧(Mpa)
7,2026-02-09,0.25746478873239437,0.018997447373071907,0.22,0.3,142,0.07999999999999999,B剤流圧(Mpa)
7,2026-02-10,0.29010989010989013,0.03484870491757523,0.24,0.35,91,0.10999999999999999,B剤流圧(Mpa)
7,2026-02-12,0.2463888888888889,0.01672524915543635,0.21,0.27,72,0.060000000000000026,B剤流圧(Mpa)
7,2026-02-13,0.2465217391304348,0.013484859369866046,0.22,0.27,69,0.05000000000000002,B剤流圧(Mpa)
7,2026-02-16,0.24656565656565657,0.010960160079013261,0.23,0.26,198,0.03,B剤流圧(Mpa)
7,2026-02-17,0.24453488372093024,0.0197428752148978,0.22,0.29,86,0.06999999999999998,B剤流圧(Mpa)
7,2026-02-18,0.2512280701754386,0.008252743145376513,0.23,0.26,57,0.03,B剤流圧(Mpa)
7,2026-02-19,0.2550292397660819,0.024551848355143038,0.22,0.3,171,0.07999999999999999,B剤流圧(Mpa)
7,2026-02-20,0.24317829457364343,0.019763622522042796,0.21,0.28,129,0.07000000000000003,B剤流圧(Mpa)
7,2026-02-24,0.16917355371900827,0.01458233959620929,0.15,0.24,121,0.09,B剤流圧(Mpa)
7,2026-02-25,0.18229166666666666,0.008422310531280279,0.16,0.19,144,0.03,B剤流圧(Mpa)
7,2026-02-26,0.18210526315789474,0.008739094948283685,0.17,0.2,95,0.03,B剤流圧(Mpa)
7,2026-02-27,0.18169014084507043,0.010821396198927616,0.16,0.2,71,0.04000000000000001,B剤流圧(Mpa)
7,2026-03-02,0.18459459459459462,0.011968426932694336,0.16,0.2,111,0.04000000000000001,B剤流圧(Mpa)
7,2026-03-03,0.17796296296296296,0.01309628321812936,0.16,0.21,108,0.04999999999999999,B剤流圧(Mpa)
7,2026-03-04,0.1761764705882353,0.009854799066832428,0.16,0.19,102,0.03,B剤流圧(Mpa)
7,2026-03-05,0.1823529411764706,0.01752940785590555,0.15,0.21,102,0.06,B剤流圧(Mpa)
7,2026-03-06,0.18611111111111112,0.01803208404293124,0.16,0.22,90,0.06,B剤流圧(Mpa)
7,2026-03-09,0.186,0.01646998798426036,0.16,0.21,120,0.04999999999999999,B剤流圧(Mpa)
7,2026-03-10,0.1834285714285714,0.007200184032614702,0.16,0.2,70,0.04000000000000001,B剤流圧(Mpa)
7,2026-03-11,0.18555555555555556,0.011229086539846011,0.16,0.21,90,0.04999999999999999,B剤流圧(Mpa)
7,2026-03-18,0.17666666666666667,0.0057735026918962545,0.17,0.18,3,0.009999999999999981,B剤流圧(Mpa)
7,2026-03-19,0.1774025974025974,0.008944654005046428,0.16,0.19,77,0.03,B剤流圧(Mpa)
7,2026-03-24,0.19000000000000003,0.0,0.19,0.19,12,0.0,B剤流圧(Mpa)
7,2026-03-25,0.17355263157894738,0.0104474652166337,0.15,0.19,152,0.04000000000000001,B剤流圧(Mpa)
7,2026-03-26,0.17820895522388058,0.008690882218761731,0.16,0.19,67,0.03,B剤流圧(Mpa)
7,2026-03-27,0.17345454545454547,0.00999416009627747,0.15,0.19,110,0.04000000000000001,B剤流圧(Mpa)
7,2026-04-02,0.17862499999999998,0.008228347112423704,0.16,0.19,80,0.03,B剤流圧(Mpa)
7,2026-04-03,0.17518987341772152,0.008750202853864122,0.16,0.19,79,0.03,B剤流圧(Mpa)
7,2026-04-06,0.17203389830508475,0.007138931876289843,0.16,0.18,59,0.01999999999999999,B剤流圧(Mpa)
7,2026-04-07,0.16967741935483874,0.005111139212618521,0.16,0.18,62,0.01999999999999999,B剤流圧(Mpa)
7,2026-04-08,0.1747142857142857,0.013696654470537703,0.16,0.2,70,0.04000000000000001,B剤流圧(Mpa)
7,2026-04-09,0.16666666666666666,0.0070510647511063,0.15,0.18,60,0.03,B剤流圧(Mpa)
7,2026-04-10,0.17071428571428574,0.007829348714848574,0.15,0.19,56,0.04000000000000001,B剤流圧(Mpa)
7,2026-04-15,0.16278688524590162,0.005206133415175992,0.15,0.17,61,0.020000000000000018,B剤流圧(Mpa)
7,2026-04-16,0.17136363636363638,0.006767879712598012,0.16,0.18,66,0.01999999999999999,B剤流圧(Mpa)
7,2026-04-17,0.16266666666666665,0.006856066636017635,0.15,0.18,60,0.03,B剤流圧(Mpa)
7,2026-04-20,0.16387755102040819,0.005706840387717565,0.15,0.17,49,0.020000000000000018,B剤流圧(Mpa)
7,2026-04-21,0.1630379746835443,0.005851677467089084,0.15,0.18,79,0.03,B剤流圧(Mpa)
8,2026-01-05,0.24303278688524588,0.01304089842911539,0.21,0.27,122,0.060000000000000026,B剤流圧(Mpa)
8,2026-01-06,0.23587719298245616,0.022174345517524747,0.21,0.28,114,0.07000000000000003,B剤流圧(Mpa)
8,2026-01-07,0.2443137254901961,0.014723982668920641,0.22,0.27,153,0.05000000000000002,B剤流圧(Mpa)
8,2026-01-08,0.23516666666666666,0.019915085846104272,0.21,0.3,120,0.09,B剤流圧(Mpa)
8,2026-01-09,0.23134020618556703,0.012130270845713961,0.21,0.25,97,0.04000000000000001,B剤流圧(Mpa)
8,2026-01-10,0.23653846153846156,0.014599456750714465,0.22,0.27,104,0.05000000000000002,B剤流圧(Mpa)
8,2026-01-13,0.23148148148148148,0.011669718770490384,0.21,0.25,27,0.04000000000000001,B剤流圧(Mpa)
8,2026-02-05,0.23399999999999999,0.00502624689950034,0.23,0.24,20,0.009999999999999981,B剤流圧(Mpa)
8,2026-02-06,0.251375,0.017043782042994844,0.22,0.28,80,0.060000000000000026,B剤流圧(Mpa)
8,2026-02-09,0.26131147540983607,0.019956598348413148,0.23,0.29,122,0.05999999999999997,B剤流圧(Mpa)
8,2026-02-10,0.29115384615384615,0.03721644099331785,0.23,0.35,104,0.11999999999999997,B剤流圧(Mpa)
8,2026-02-12,0.27401315789473685,0.015148705206447675,0.23,0.3,152,0.06999999999999998,B剤流圧(Mpa)
8,2026-02-13,0.24239669421487606,0.018167039448243896,0.21,0.27,121,0.060000000000000026,B剤流圧(Mpa)
8,2026-02-16,0.24493827160493828,0.010470123931011583,0.22,0.27,162,0.05000000000000002,B剤流圧(Mpa)
8,2026-02-17,0.2657017543859649,0.02222050787777407,0.22,0.31,114,0.09,B剤流圧(Mpa)
8,2026-02-18,0.2367123287671233,0.01572814131497254,0.22,0.26,73,0.04000000000000001,B剤流圧(Mpa)
8,2026-02-19,0.2535625,0.01917633745632866,0.22,0.29,160,0.06999999999999998,B剤流圧(Mpa)
8,2026-02-20,0.2276388888888889,0.012389574849252377,0.21,0.25,72,0.04000000000000001,B剤流圧(Mpa)
8,2026-02-24,0.17247524752475246,0.011437302181376464,0.15,0.19,101,0.04000000000000001,B剤流圧(Mpa)
8,2026-02-25,0.17967741935483872,0.008257589154951955,0.16,0.19,124,0.03,B剤流圧(Mpa)
8,2026-02-26,0.1808139534883721,0.008002222673448826,0.17,0.19,86,0.01999999999999999,B剤流圧(Mpa)
8,2026-02-27,0.18085106382978725,0.01275573448676937,0.16,0.2,94,0.04000000000000001,B剤流圧(Mpa)
8,2026-03-02,0.182,0.014088328951945573,0.16,0.2,80,0.04000000000000001,B剤流圧(Mpa)
8,2026-03-03,0.185,0.010777829844714383,0.16,0.21,100,0.04999999999999999,B剤流圧(Mpa)
8,2026-03-04,0.17755555555555555,0.01073805697812311,0.16,0.19,90,0.03,B剤流圧(Mpa)
8,2026-03-05,0.1814,0.013708362116576571,0.15,0.21,100,0.06,B剤流圧(Mpa)
8,2026-03-06,0.17627450980392156,0.007472826590715309,0.16,0.19,51,0.03,B剤流圧(Mpa)
8,2026-03-09,0.19383928571428571,0.012609558487550862,0.17,0.21,112,0.03999999999999998,B剤流圧(Mpa)
8,2026-03-10,0.18333333333333332,0.014713995044345255,0.16,0.22,102,0.06,B剤流圧(Mpa)
8,2026-03-11,0.18100000000000002,0.013740944629902037,0.16,0.21,60,0.04999999999999999,B剤流圧(Mpa)
8,2026-03-18,0.17785714285714285,0.004986754943620649,0.16,0.18,28,0.01999999999999999,B剤流圧(Mpa)
8,2026-03-19,0.177625,0.013240114535433292,0.16,0.2,80,0.04000000000000001,B剤流圧(Mpa)
8,2026-03-24,0.202,0.005163977794943224,0.19,0.21,40,0.01999999999999999,B剤流圧(Mpa)
8,2026-03-25,0.1750785340314136,0.011418780004317182,0.15,0.2,191,0.05000000000000002,B剤流圧(Mpa)
8,2026-03-26,0.17946902654867258,0.007540451384343381,0.16,0.19,113,0.03,B剤流圧(Mpa)
8,2026-03-27,0.17122222222222222,0.008972840139820916,0.15,0.19,90,0.04000000000000001,B剤流圧(Mpa)
8,2026-04-02,0.1755,0.007231053560389406,0.16,0.19,60,0.03,B剤流圧(Mpa)
8,2026-04-03,0.17578947368421055,0.010616108250482608,0.15,0.19,76,0.04000000000000001,B剤流圧(Mpa)
8,2026-04-06,0.17926315789473685,0.006398488063291223,0.16,0.19,95,0.03,B剤流圧(Mpa)
8,2026-04-07,0.17783333333333334,0.012499717510932281,0.16,0.21,60,0.04999999999999999,B剤流圧(Mpa)
8,2026-04-08,0.17393442622950822,0.00917944960670122,0.15,0.19,61,0.04000000000000001,B剤流圧(Mpa)
8,2026-04-09,0.16897435897435897,0.007991837327515093,0.15,0.19,78,0.04000000000000001,B剤流圧(Mpa)
8,2026-04-10,0.17047619047619048,0.007309326135027736,0.16,0.18,42,0.01999999999999999,B剤流圧(Mpa)
8,2026-04-15,0.1685,0.010865120683067771,0.16,0.19,60,0.03,B剤流圧(Mpa)
8,2026-04-16,0.17222222222222222,0.005564287769070616,0.16,0.18,90,0.01999999999999999,B剤流圧(Mpa)
8,2026-04-17,0.16865384615384615,0.011410920702426787,0.15,0.19,104,0.04000000000000001,B剤流圧(Mpa)
8,2026-04-20,0.1681896551724138,0.005838275196611104,0.15,0.18,116,0.03,B剤流圧(Mpa)
8,2026-04-21,0.16931578947368423,0.007837993423563535,0.15,0.18,190,0.03,B剤流圧(Mpa)
9,2026-01-05,0.24275000000000002,0.014139869074213433,0.22,0.26,40,0.04000000000000001,B剤流圧(Mpa)
9,2026-01-06,0.23067567567567568,0.026859914680811947,0.2,0.28,74,0.08000000000000002,B剤流圧(Mpa)
9,2026-01-07,0.2414285714285714,0.014171385159888101,0.21,0.27,70,0.060000000000000026,B剤流圧(Mpa)
9,2026-01-08,0.23950819672131146,0.024591748582820535,0.21,0.3,61,0.09,B剤流圧(Mpa)
9,2026-01-09,0.2295774647887324,0.014874390236559506,0.2,0.26,71,0.06,B剤流圧(Mpa)
9,2026-01-10,0.23583333333333334,0.014647457888619108,0.21,0.27,60,0.060000000000000026,B剤流圧(Mpa)
9,2026-01-13,0.24,0.0,0.24,0.24,4,0.0,B剤流圧(Mpa)
9,2026-02-05,0.225,0.007071067811865481,0.22,0.23,2,0.010000000000000009,B剤流圧(Mpa)
9,2026-02-06,0.24070175438596492,0.01237215322563525,0.22,0.26,57,0.04000000000000001,B剤流圧(Mpa)
9,2026-02-09,0.26269662921348313,0.02319698476408184,0.23,0.29,89,0.05999999999999997,B剤流圧(Mpa)
9,2026-02-10,0.27216216216216216,0.028297357941933228,0.23,0.33,74,0.1,B剤流圧(Mpa)
9,2026-02-12,0.26,0.017704034450398472,0.22,0.3,68,0.07999999999999999,B剤流圧(Mpa)
9,2026-02-13,0.238125,0.01696758486556683,0.22,0.27,48,0.05000000000000002,B剤流圧(Mpa)
9,2026-02-16,0.2505,0.007778581433264286,0.24,0.26,80,0.020000000000000018,B剤流圧(Mpa)
9,2026-02-17,0.256056338028169,0.01981910140960245,0.22,0.28,71,0.060000000000000026,B剤流圧(Mpa)
9,2026-02-18,0.24304347826086956,0.011285642600235735,0.23,0.26,69,0.03,B剤流圧(Mpa)
9,2026-02-19,0.2587951807228916,0.027381567164677944,0.22,0.3,83,0.07999999999999999,B剤流圧(Mpa)
9,2026-02-20,0.2375,0.019277192987868463,0.21,0.28,60,0.07000000000000003,B剤流圧(Mpa)
9,2026-02-24,0.18177777777777776,0.015708840720042867,0.15,0.24,45,0.09,B剤流圧(Mpa)
9,2026-02-25,0.18597014925373134,0.0049419973549339,0.18,0.19,67,0.010000000000000009,B剤流圧(Mpa)
9,2026-02-26,0.17824175824175822,0.007830624580369127,0.16,0.19,91,0.03,B剤流圧(Mpa)
9,2026-02-27,0.17925,0.014916433890176304,0.16,0.2,40,0.04000000000000001,B剤流圧(Mpa)
9,2026-03-02,0.1686666666666667,0.003457459036417605,0.16,0.17,30,0.010000000000000009,B剤流圧(Mpa)
9,2026-03-03,0.17350000000000002,0.0066216428358945555,0.16,0.18,40,0.01999999999999999,B剤流圧(Mpa)
9,2026-03-04,0.17545454545454545,0.009795103671940177,0.16,0.19,66,0.03,B剤流圧(Mpa)
9,2026-03-05,0.18140625,0.01612128510179425,0.16,0.21,64,0.04999999999999999,B剤流圧(Mpa)
9,2026-03-06,0.1804,0.016898254951567115,0.16,0.22,50,0.06,B剤流圧(Mpa)
9,2026-03-09,0.18507246376811592,0.016594044679962137,0.16,0.21,69,0.04999999999999999,B剤流圧(Mpa)
9,2026-03-10,0.19027397260273973,0.016664383405245356,0.17,0.22,73,0.04999999999999999,B剤流圧(Mpa)
9,2026-03-11,0.1798360655737705,0.0076358372775329544,0.17,0.19,61,0.01999999999999999,B剤流圧(Mpa)
9,2026-03-19,0.17903846153846154,0.015115193678536459,0.16,0.2,52,0.04000000000000001,B剤流圧(Mpa)
9,2026-03-25,0.16625,0.0097272942365571,0.15,0.18,80,0.03,B剤流圧(Mpa)
9,2026-03-26,0.1748,0.0054360850258401115,0.16,0.18,50,0.01999999999999999,B剤流圧(Mpa)
9,2026-03-27,0.1684,0.007655863432556737,0.15,0.18,50,0.03,B剤流圧(Mpa)
9,2026-04-02,0.17625,0.008378084965689205,0.16,0.19,40,0.03,B剤流圧(Mpa)
9,2026-04-03,0.169,0.006468132241526723,0.16,0.18,50,0.01999999999999999,B剤流圧(Mpa)
9,2026-04-06,0.1726,0.006642473107178656,0.16,0.18,50,0.01999999999999999,B剤流圧(Mpa)
9,2026-04-07,0.1759016393442623,0.011885151686078432,0.16,0.2,61,0.04000000000000001,B剤流圧(Mpa)
9,2026-04-08,0.17400000000000002,0.009689042833036099,0.16,0.19,50,0.03,B剤流圧(Mpa)
9,2026-04-09,0.16879999999999998,0.006590035768383321,0.15,0.18,50,0.03,B剤流圧(Mpa)
9,2026-04-10,0.1665,0.005334935656738374,0.16,0.18,40,0.01999999999999999,B剤流圧(Mpa)
9,2026-04-15,0.16225806451612904,0.004973045625740734,0.15,0.17,31,0.020000000000000018,B剤流圧(Mpa)
9,2026-04-16,0.1665,0.004830458915396484,0.16,0.17,40,0.010000000000000009,B剤流圧(Mpa)
9,2026-04-17,0.16699999999999998,0.008769067893689609,0.16,0.18,30,0.01999999999999999,B剤流圧(Mpa)
9,2026-04-20,0.16489795918367348,0.00710705312219014,0.15,0.18,49,0.03,B剤流圧(Mpa)
9,2026-04-21,0.16316666666666668,0.006762726024084976,0.15,0.18,60,0.03,B剤流圧(Mpa)
10,2026-01-05,0.2123809523809524,0.006248809410409239,0.2,0.23,21,0.03,B剤流圧(Mpa)
10,2026-01-06,0.21047619047619048,0.016874889770363083,0.19,0.24,21,0.04999999999999999,B剤流圧(Mpa)
10,2026-01-07,0.21227272727272728,0.01066003581778052,0.19,0.23,22,0.04000000000000001,B剤流圧(Mpa)
10,2026-01-08,0.2062962962962963,0.006292943635623914,0.19,0.21,27,0.01999999999999999,B剤流圧(Mpa)
10,2026-01-09,0.20571428571428574,0.015023790657297044,0.18,0.23,21,0.05000000000000002,B剤流圧(Mpa)
10,2026-01-10,0.20105263157894737,0.011002392084403612,0.19,0.22,19,0.03,B剤流圧(Mpa)
10,2026-01-13,0.2036842105263158,0.012115429242540025,0.19,0.22,19,0.03,B剤流圧(Mpa)
10,2026-02-06,0.22333333333333333,0.01447493728911491,0.2,0.24,15,0.03999999999999998,B剤流圧(Mpa)
10,2026-02-09,0.2248,0.009626352718795772,0.21,0.24,25,0.03,B剤流圧(Mpa)
10,2026-02-10,0.245,0.030983866769659335,0.22,0.31,16,0.09,B剤流圧(Mpa)
10,2026-02-12,0.2353846153846154,0.01126601424298216,0.21,0.25,13,0.04000000000000001,B剤流圧(Mpa)
10,2026-02-13,0.21529411764705883,0.01419403354354547,0.2,0.24,17,0.03999999999999998,B剤流圧(Mpa)
10,2026-02-16,0.21818181818181817,0.009579921282290984,0.21,0.24,22,0.03,B剤流圧(Mpa)
10,2026-02-17,0.22380952380952382,0.02459190730223878,0.19,0.27,21,0.08000000000000002,B剤流圧(Mpa)
10,2026-02-18,0.2123809523809524,0.011791845447071425,0.2,0.23,21,0.03,B剤流圧(Mpa)
10,2026-02-19,0.215,0.02250925735484551,0.2,0.26,16,0.06,B剤流圧(Mpa)
10,2026-02-20,0.211,0.019692073983655908,0.19,0.25,10,0.06,B剤流圧(Mpa)
10,2026-02-24,0.15,0.009428090415820625,0.14,0.16,10,0.01999999999999999,B剤流圧(Mpa)
10,2026-02-25,0.16210526315789475,0.008549819600709626,0.15,0.17,19,0.020000000000000018,B剤流圧(Mpa)
10,2026-02-26,0.15785714285714286,0.0042581531362632045,0.15,0.16,14,0.010000000000000009,B剤流圧(Mpa)
10,2026-02-27,0.15625,0.012041594578792296,0.15,0.18,16,0.03,B剤流圧(Mpa)
10,2026-03-02,0.1568421052631579,0.012042808632793344,0.14,0.17,19,0.03,B剤流圧(Mpa)
10,2026-03-03,0.16411764705882353,0.015434872662825791,0.15,0.19,17,0.04000000000000001,B剤流圧(Mpa)
10,2026-03-04,0.155,0.009235481451827997,0.14,0.17,18,0.03,B剤流圧(Mpa)
10,2026-03-05,0.1590909090909091,0.014459976109624425,0.14,0.19,11,0.04999999999999999,B剤流圧(Mpa)
10,2026-03-06,0.156875,0.0087321245982865,0.15,0.18,16,0.03,B剤流圧(Mpa)
10,2026-03-09,0.16214285714285714,0.010509022810878295,0.15,0.18,14,0.03,B剤流圧(Mpa)
10,2026-03-10,0.16583333333333333,0.01781640374554424,0.15,0.2,12,0.05000000000000002,B剤流圧(Mpa)
10,2026-03-11,0.166,0.008207826816681228,0.16,0.18,20,0.01999999999999999,B剤流圧(Mpa)
10,2026-03-19,0.14888888888888888,0.0033333333333333253,0.14,0.15,9,0.009999999999999981,B剤流圧(Mpa)
10,2026-03-25,0.15115384615384617,0.005883484054145521,0.14,0.16,26,0.01999999999999999,B剤流圧(Mpa)
10,2026-03-26,0.15541666666666668,0.007210600087592471,0.14,0.16,24,0.01999999999999999,B剤流圧(Mpa)
10,2026-03-27,0.15210526315789474,0.007873265148181357,0.14,0.16,19,0.01999999999999999,B剤流圧(Mpa)
10,2026-04-02,0.15833333333333335,0.009374368665610922,0.14,0.17,12,0.03,B剤流圧(Mpa)
10,2026-04-03,0.1509090909090909,0.008312094145936332,0.14,0.16,11,0.01999999999999999,B剤流圧(Mpa)
10,2026-04-06,0.15222222222222223,0.006666666666666666,0.14,0.16,9,0.01999999999999999,B剤流圧(Mpa)
10,2026-04-07,0.15,0.0,0.15,0.15,11,0.0,B剤流圧(Mpa)
10,2026-04-08,0.1553846153846154,0.00776250025806186,0.15,0.17,13,0.020000000000000018,B剤流圧(Mpa)
10,2026-04-09,0.14818181818181816,0.004045199174779447,0.14,0.15,11,0.009999999999999981,B剤流圧(Mpa)
10,2026-04-10,0.14444444444444446,0.005270462766947286,0.14,0.15,9,0.009999999999999981,B剤流圧(Mpa)
10,2026-04-15,0.1522222222222222,0.00440958551844099,0.15,0.16,9,0.010000000000000009,B剤流圧(Mpa)
10,2026-04-16,0.15333333333333332,0.005773502691896261,0.15,0.16,3,0.010000000000000009,B剤流圧(Mpa)
10,2026-04-17,0.14500000000000002,0.007071067811865474,0.14,0.16,10,0.01999999999999999,B剤流圧(Mpa)
10,2026-04-20,0.15,0.004472135954999577,0.14,0.16,11,0.01999999999999999,B剤流圧(Mpa)
10,2026-04-21,0.15125,0.006123724356957946,0.14,0.16,24,0.01999999999999999,B剤流圧(Mpa)
13,2026-01-05,0.35333333333333333,0.0057735026918962545,0.35,0.36,3,0.010000000000000009,B剤流圧(Mpa)
13,2026-01-06,0.30666666666666664,0.005163977794943224,0.3,0.31,6,0.010000000000000009,B剤流圧(Mpa)
13,2026-01-07,0.36,0.0,0.36,0.36,2,0.0,B剤流圧(Mpa)
13,2026-01-08,0.34,,0.34,0.34,1,0.0,B剤流圧(Mpa)
13,2026-01-09,0.31399999999999995,0.027018512172212586,0.29,0.36,5,0.07,B剤流圧(Mpa)
13,2026-01-10,0.3416666666666666,0.02926886855802025,0.31,0.38,6,0.07,B剤流圧(Mpa)
13,2026-01-13,0.32,0.0,0.32,0.32,3,0.0,B剤流圧(Mpa)
13,2026-02-06,0.36000000000000004,0.0,0.36,0.36,3,0.0,B剤流圧(Mpa)
13,2026-02-09,0.352,0.03834057902536163,0.31,0.38,5,0.07,B剤流圧(Mpa)
13,2026-02-10,0.36,,0.36,0.36,1,0.0,B剤流圧(Mpa)
13,2026-02-12,0.35,0.028284271247461867,0.33,0.37,2,0.03999999999999998,B剤流圧(Mpa)
13,2026-02-13,0.37,0.0,0.37,0.37,2,0.0,B剤流圧(Mpa)
13,2026-02-16,0.33,0.0,0.33,0.33,2,0.0,B剤流圧(Mpa)
13,2026-02-17,0.345,0.026457513110645897,0.32,0.38,4,0.06,B剤流圧(Mpa)
13,2026-02-18,0.33,0.0,0.33,0.33,2,0.0,B剤流圧(Mpa)
13,2026-02-19,0.345,0.04949747468305835,0.31,0.38,2,0.07,B剤流圧(Mpa)
13,2026-02-20,0.33499999999999996,0.03535533905932735,0.31,0.36,2,0.04999999999999999,B剤流圧(Mpa)
13,2026-02-25,0.2625,0.009574271077563397,0.25,0.27,4,0.020000000000000018,B剤流圧(Mpa)
13,2026-02-26,0.244,0.005477225575051669,0.24,0.25,5,0.010000000000000009,B剤流圧(Mpa)
13,2026-02-27,0.24000000000000002,0.027080128015453207,0.22,0.28,4,0.060000000000000026,B剤流圧(Mpa)
13,2026-03-02,0.26,0.012247448713915901,0.25,0.28,5,0.030000000000000027,B剤流圧(Mpa)
13,2026-03-03,0.25,0.028284271247461915,0.23,0.27,2,0.04000000000000001,B剤流圧(Mpa)
13,2026-03-04,0.24,0.014142135623730947,0.23,0.26,4,0.03,B剤流圧(Mpa)
13,2026-03-05,0.252,0.02280350850198275,0.23,0.29,5,0.05999999999999997,B剤流圧(Mpa)
13,2026-03-06,0.27,0.021213203435596416,0.24,0.3,5,0.06,B剤流圧(Mpa)
13,2026-03-09,0.255,0.049497474683058304,0.22,0.29,2,0.06999999999999998,B剤流圧(Mpa)
13,2026-03-10,0.245,0.012909944487358055,0.23,0.26,4,0.03,B剤流圧(Mpa)
13,2026-03-11,0.26,0.022360679774997887,0.23,0.29,5,0.05999999999999997,B剤流圧(Mpa)
13,2026-03-19,0.26,0.028284271247461926,0.24,0.28,2,0.040000000000000036,B剤流圧(Mpa)
13,2026-03-25,0.2375,0.011649647450214342,0.22,0.25,8,0.03,B剤流圧(Mpa)
13,2026-03-26,0.24,0.014142135623730933,0.23,0.25,2,0.01999999999999999,B剤流圧(Mpa)
13,2026-03-27,0.2333333333333333,0.011547005383792521,0.22,0.24,3,0.01999999999999999,B剤流圧(Mpa)
13,2026-04-02,0.245,0.007071067811865481,0.24,0.25,2,0.010000000000000009,B剤流圧(Mpa)
13,2026-04-03,0.24,0.01732050807568877,0.23,0.26,3,0.03,B剤流圧(Mpa)
13,2026-04-06,0.24,,0.24,0.24,1,0.0,B剤流圧(Mpa)
13,2026-04-08,0.24,0.02,0.23,0.28,6,0.05000000000000002,B剤流圧(Mpa)
13,2026-04-09,0.22999999999999998,0.009999999999999988,0.22,0.24,3,0.01999999999999999,B剤流圧(Mpa)
13,2026-04-10,0.23,0.0,0.23,0.23,2,0.0,B剤流圧(Mpa)
13,2026-04-15,0.22999999999999998,0.01414213562373095,0.22,0.25,5,0.03,B剤流圧(Mpa)
13,2026-04-16,0.238,0.010954451150103312,0.23,0.25,5,0.01999999999999999,B剤流圧(Mpa)
13,2026-04-17,0.2275,0.014999999999999986,0.22,0.25,4,0.03,B剤流圧(Mpa)
13,2026-04-20,0.225,0.005773502691896267,0.22,0.23,4,0.010000000000000009,B剤流圧(Mpa)
13,2026-04-21,0.25,,0.25,0.25,1,0.0,B剤流圧(Mpa)
14,2026-02-17,0.177,0.00674948557710552,0.17,0.19,10,0.01999999999999999,B剤流圧(Mpa)
14,2026-02-18,0.176,0.01264911064067351,0.16,0.19,10,0.03,B剤流圧(Mpa)
14,2026-02-24,0.13,0.0,0.13,0.13,5,0.0,B剤流圧(Mpa)
14,2026-02-25,0.12551724137931036,0.007831350411077503,0.11,0.14,29,0.030000000000000013,B剤流圧(Mpa)
14,2026-02-26,0.12933333333333333,0.0025819888974716195,0.12,0.13,15,0.010000000000000009,B剤流圧(Mpa)
14,2026-02-27,0.14,,0.14,0.14,1,0.0,B剤流圧(Mpa)
14,2026-03-02,0.13333333333333336,0.010000000000000007,0.12,0.14,9,0.020000000000000018,B剤流圧(Mpa)
14,2026-03-03,0.12333333333333334,0.004879500364742667,0.12,0.13,15,0.010000000000000009,B剤流圧(Mpa)
14,2026-03-05,0.13,0.0,0.13,0.13,20,0.0,B剤流圧(Mpa)
14,2026-03-06,0.134,0.006992058987801007,0.12,0.14,10,0.020000000000000018,B剤流圧(Mpa)
14,2026-03-09,0.124,0.008944271909999166,0.12,0.14,5,0.020000000000000018,B剤流圧(Mpa)
14,2026-03-10,0.16,0.0,0.16,0.16,5,0.0,B剤流圧(Mpa)
14,2026-03-11,0.13,0.0,0.13,0.13,6,0.0,B剤流圧(Mpa)
14,2026-03-25,0.12,0.0,0.12,0.12,10,0.0,B剤流圧(Mpa)
14,2026-03-26,0.124,0.005477225575051665,0.12,0.13,5,0.010000000000000009,B剤流圧(Mpa)
14,2026-03-27,0.126,0.0054772255750516665,0.12,0.13,5,0.010000000000000009,B剤流圧(Mpa)
14,2026-04-03,0.13,0.0,0.13,0.13,10,0.0,B剤流圧(Mpa)
14,2026-04-07,0.12,0.0,0.12,0.12,5,0.0,B剤流圧(Mpa)
14,2026-04-08,0.13,0.0,0.13,0.13,5,0.0,B剤流圧(Mpa)
14,2026-04-09,0.128,0.0044721359549995815,0.12,0.13,5,0.010000000000000009,B剤流圧(Mpa)
14,2026-04-15,0.118,0.004472135954999579,0.11,0.12,5,0.009999999999999995,B剤流圧(Mpa)
14,2026-04-16,0.128,0.004216370213557845,0.12,0.13,10,0.010000000000000009,B剤流圧(Mpa)
14,2026-04-17,0.118,0.004472135954999579,0.11,0.12,5,0.009999999999999995,B剤流圧(Mpa)
14,2026-04-20,0.11950000000000001,0.0022360679774997894,0.11,0.12,20,0.009999999999999995,B剤流圧(Mpa)
1,2025-12-26,0.049,0.0,0.049,0.049,31,0.0,A剤タンク1圧力(Mpa)
1,2026-01-05,-0.00890547263681592,0.03912670153447743,-0.036,0.052,402,0.088,A剤タンク1圧力(Mpa)
1,2026-01-06,0.04767961165048543,0.005518299222408579,0.004,0.051,515,0.047,A剤タンク1圧力(Mpa)
1,2026-01-07,0.03321532846715329,0.03333308141637859,-0.037,0.052,548,0.089,A剤タンク1圧力(Mpa)
1,2026-01-08,0.027170431211498976,0.037097049182436705,-0.042,0.051,487,0.093,A剤タンク1圧力(Mpa)
1,2026-01-09,0.004683520599250937,0.04219452662239432,-0.037,0.051,534,0.088,A剤タンク1圧力(Mpa)
1,2026-01-10,-0.004102822580645161,0.040698739365689664,-0.041,0.058,496,0.099,A剤タンク1圧力(Mpa)
1,2026-01-13,0.019717267552182165,0.035424553601177945,-0.041,0.047,527,0.088,A剤タンク1圧力(Mpa)
1,2026-02-05,0.049,0.0,0.049,0.049,15,0.0,A剤タンク1圧力(Mpa)
1,2026-02-06,0.00012972972972972988,0.041758363262534376,-0.037,0.05,370,0.087,A剤タンク1圧力(Mpa)
1,2026-02-09,0.006055855855855856,0.04025458846569372,-0.043,0.054,555,0.097,A剤タンク1圧力(Mpa)
1,2026-02-10,0.008664529914529918,0.04289268345280849,-0.038,0.054,468,0.092,A剤タンク1圧力(Mpa)
1,2026-02-12,0.02366592427616927,0.03894157392817067,-0.042,0.051,449,0.093,A剤タンク1圧力(Mpa)
1,2026-02-13,0.03043582887700535,0.03514336626936521,-0.034,0.051,374,0.08499999999999999,A剤タンク1圧力(Mpa)
1,2026-02-16,0.02400453514739229,0.021775658912333736,0.004,0.049,882,0.045,A剤タンク1圧力(Mpa)
1,2026-02-17,0.0167965367965368,0.038991151854033276,-0.042,0.051,462,0.093,A剤タンク1圧力(Mpa)
1,2026-02-18,0.02244206008583691,0.04010858743816035,-0.037,0.051,466,0.088,A剤タンク1圧力(Mpa)
1,2026-02-19,0.009047904191616765,0.04053198367460938,-0.041,0.051,501,0.092,A剤タンク1圧力(Mpa)
1,2026-02-20,0.009919060052219321,0.04107337613815592,-0.04,0.051,383,0.091,A剤タンク1圧力(Mpa)
1,2026-02-24,0.03809122807017544,0.020639053306144076,-0.012,0.049,285,0.061,A剤タンク1圧力(Mpa)
1,2026-02-25,0.030286971830985915,0.034579668603980436,-0.041,0.053,568,0.094,A剤タンク1圧力(Mpa)
1,2026-02-26,0.004482758620689655,0.04060613959757363,-0.041,0.05,435,0.091,A剤タンク1圧力(Mpa)
1,2026-02-27,0.03877301927194861,0.024358549364248458,-0.039,0.051,467,0.09,A剤タンク1圧力(Mpa)
1,2026-03-02,0.03899585062240664,0.020687356494090946,-0.018,0.049,482,0.067,A剤タンク1圧力(Mpa)
1,2026-03-03,0.03471648351648352,0.022176525786902487,-0.035,0.051,455,0.086,A剤タンク1圧力(Mpa)
1,2026-03-04,0.0018336933045356367,0.04064534057907315,-0.04,0.051,463,0.091,A剤タンク1圧力(Mpa)
1,2026-03-05,-0.0030241228070175446,0.03970198695858446,-0.039,0.051,456,0.09,A剤タンク1圧力(Mpa)
1,2026-03-06,-0.0026234042553191493,0.03983313656706097,-0.039,0.052,470,0.091,A剤タンク1圧力(Mpa)
1,2026-03-09,0.020457399103139016,0.03805232029668767,-0.039,0.052,446,0.091,A剤タンク1圧力(Mpa)
1,2026-03-10,0.03614065934065934,0.021366066688366235,0.0,0.052,455,0.052,A剤タンク1圧力(Mpa)
1,2026-03-11,-0.0006012526096033393,0.04175433330676138,-0.036,0.051,479,0.087,A剤タンク1圧力(Mpa)
1,2026-03-18,0.03844444444444445,0.018217348733330956,0.005,0.048,27,0.043000000000000003,A剤タンク1圧力(Mpa)
1,2026-03-19,0.02748809523809524,0.02183005200606646,-0.029,0.05,420,0.079,A剤タンク1圧力(Mpa)
1,2026-03-24,0.045,0.0,0.045,0.045,56,0.0,A剤タンク1圧力(Mpa)
1,2026-03-25,0.033332695984703634,0.023227515016222756,-0.036,0.05,523,0.086,A剤タンク1圧力(Mpa)
1,2026-03-26,0.025633640552995392,0.021294631101208352,0.004,0.049,434,0.045,A剤タンク1圧力(Mpa)
1,2026-03-27,0.013744541484716157,0.034740082455307394,-0.032,0.051,458,0.08299999999999999,A剤タンク1圧力(Mpa)
1,2026-04-01,0.04700000000000001,0.0,0.047,0.047,24,0.0,A剤タンク1圧力(Mpa)
1,2026-04-02,-0.00195615866388309,0.02854322418960328,-0.033,0.048,479,0.081,A剤タンク1圧力(Mpa)
1,2026-04-03,0.03740765765765766,0.01662826973321217,0.004,0.048,444,0.044,A剤タンク1圧力(Mpa)
1,2026-04-06,0.02881548974943052,0.020695225590932755,-0.035,0.044,439,0.079,A剤タンク1圧力(Mpa)
1,2026-04-07,0.008575313807531381,0.030016165759876458,-0.033,0.048,478,0.081,A剤タンク1圧力(Mpa)
1,2026-04-08,0.02306378132118451,0.02215162641415417,-0.008,0.049,439,0.057,A剤タンク1圧力(Mpa)
1,2026-04-09,0.03133974358974359,0.0276485662130717,-0.034,0.049,468,0.083,A剤タンク1圧力(Mpa)
1,2026-04-10,0.04640314136125654,0.0011105745957478302,0.044,0.049,382,0.0050000000000000044,A剤タンク1圧力(Mpa)
1,2026-04-14,0.048,0.0,0.048,0.048,32,0.0,A剤タンク1圧力(Mpa)
1,2026-04-15,0.022012396694214877,0.036912910925606085,-0.035,0.053,484,0.088,A剤タンク1圧力(Mpa)
1,2026-04-16,0.041949367088607595,0.014717838395648894,0.004,0.054,474,0.05,A剤タンク1圧力(Mpa)
1,2026-04-17,0.016108742004264393,0.035073349701896184,-0.036,0.051,469,0.087,A剤タンク1圧力(Mpa)
1,2026-04-20,0.014460194174757282,0.0233714687705203,-0.033,0.044,515,0.077,A剤タンク1圧力(Mpa)
1,2026-04-21,0.011736434108527132,0.023908638015092434,-0.035,0.048,645,0.083,A剤タンク1圧力(Mpa)
2,2026-01-05,0.02619047619047619,0.03725733720191861,-0.036,0.05,42,0.086,A剤タンク1圧力(Mpa)
2,2026-01-06,0.04858333333333333,0.0008297022339981053,0.048,0.051,24,0.0029999999999999957,A剤タンク1圧力(Mpa)
2,2026-01-07,0.028625,0.03853807640935564,-0.036,0.052,16,0.088,A剤タンク1圧力(Mpa)
2,2026-01-08,-0.010806451612903226,0.03881616446347983,-0.037,0.049,31,0.086,A剤タンク1圧力(Mpa)
2,2026-01-09,-0.0182,0.035301153360356774,-0.037,0.05,15,0.087,A剤タンク1圧力(Mpa)
2,2026-01-10,-0.03676923076923077,0.0025545334262132924,-0.041,-0.034,13,0.006999999999999999,A剤タンク1圧力(Mpa)
2,2026-01-13,0.043125,0.00044842720314644096,0.042,0.044,24,0.001999999999999995,A剤タンク1圧力(Mpa)
2,2026-02-06,-0.0255,0.02871214197468022,-0.037,0.05,32,0.087,A剤タンク1圧力(Mpa)
2,2026-02-09,0.03271428571428572,0.027569249029734056,-0.036,0.046,28,0.08199999999999999,A剤タンク1圧力(Mpa)
2,2026-02-10,0.044333333333333336,0.020300680950618964,-0.037,0.05,18,0.087,A剤タンク1圧力(Mpa)
2,2026-02-12,0.0503448275862069,0.0007209052874667614,0.049,0.051,29,0.001999999999999995,A剤タンク1圧力(Mpa)
2,2026-02-13,0.05011111111111111,0.0003233808333817756,0.05,0.051,18,0.000999999999999994,A剤タンク1圧力(Mpa)
2,2026-02-16,0.008749999999999999,0.01383703856913163,0.004,0.049,56,0.045,A剤タンク1圧力(Mpa)
2,2026-02-17,0.041483870967741934,0.014843339623642511,-0.035,0.048,31,0.083,A剤タンク1圧力(Mpa)
2,2026-02-18,0.03886666666666667,0.030399404756077206,-0.036,0.051,15,0.087,A剤タンク1圧力(Mpa)
2,2026-02-19,0.04536842105263158,0.019233103771928085,-0.034,0.051,19,0.08499999999999999,A剤タンク1圧力(Mpa)
2,2026-02-20,0.04906666666666667,0.0005936168397046638,0.048,0.05,15,0.0020000000000000018,A剤タンク1圧力(Mpa)
2,2026-02-24,0.009095238095238095,0.025522352481510715,-0.008,0.048,21,0.056,A剤タンク1圧力(Mpa)
2,2026-02-25,0.04719672131147541,0.010711084090995252,-0.035,0.049,61,0.084,A剤タンク1圧力(Mpa)
2,2026-02-26,0.044176470588235296,0.020405989605130792,-0.035,0.05,17,0.085,A剤タンク1圧力(Mpa)
2,2026-02-27,0.04895652173913044,0.0008245252556672843,0.048,0.05,23,0.0020000000000000018,A剤タンク1圧力(Mpa)
2,2026-03-02,0.024090909090909093,0.032586667658582535,-0.017,0.049,11,0.066,A剤タンク1圧力(Mpa)
2,2026-03-03,0.02480769230769231,0.023780696761481535,-0.006,0.049,26,0.055,A剤タンク1圧力(Mpa)
2,2026-03-04,-0.013772727272727275,0.024299582238583795,-0.041,0.049,22,0.09,A剤タンク1圧力(Mpa)
2,2026-03-05,0.018444444444444444,0.034670248683718,-0.035,0.05,18,0.085,A剤タンク1圧力(Mpa)
2,2026-03-06,0.042333333333333334,0.024042890967198728,-0.034,0.05,12,0.084,A剤タンク1圧力(Mpa)
2,2026-03-09,0.044,0.01871125626758158,-0.009,0.051,19,0.06,A剤タンク1圧力(Mpa)
2,2026-03-10,0.005473684210526316,0.01569631386682389,0.0,0.05,19,0.05,A剤タンク1圧力(Mpa)
2,2026-03-11,-0.029714285714285714,0.022659447245035557,-0.036,0.049,14,0.08499999999999999,A剤タンク1圧力(Mpa)
2,2026-03-19,0.010058823529411766,0.014280540029334036,0.005,0.048,17,0.043000000000000003,A剤タンク1圧力(Mpa)
2,2026-03-25,0.014642857142857143,0.018835386298228247,0.004,0.049,42,0.045,A剤タンク1圧力(Mpa)
2,2026-03-26,0.0155,0.01960287548480394,0.004,0.048,12,0.044,A剤タンク1圧力(Mpa)
2,2026-03-27,0.0058235294117647066,0.035733799290933316,-0.032,0.048,17,0.08,A剤タンク1圧力(Mpa)
2,2026-04-02,0.0326,0.02471783624372143,-0.02,0.047,15,0.067,A剤タンク1圧力(Mpa)
2,2026-04-03,0.047,0.0,0.047,0.047,19,0.0,A剤タンク1圧力(Mpa)
2,2026-04-06,0.012923076923076923,0.017148671175252123,0.003,0.043,13,0.039999999999999994,A剤タンク1圧力(Mpa)
2,2026-04-07,-0.015941176470588236,0.018126191644397115,-0.031,0.047,17,0.078,A剤タンク1圧力(Mpa)
2,2026-04-08,0.006888888888888889,0.014931467374264257,-0.001,0.048,27,0.049,A剤タンク1圧力(Mpa)
2,2026-04-09,0.04663157894736842,0.0015709348354753466,0.043,0.048,19,0.0050000000000000044,A剤タンク1圧力(Mpa)
2,2026-04-10,0.047142857142857146,0.00036313651960128107,0.047,0.048,14,0.0010000000000000009,A剤タンク1圧力(Mpa)
2,2026-04-15,0.03952941176470588,0.023801569399565927,-0.033,0.048,17,0.081,A剤タンク1圧力(Mpa)
2,2026-04-16,0.04776923076923077,0.0005991446895152788,0.047,0.049,13,0.0020000000000000018,A剤タンク1圧力(Mpa)
2,2026-04-17,-0.006105263157894736,0.02917551244307098,-0.026,0.049,19,0.075,A剤タンク1圧力(Mpa)
2,2026-04-20,-0.012583333333333334,0.016228248845949478,-0.033,0.004,12,0.037000000000000005,A剤タンク1圧力(Mpa)
2,2026-04-21,0.0056,0.011330763738449042,0.001,0.047,30,0.046,A剤タンク1圧力(Mpa)
3,2026-01-05,-0.006500000000000002,0.044153142583512675,-0.035,0.051,6,0.086,A剤タンク1圧力(Mpa)
3,2026-01-06,0.0485,0.0005773502691896273,0.048,0.049,4,0.0010000000000000009,A剤タンク1圧力(Mpa)
3,2026-01-07,0.021166666666666667,0.04428280328374285,-0.036,0.05,6,0.086,A剤タンク1圧力(Mpa)
3,2026-01-08,0.035,0.03527605420111495,-0.037,0.05,6,0.087,A剤タンク1圧力(Mpa)
3,2026-01-09,0.0492,0.00044721359549995774,0.049,0.05,5,0.0010000000000000009,A剤タンク1圧力(Mpa)
3,2026-01-10,-0.034,0.0,-0.034,-0.034,3,0.0,A剤タンク1圧力(Mpa)
3,2026-01-13,0.043,0.0,0.043,0.043,2,0.0,A剤タンク1圧力(Mpa)
3,2026-02-12,0.02875,0.0425,-0.035,0.05,4,0.085,A剤タンク1圧力(Mpa)
3,2026-02-13,0.050333333333333334,0.0005773502691896243,0.05,0.051,3,0.000999999999999994,A剤タンク1圧力(Mpa)
3,2026-02-16,0.030199999999999998,0.022552654438496196,0.004,0.048,10,0.044,A剤タンク1圧力(Mpa)
3,2026-02-17,0.041800000000000004,0.006534523701081813,0.035,0.048,5,0.012999999999999998,A剤タンク1圧力(Mpa)
3,2026-02-18,0.031000000000000003,0.03799342048302574,-0.036,0.051,9,0.087,A剤タンク1圧力(Mpa)
3,2026-04-02,0.005,0.02814249455894058,-0.011,0.047,4,0.057999999999999996,A剤タンク1圧力(Mpa)
3,2026-04-03,0.048,,0.048,0.048,1,0.0,A剤タンク1圧力(Mpa)
6,2025-12-26,0.049,0.0,0.049,0.049,13,0.0,A剤タンク1圧力(Mpa)
6,2026-01-05,-0.009986842105263159,0.03990872700585764,-0.039,0.051,76,0.09,A剤タンク1圧力(Mpa)
6,2026-01-06,0.04868115942028985,0.0006061632866594373,0.048,0.05,69,0.0020000000000000018,A剤タンク1圧力(Mpa)
6,2026-01-07,0.043602564102564106,0.02313952021839251,-0.036,0.052,78,0.088,A剤タンク1圧力(Mpa)
6,2026-01-08,0.03173770491803279,0.03535246414765844,-0.037,0.052,61,0.089,A剤タンク1圧力(Mpa)
6,2026-01-09,0.008227272727272727,0.042443009918113624,-0.036,0.05,66,0.086,A剤タンク1圧力(Mpa)
6,2026-01-10,-0.004666666666666667,0.040310938359363814,-0.036,0.05,60,0.086,A剤タンク1圧力(Mpa)
6,2026-01-13,0.02883870967741935,0.03117123177083402,-0.039,0.044,62,0.08299999999999999,A剤タンク1圧力(Mpa)
6,2026-02-06,-0.000769230769230768,0.042255845081555804,-0.037,0.05,78,0.087,A剤タンク1圧力(Mpa)
6,2026-02-09,0.020745901639344262,0.037981848965436375,-0.037,0.049,122,0.086,A剤タンク1圧力(Mpa)
6,2026-02-10,0.018937500000000003,0.041734041519112273,-0.037,0.055,80,0.092,A剤タンク1圧力(Mpa)
6,2026-02-12,0.01927586206896552,0.040777812496267545,-0.041,0.051,87,0.092,A剤タンク1圧力(Mpa)
6,2026-02-13,0.04707954545454545,0.0152143471240702,-0.034,0.052,88,0.086,A剤タンク1圧力(Mpa)
6,2026-02-16,0.028534246575342467,0.024341865279606353,-0.037,0.049,146,0.086,A剤タンク1圧力(Mpa)
6,2026-02-17,0.031558823529411764,0.03176611465675813,-0.036,0.051,68,0.087,A剤タンク1圧力(Mpa)
6,2026-02-18,0.03625641025641026,0.03252588814980152,-0.036,0.051,78,0.087,A剤タンク1圧力(Mpa)
6,2026-02-19,0.01962686567164179,0.03976172814246913,-0.04,0.052,67,0.092,A剤タンク1圧力(Mpa)
6,2026-02-20,0.0008734177215189874,0.042359683023622044,-0.041,0.05,79,0.091,A剤タンク1圧力(Mpa)
6,2026-02-24,0.030916666666666665,0.02618546488853256,-0.008,0.05,36,0.058,A剤タンク1圧力(Mpa)
6,2026-02-25,0.024989361702127663,0.037818609142030286,-0.035,0.05,94,0.085,A剤タンク1圧力(Mpa)
6,2026-02-26,0.012666666666666668,0.042841508747882256,-0.04,0.057,66,0.097,A剤タンク1圧力(Mpa)
6,2026-02-27,0.038254901960784314,0.02423290584082306,-0.04,0.051,51,0.091,A剤タンク1圧力(Mpa)
6,2026-03-02,0.04151020408163265,0.01764478493419939,-0.017,0.049,49,0.066,A剤タンク1圧力(Mpa)
6,2026-03-03,0.032218750000000004,0.02169373309404252,0.0,0.05,64,0.05,A剤タンク1圧力(Mpa)
6,2026-03-04,-0.004933333333333334,0.03820066634354575,-0.035,0.049,45,0.084,A剤タンク1圧力(Mpa)
6,2026-03-05,-0.00824,0.0356654294400454,-0.035,0.052,50,0.087,A剤タンク1圧力(Mpa)
6,2026-03-06,-0.0030243902439024395,0.040379752231086086,-0.035,0.05,41,0.085,A剤タンク1圧力(Mpa)
6,2026-03-09,0.02325,0.03959911291417706,-0.039,0.051,40,0.09,A剤タンク1圧力(Mpa)
6,2026-03-10,0.03182352941176471,0.023860034529979958,0.0,0.05,34,0.05,A剤タンク1圧力(Mpa)
6,2026-03-11,-0.02020454545454545,0.033420213591968104,-0.036,0.05,44,0.086,A剤タンク1圧力(Mpa)
6,2026-03-19,0.02958181818181818,0.022284931721191833,-0.007,0.05,55,0.057,A剤タンク1圧力(Mpa)
6,2026-03-25,0.03383333333333333,0.021003723723578407,0.004,0.049,66,0.045,A剤タンク1圧力(Mpa)
6,2026-03-26,0.02032,0.020939602163735353,0.004,0.049,50,0.045,A剤タンク1圧力(Mpa)
6,2026-03-27,-0.0029387755102040815,0.02963978756338718,-0.032,0.048,49,0.08,A剤タンク1圧力(Mpa)
6,2026-04-02,-0.0004603174603174604,0.02797857786329449,-0.033,0.047,63,0.08,A剤タンク1圧力(Mpa)
6,2026-04-03,0.04604285714285714,0.0021765263795197496,0.041,0.048,70,0.006999999999999999,A剤タンク1圧力(Mpa)
6,2026-04-06,0.02965,0.019500887553765733,0.003,0.045,40,0.041999999999999996,A剤タンク1圧力(Mpa)
6,2026-04-07,0.0029636363636363636,0.030592884452509204,-0.029,0.048,55,0.077,A剤タンク1圧力(Mpa)
6,2026-04-08,0.01336842105263158,0.019306099095995795,0.0,0.048,38,0.048,A剤タンク1圧力(Mpa)
6,2026-04-09,0.03474603174603175,0.025237560496320307,-0.022,0.049,63,0.07100000000000001,A剤タンク1圧力(Mpa)
6,2026-04-10,0.04667741935483871,0.0009793568220757144,0.045,0.048,31,0.0030000000000000027,A剤タンク1圧力(Mpa)
6,2026-04-15,0.0474,0.0007866066361276082,0.046,0.049,65,0.0030000000000000027,A剤タンク1圧力(Mpa)
6,2026-04-16,0.04780357142857143,0.0009423306282759859,0.047,0.05,56,0.0030000000000000027,A剤タンク1圧力(Mpa)
6,2026-04-17,0.007622222222222223,0.03504301829627596,-0.026,0.049,45,0.075,A剤タンク1圧力(Mpa)
6,2026-04-20,0.018745762711864403,0.02269786046452091,-0.017,0.044,59,0.061,A剤タンク1圧力(Mpa)
6,2026-04-21,0.011673267326732673,0.01912438700240669,-0.021,0.048,101,0.069,A剤タンク1圧力(Mpa)
7,2025-12-26,0.049,0.0,0.049,0.049,9,0.0,A剤タンク1圧力(Mpa)
7,2026-01-05,0.0009007092198581563,0.0424750859688929,-0.036,0.052,141,0.088,A剤タンク1圧力(Mpa)
7,2026-01-06,0.048265822784810127,0.00044459318078134645,0.048,0.049,79,0.0010000000000000009,A剤タンク1圧力(Mpa)
7,2026-01-07,0.03622137404580153,0.03077643705982671,-0.036,0.05,131,0.086,A剤タンク1圧力(Mpa)
7,2026-01-08,0.024621428571428572,0.03816425459614997,-0.036,0.05,140,0.086,A剤タンク1圧力(Mpa)
7,2026-01-09,0.0019090909090909087,0.04188396670167077,-0.036,0.05,121,0.086,A剤タンク1圧力(Mpa)
7,2026-01-10,-0.01633333333333333,0.035518330770579455,-0.042,0.05,120,0.092,A剤タンク1圧力(Mpa)
7,2026-01-13,-0.036,0.0,-0.036,-0.036,30,0.0,A剤タンク1圧力(Mpa)
7,2026-02-05,0.049,0.0,0.049,0.049,19,0.0,A剤タンク1圧力(Mpa)
7,2026-02-06,-0.015814814814814813,0.03677369551786346,-0.038,0.051,54,0.089,A剤タンク1圧力(Mpa)
7,2026-02-09,0.015246478873239436,0.04241038722955196,-0.039,0.055,142,0.094,A剤タンク1圧力(Mpa)
7,2026-02-10,0.003670329670329671,0.043865718060932514,-0.037,0.058,91,0.095,A剤タンク1圧力(Mpa)
7,2026-02-12,0.024055555555555556,0.03963633590066913,-0.036,0.052,72,0.088,A剤タンク1圧力(Mpa)
7,2026-02-13,0.014797101449275362,0.041532262339105286,-0.034,0.051,69,0.08499999999999999,A剤タンク1圧力(Mpa)
7,2026-02-16,0.03318181818181818,0.020690302118470293,0.004,0.049,198,0.045,A剤タンク1圧力(Mpa)
7,2026-02-17,0.01390697674418605,0.04243379006154986,-0.037,0.05,86,0.087,A剤タンク1圧力(Mpa)
7,2026-02-18,-0.01989473684210526,0.0327870206301901,-0.036,0.05,57,0.086,A剤タンク1圧力(Mpa)
7,2026-02-19,0.025198830409356728,0.03712326365645084,-0.034,0.052,171,0.086,A剤タンク1圧力(Mpa)
7,2026-02-20,0.018813953488372094,0.040504198748760226,-0.036,0.052,129,0.088,A剤タンク1圧力(Mpa)
7,2026-02-24,0.03359504132231405,0.02438291017372506,-0.012,0.049,121,0.061,A剤タンク1圧力(Mpa)
7,2026-02-25,0.03821527777777778,0.030408676346153206,-0.035,0.054,144,0.089,A剤タンク1圧力(Mpa)
7,2026-02-26,0.007136842105263158,0.041896684103372474,-0.039,0.053,95,0.092,A剤タンク1圧力(Mpa)
7,2026-02-27,0.048,0.007883074092183657,0.004,0.056,71,0.052000000000000005,A剤タンク1圧力(Mpa)
7,2026-03-02,0.04068468468468468,0.018239309188464344,-0.017,0.047,111,0.064,A剤タンク1圧力(Mpa)
7,2026-03-03,0.02811111111111111,0.028693785622209797,-0.041,0.048,108,0.089,A剤タンク1圧力(Mpa)
7,2026-03-04,0.003558823529411764,0.03893243030296571,-0.035,0.051,102,0.086,A剤タンク1圧力(Mpa)
7,2026-03-05,-0.0014117647058823537,0.0408186894054154,-0.035,0.051,102,0.086,A剤タンク1圧力(Mpa)
7,2026-03-06,0.0033,0.04167462246143774,-0.036,0.052,90,0.088,A剤タンク1圧力(Mpa)
7,2026-03-09,-0.0022749999999999997,0.03660301739410211,-0.035,0.05,120,0.085,A剤タンク1圧力(Mpa)
7,2026-03-10,0.03202857142857143,0.023410620300563224,-0.001,0.05,70,0.051000000000000004,A剤タンク1圧力(Mpa)
7,2026-03-11,0.0028333333333333353,0.04246776702341502,-0.036,0.049,90,0.08499999999999999,A剤タンク1圧力(Mpa)
7,2026-03-18,0.019333333333333334,0.024826061575153907,0.005,0.048,3,0.043000000000000003,A剤タンク1圧力(Mpa)
7,2026-03-19,0.01855844155844156,0.024555251076583188,-0.031,0.049,77,0.08,A剤タンク1圧力(Mpa)
7,2026-03-24,0.045000000000000005,0.0,0.045,0.045,12,0.0,A剤タンク1圧力(Mpa)
7,2026-03-25,0.02961184210526316,0.022931816395713015,-0.028,0.049,152,0.077,A剤タンク1圧力(Mpa)
7,2026-03-26,0.030119402985074623,0.021012638612424542,0.004,0.048,67,0.044,A剤タンク1圧力(Mpa)
7,2026-03-27,0.0298,0.03025269720328081,-0.03,0.049,110,0.079,A剤タンク1圧力(Mpa)
7,2026-04-02,0.0029375,0.026334913895310497,-0.025,0.047,80,0.07200000000000001,A剤タンク1圧力(Mpa)
7,2026-04-03,0.03612658227848101,0.017641273784325437,0.004,0.047,79,0.043,A剤タンク1圧力(Mpa)
7,2026-04-06,0.03013559322033898,0.018954080287785408,0.003,0.044,59,0.040999999999999995,A剤タンク1圧力(Mpa)
7,2026-04-07,0.006193548387096774,0.029473988926986317,-0.031,0.048,62,0.079,A剤タンク1圧力(Mpa)
7,2026-04-08,0.02187142857142857,0.021705486802877667,0.003,0.049,70,0.046,A剤タンク1圧力(Mpa)
7,2026-04-09,0.027466666666666664,0.02945405308167032,-0.032,0.048,60,0.08,A剤タンク1圧力(Mpa)
7,2026-04-10,0.04633928571428571,0.0009395702250455815,0.044,0.047,56,0.0030000000000000027,A剤タンク1圧力(Mpa)
7,2026-04-15,0.04718032786885246,0.0007189853202328811,0.046,0.048,61,0.0020000000000000018,A剤タンク1圧力(Mpa)
7,2026-04-16,0.04762121212121213,0.0007182275515815431,0.047,0.05,66,0.0030000000000000027,A剤タンク1圧力(Mpa)
7,2026-04-17,0.02415,0.03299451675041203,-0.023,0.05,60,0.07300000000000001,A剤タンク1圧力(Mpa)
7,2026-04-20,0.011040816326530613,0.02561409050997246,-0.023,0.043,49,0.066,A剤タンク1圧力(Mpa)
7,2026-04-21,0.0011645569620253164,0.020943409941876906,-0.035,0.047,79,0.082,A剤タンク1圧力(Mpa)
8,2026-01-05,0.013139344262295082,0.04240484058868254,-0.036,0.052,122,0.088,A剤タンク1圧力(Mpa)
8,2026-01-06,0.04848245614035088,0.0005192311562632959,0.048,0.05,114,0.0020000000000000018,A剤タンク1圧力(Mpa)
8,2026-01-07,0.04033333333333333,0.026158927227319752,-0.036,0.051,153,0.087,A剤タンク1圧力(Mpa)
8,2026-01-08,0.013725,0.0418845878274932,-0.037,0.051,120,0.088,A剤タンク1圧力(Mpa)
8,2026-01-09,0.00488659793814433,0.042510752632093904,-0.036,0.05,97,0.086,A剤タンク1圧力(Mpa)
8,2026-01-10,-0.0003365384615384615,0.04195226380526868,-0.037,0.054,104,0.091,A剤タンク1圧力(Mpa)
8,2026-01-13,0.04299999999999999,0.0,0.043,0.043,27,0.0,A剤タンク1圧力(Mpa)
8,2026-02-05,0.049,0.0,0.049,0.049,20,0.0,A剤タンク1圧力(Mpa)
8,2026-02-06,-0.01665,0.03560653474371939,-0.037,0.049,80,0.086,A剤タンク1圧力(Mpa)
8,2026-02-09,0.015221311475409836,0.03926104883075095,-0.037,0.049,122,0.086,A剤タンク1圧力(Mpa)
8,2026-02-10,-0.0007019230769230757,0.04234781543355011,-0.042,0.056,104,0.098,A剤タンク1圧力(Mpa)
8,2026-02-12,0.04230921052631579,0.024331385871862118,-0.035,0.052,152,0.087,A剤タンク1圧力(Mpa)
8,2026-02-13,0.007983471074380166,0.04217068165425564,-0.034,0.053,121,0.087,A剤タンク1圧力(Mpa)
8,2026-02-16,0.026333333333333334,0.022134540614134238,0.004,0.049,162,0.045,A剤タンク1圧力(Mpa)
8,2026-02-17,0.04736842105263158,0.004426915180555875,0.035,0.051,114,0.015999999999999993,A剤タンク1圧力(Mpa)
8,2026-02-18,0.050315068493150684,0.0012119395878871053,0.049,0.055,73,0.005999999999999998,A剤タンク1圧力(Mpa)
8,2026-02-19,0.026475,0.0374434500238097,-0.035,0.056,160,0.091,A剤タンク1圧力(Mpa)
8,2026-02-20,0.03013888888888889,0.030614047017739784,-0.034,0.052,72,0.086,A剤タンク1圧力(Mpa)
8,2026-02-24,0.028158415841584156,0.02646912642051766,-0.008,0.048,101,0.056,A剤タンク1圧力(Mpa)
8,2026-02-25,0.049935483870967745,0.0023676063706974185,0.048,0.056,124,0.008,A剤タンク1圧力(Mpa)
8,2026-02-26,0.028674418604651166,0.03753412309774702,-0.036,0.057,86,0.093,A剤タンク1圧力(Mpa)
8,2026-02-27,0.04229787234042553,0.01790045940855405,-0.037,0.054,94,0.091,A剤タンク1圧力(Mpa)
8,2026-03-02,0.030674999999999997,0.027703116399204048,-0.017,0.048,80,0.065,A剤タンク1圧力(Mpa)
8,2026-03-03,0.01732,0.03355347909823897,-0.036,0.048,100,0.08399999999999999,A剤タンク1圧力(Mpa)
8,2026-03-04,0.0011999999999999995,0.031512865216563594,-0.035,0.05,90,0.085,A剤タンク1圧力(Mpa)
8,2026-03-05,0.032799999999999996,0.035272675205626464,-0.035,0.056,100,0.091,A剤タンク1圧力(Mpa)
8,2026-03-06,0.03147058823529412,0.03520929021788225,-0.035,0.051,51,0.086,A剤タンク1圧力(Mpa)
8,2026-03-09,0.014205357142857143,0.0343501153053803,-0.033,0.052,112,0.08499999999999999,A剤タンク1圧力(Mpa)
8,2026-03-10,0.03920588235294118,0.020072807198239746,0.0,0.051,102,0.051,A剤タンク1圧力(Mpa)
8,2026-03-11,0.020900000000000005,0.0405762308312955,-0.036,0.051,60,0.087,A剤タンク1圧力(Mpa)
8,2026-03-18,0.04185714285714286,0.015322977869645666,0.005,0.048,28,0.043000000000000003,A剤タンク1圧力(Mpa)
8,2026-03-19,0.0198375,0.020882094413363035,-0.012,0.048,80,0.06,A剤タンク1圧力(Mpa)
8,2026-03-24,0.045,0.0,0.045,0.045,40,0.0,A剤タンク1圧力(Mpa)
8,2026-03-25,0.025214659685863873,0.021897632526789595,0.004,0.049,191,0.045,A剤タンク1圧力(Mpa)
8,2026-03-26,0.019805309734513273,0.021533552891393058,-0.029,0.048,113,0.077,A剤タンク1圧力(Mpa)
8,2026-03-27,0.018633333333333335,0.0321665085090521,-0.033,0.051,90,0.08399999999999999,A剤タンク1圧力(Mpa)
8,2026-04-02,0.010433333333333333,0.034042529067487545,-0.033,0.048,60,0.081,A剤タンク1圧力(Mpa)
8,2026-04-03,0.043657894736842104,0.010744986591062142,0.004,0.049,76,0.045,A剤タンク1圧力(Mpa)
8,2026-04-06,0.023452631578947367,0.022482507820408667,-0.036,0.044,95,0.07999999999999999,A剤タンク1圧力(Mpa)
8,2026-04-07,0.0041,0.030407235980930588,-0.029,0.049,60,0.078,A剤タンク1圧力(Mpa)
8,2026-04-08,0.010426229508196721,0.016861651773964734,-0.002,0.048,61,0.05,A剤タンク1圧力(Mpa)
8,2026-04-09,0.025153846153846155,0.03073053260790699,-0.025,0.049,78,0.07400000000000001,A剤タンク1圧力(Mpa)
8,2026-04-10,0.04719047619047619,0.00039743661793164404,0.047,0.048,42,0.0010000000000000009,A剤タンク1圧力(Mpa)
8,2026-04-15,0.04655,0.010340679910767434,-0.032,0.049,60,0.081,A剤タンク1圧力(Mpa)
8,2026-04-16,0.04778888888888889,0.0008141231506163765,0.047,0.049,90,0.0020000000000000018,A剤タンク1圧力(Mpa)
8,2026-04-17,0.02243269230769231,0.033534727521819206,-0.027,0.049,104,0.076,A剤タンク1圧力(Mpa)
8,2026-04-20,0.014275862068965518,0.021295676722669833,-0.019,0.044,116,0.063,A剤タンク1圧力(Mpa)
8,2026-04-21,0.014152631578947368,0.020688745718079608,-0.01,0.047,190,0.057,A剤タンク1圧力(Mpa)
9,2026-01-05,0.0067250000000000035,0.043270756098470635,-0.036,0.05,40,0.086,A剤タンク1圧力(Mpa)
9,2026-01-06,0.04836486486486487,0.0005869429582871399,0.048,0.05,74,0.0020000000000000018,A剤タンク1圧力(Mpa)
9,2026-01-07,0.024985714285714288,0.03856501863769653,-0.036,0.05,70,0.086,A剤タンク1圧力(Mpa)
9,2026-01-08,0.019737704918032787,0.04037569468518747,-0.036,0.049,61,0.08499999999999999,A剤タンク1圧力(Mpa)
9,2026-01-09,0.012408450704225351,0.0420335163767435,-0.035,0.05,71,0.085,A剤タンク1圧力(Mpa)
9,2026-01-10,-0.007116666666666668,0.040278728737393944,-0.038,0.05,60,0.088,A剤タンク1圧力(Mpa)
9,2026-01-13,-0.036,0.0,-0.036,-0.036,4,0.0,A剤タンク1圧力(Mpa)
9,2026-02-05,0.049,0.0,0.049,0.049,2,0.0,A剤タンク1圧力(Mpa)
9,2026-02-06,0.023228070175438598,0.03988466297779298,-0.038,0.049,57,0.087,A剤タンク1圧力(Mpa)
9,2026-02-09,0.038977528089887636,0.027102070336922555,-0.038,0.053,89,0.091,A剤タンク1圧力(Mpa)
9,2026-02-10,0.02066216216216216,0.04138700644055244,-0.036,0.058,74,0.094,A剤タンク1圧力(Mpa)
9,2026-02-12,0.0062647058823529405,0.04277417886440539,-0.035,0.052,68,0.087,A剤タンク1圧力(Mpa)
9,2026-02-13,0.025625,0.03841743010887393,-0.034,0.051,48,0.08499999999999999,A剤タンク1圧力(Mpa)
9,2026-02-16,0.026000000000000002,0.022138802638771615,0.004,0.048,80,0.044,A剤タンク1圧力(Mpa)
9,2026-02-17,0.005704225352112675,0.042108158139383726,-0.035,0.05,71,0.085,A剤タンク1圧力(Mpa)
9,2026-02-18,0.02182608695652174,0.04085158090458791,-0.036,0.051,69,0.087,A剤タンク1圧力(Mpa)
9,2026-02-19,0.027012048192771084,0.03725014125882648,-0.033,0.056,83,0.089,A剤タンク1圧力(Mpa)
9,2026-02-20,0.007233333333333332,0.04192138189381411,-0.035,0.05,60,0.085,A剤タンク1圧力(Mpa)
9,2026-02-24,0.021577777777777776,0.02853426081755125,-0.012,0.048,45,0.06,A剤タンク1圧力(Mpa)
9,2026-02-25,0.05138805970149254,0.002540312697768196,0.049,0.056,67,0.006999999999999999,A剤タンク1圧力(Mpa)
9,2026-02-26,0.02541758241758242,0.035140690543416064,-0.035,0.051,91,0.086,A剤タンク1圧力(Mpa)
9,2026-02-27,0.042499999999999996,0.01473701079525584,0.004,0.048,40,0.044,A剤タンク1圧力(Mpa)
9,2026-03-02,0.0471,0.000305128576629365,0.047,0.048,30,0.0010000000000000009,A剤タンク1圧力(Mpa)
9,2026-03-03,0.0385,0.018293896978682993,0.005,0.05,40,0.045000000000000005,A剤タンク1圧力(Mpa)
9,2026-03-04,0.0030909090909090903,0.03919997145710393,-0.035,0.049,66,0.084,A剤タンク1圧力(Mpa)
9,2026-03-05,0.011828125,0.04349075971462853,-0.035,0.058,64,0.093,A剤タンク1圧力(Mpa)
9,2026-03-06,-0.0005800000000000002,0.04123407051733519,-0.036,0.05,50,0.086,A剤タンク1圧力(Mpa)
9,2026-03-09,0.01847826086956522,0.037792237257549946,-0.035,0.05,69,0.085,A剤タンク1圧力(Mpa)
9,2026-03-10,0.03356164383561644,0.022926201835315144,0.0,0.05,73,0.05,A剤タンク1圧力(Mpa)
9,2026-03-11,0.005836065573770494,0.0428813014136577,-0.036,0.051,61,0.087,A剤タンク1圧力(Mpa)
9,2026-03-19,0.020692307692307694,0.022207169361283394,-0.019,0.048,52,0.067,A剤タンク1圧力(Mpa)
9,2026-03-25,0.03695,0.019928924339172344,-0.007,0.049,80,0.056,A剤タンク1圧力(Mpa)
9,2026-03-26,0.023719999999999998,0.02133602874128594,0.005,0.048,50,0.043000000000000003,A剤タンク1圧力(Mpa)
9,2026-03-27,0.006539999999999999,0.03361438589020348,-0.03,0.048,50,0.078,A剤タンク1圧力(Mpa)
9,2026-04-02,0.0154,0.032394839728352436,-0.024,0.047,40,0.07100000000000001,A剤タンク1圧力(Mpa)
9,2026-04-03,0.04604,0.0014563022785571047,0.042,0.047,50,0.0049999999999999975,A剤タンク1圧力(Mpa)
9,2026-04-06,0.03558,0.016160028793670046,0.003,0.044,50,0.040999999999999995,A剤タンク1圧力(Mpa)
9,2026-04-07,0.007377049180327869,0.029507153897784532,-0.023,0.047,61,0.07,A剤タンク1圧力(Mpa)
9,2026-04-08,0.019299999999999998,0.02104635311857702,0.003,0.048,50,0.045,A剤タンク1圧力(Mpa)
9,2026-04-09,0.03634,0.02022789546893203,-0.032,0.048,50,0.08,A剤タンク1圧力(Mpa)
9,2026-04-10,0.046575,0.0005006406152531224,0.046,0.047,40,0.0010000000000000009,A剤タンク1圧力(Mpa)
9,2026-04-15,0.047870967741935486,0.0003407771005482415,0.047,0.048,31,0.0010000000000000009,A剤タンク1圧力(Mpa)
9,2026-04-16,0.04755,0.0005970010522689679,0.047,0.049,40,0.0020000000000000018,A剤タンク1圧力(Mpa)
9,2026-04-17,0.0033000000000000013,0.0335056865991843,-0.023,0.051,30,0.074,A剤タンク1圧力(Mpa)
9,2026-04-20,0.012551020408163265,0.02553760399268253,-0.022,0.043,49,0.065,A剤タンク1圧力(Mpa)
9,2026-04-21,0.004966666666666666,0.0204051893255718,-0.02,0.047,60,0.067,A剤タンク1圧力(Mpa)
10,2026-01-05,-0.0035714285714285704,0.04318862284047898,-0.04,0.051,21,0.091,A剤タンク1圧力(Mpa)
10,2026-01-06,0.04904761904761905,0.0008047478161629604,0.048,0.05,21,0.0020000000000000018,A剤タンク1圧力(Mpa)
10,2026-01-07,0.03436363636363637,0.0339545150298026,-0.036,0.051,22,0.087,A剤タンク1圧力(Mpa)
10,2026-01-08,0.02362962962962963,0.039787075740890986,-0.037,0.051,27,0.088,A剤タンク1圧力(Mpa)
10,2026-01-09,-0.0028571428571428567,0.042292180972711396,-0.036,0.05,21,0.086,A剤タンク1圧力(Mpa)
10,2026-01-10,-0.012578947368421052,0.03842932299035563,-0.036,0.05,19,0.086,A剤タンク1圧力(Mpa)
10,2026-01-13,0.032578947368421055,0.023044198569689905,-0.041,0.044,19,0.08499999999999999,A剤タンク1圧力(Mpa)
10,2026-02-06,-0.0019333333333333323,0.04333501828226001,-0.037,0.05,15,0.087,A剤タンク1圧力(Mpa)
10,2026-02-09,0.026600000000000002,0.036291642747791585,-0.037,0.048,25,0.08499999999999999,A剤タンク1圧力(Mpa)
10,2026-02-10,0.024125,0.041934671414793116,-0.036,0.056,16,0.092,A剤タンク1圧力(Mpa)
10,2026-02-12,0.03084615384615385,0.037545186451008954,-0.035,0.052,13,0.087,A剤タンク1圧力(Mpa)
10,2026-02-13,0.04988235294117647,0.0007812132344290236,0.049,0.051,17,0.001999999999999995,A剤タンク1圧力(Mpa)
10,2026-02-16,0.028636363636363637,0.029137678854094212,-0.037,0.049,22,0.086,A剤タンク1圧力(Mpa)
10,2026-02-17,0.030904761904761907,0.033567699894250666,-0.036,0.051,21,0.087,A剤タンク1圧力(Mpa)
10,2026-02-18,0.03419047619047619,0.03489071373248051,-0.036,0.051,21,0.087,A剤タンク1圧力(Mpa)
10,2026-02-19,0.024875,0.03906383664379797,-0.033,0.051,16,0.08399999999999999,A剤タンク1圧力(Mpa)
10,2026-02-20,0.0194,0.03945517850816432,-0.035,0.049,10,0.084,A剤タンク1圧力(Mpa)
10,2026-02-24,0.02,0.029514591494904877,-0.008,0.048,10,0.056,A剤タンク1圧力(Mpa)
10,2026-02-25,0.013578947368421053,0.04256670032558534,-0.035,0.05,19,0.085,A剤タンク1圧力(Mpa)
10,2026-02-26,0.023642857142857143,0.03410753840171078,-0.041,0.05,14,0.091,A剤タンク1圧力(Mpa)
10,2026-02-27,0.042625,0.015081445554057474,0.004,0.049,16,0.045,A剤タンク1圧力(Mpa)
10,2026-03-02,0.04673684210526316,0.000653376296474947,0.046,0.048,19,0.0020000000000000018,A剤タンク1圧力(Mpa)
10,2026-03-03,0.03852941176470588,0.0227462020100577,-0.017,0.049,17,0.066,A剤タンク1圧力(Mpa)
10,2026-03-04,-0.007611111111111112,0.03826092906360819,-0.041,0.049,18,0.09,A剤タンク1圧力(Mpa)
10,2026-03-05,-0.019000000000000003,0.03387624536456188,-0.035,0.05,11,0.085,A剤タンク1圧力(Mpa)
10,2026-03-06,-0.007625000000000001,0.03958261402855215,-0.035,0.05,16,0.085,A剤タンク1圧力(Mpa)
10,2026-03-09,0.03742857142857143,0.025163203555724243,-0.009,0.051,14,0.06,A剤タンク1圧力(Mpa)
10,2026-03-10,0.045000000000000005,0.014193468408199086,0.0,0.051,12,0.051,A剤タンク1圧力(Mpa)
10,2026-03-11,-0.005799999999999998,0.0417972550093399,-0.036,0.05,20,0.086,A剤タンク1圧力(Mpa)
10,2026-03-19,0.009333333333333332,0.013,0.005,0.044,9,0.039,A剤タンク1圧力(Mpa)
10,2026-03-25,0.028307692307692308,0.022326252226057525,0.004,0.049,26,0.045,A剤タンク1圧力(Mpa)
10,2026-03-26,0.017083333333333336,0.019991121217586366,0.004,0.048,24,0.044,A剤タンク1圧力(Mpa)
10,2026-03-27,0.006421052631578948,0.030536527834116027,-0.026,0.049,19,0.075,A剤タンク1圧力(Mpa)
10,2026-04-02,-0.010333333333333333,0.008348471099367219,-0.021,0.004,12,0.025,A剤タンク1圧力(Mpa)
10,2026-04-03,0.04627272727272727,0.0021489955370316174,0.042,0.048,11,0.005999999999999998,A剤タンク1圧力(Mpa)
10,2026-04-06,0.03933333333333333,0.01325707358356285,0.004,0.044,9,0.039999999999999994,A剤タンク1圧力(Mpa)
10,2026-04-07,0.0067272727272727284,0.026758516061586485,-0.014,0.048,11,0.062,A剤タンク1圧力(Mpa)
10,2026-04-08,0.024153846153846154,0.02265997261636384,0.004,0.048,13,0.044,A剤タンク1圧力(Mpa)
10,2026-04-09,0.013181818181818182,0.0379968898248743,-0.035,0.047,11,0.082,A剤タンク1圧力(Mpa)
10,2026-04-10,0.04688888888888889,0.0006009252125773317,0.046,0.048,9,0.0020000000000000018,A剤タンク1圧力(Mpa)
10,2026-04-15,0.04811111111111111,0.0009279607271383381,0.046,0.049,9,0.0030000000000000027,A剤タンク1圧力(Mpa)
10,2026-04-16,0.04800000000000001,0.0010000000000000009,0.047,0.049,3,0.0020000000000000018,A剤タンク1圧力(Mpa)
10,2026-04-17,0.014500000000000002,0.03543773882929516,-0.027,0.048,10,0.075,A剤タンク1圧力(Mpa)
10,2026-04-20,0.021272727272727273,0.02587311697144706,-0.018,0.044,11,0.062,A剤タンク1圧力(Mpa)
10,2026-04-21,0.013125,0.019922267419408734,-0.001,0.047,24,0.048,A剤タンク1圧力(Mpa)
13,2026-01-05,-0.0076666666666666645,0.049074772881118195,-0.036,0.049,3,0.08499999999999999,A剤タンク1圧力(Mpa)
13,2026-01-06,0.048499999999999995,0.0012247448713915896,0.048,0.051,6,0.0029999999999999957,A剤タンク1圧力(Mpa)
13,2026-01-07,0.049,0.0,0.049,0.049,2,0.0,A剤タンク1圧力(Mpa)
13,2026-01-08,0.049,,0.049,0.049,1,0.0,A剤タンク1圧力(Mpa)
13,2026-01-09,0.0156,0.046193073073784556,-0.035,0.05,5,0.085,A剤タンク1圧力(Mpa)
13,2026-01-10,-0.006333333333333334,0.043637904013216156,-0.035,0.05,6,0.085,A剤タンク1圧力(Mpa)
13,2026-01-13,0.043000000000000003,0.0,0.043,0.043,3,0.0,A剤タンク1圧力(Mpa)
13,2026-02-06,-0.0076666666666666645,0.04907477288111819,-0.036,0.049,3,0.08499999999999999,A剤タンク1圧力(Mpa)
13,2026-02-09,0.029599999999999998,0.036671514830996545,-0.036,0.046,5,0.08199999999999999,A剤タンク1圧力(Mpa)
13,2026-02-10,0.05,,0.05,0.05,1,0.0,A剤タンク1圧力(Mpa)
13,2026-02-12,0.0505,0.0007071067811865457,0.05,0.051,2,0.000999999999999994,A剤タンク1圧力(Mpa)
13,2026-02-13,0.0495,0.0007071067811865482,0.049,0.05,2,0.0010000000000000009,A剤タンク1圧力(Mpa)
13,2026-02-16,0.048,0.0,0.048,0.048,2,0.0,A剤タンク1圧力(Mpa)
13,2026-02-17,0.02825,0.04217720553411128,-0.035,0.05,4,0.085,A剤タンク1圧力(Mpa)
13,2026-02-18,0.051,0.0,0.051,0.051,2,0.0,A剤タンク1圧力(Mpa)
13,2026-02-19,0.0505,0.0007071067811865457,0.05,0.051,2,0.000999999999999994,A剤タンク1圧力(Mpa)
13,2026-02-20,-0.034,0.0,-0.034,-0.034,2,0.0,A剤タンク1圧力(Mpa)
13,2026-02-25,0.0067500000000000025,0.04936513614552954,-0.036,0.05,4,0.086,A剤タンク1圧力(Mpa)
13,2026-02-26,0.032600000000000004,0.03779285646785646,-0.035,0.05,5,0.085,A剤タンク1圧力(Mpa)
13,2026-02-27,0.048,0.0,0.048,0.048,4,0.0,A剤タンク1圧力(Mpa)
13,2026-03-02,0.0464,0.0005477225575051671,0.046,0.047,5,0.0010000000000000009,A剤タンク1圧力(Mpa)
13,2026-03-03,0.0475,0.0007071067811865482,0.047,0.048,2,0.0010000000000000009,A剤タンク1圧力(Mpa)
13,2026-03-04,0.0075,0.04792007234273894,-0.034,0.049,4,0.083,A剤タンク1圧力(Mpa)
13,2026-03-05,0.0158,0.04592058361998463,-0.035,0.05,5,0.085,A剤タンク1圧力(Mpa)
13,2026-03-06,-0.0166,0.03667833147786306,-0.034,0.049,5,0.083,A剤タンク1圧力(Mpa)
13,2026-03-09,0.006999999999999999,0.05939696961967,-0.035,0.049,2,0.084,A剤タンク1圧力(Mpa)
13,2026-03-10,0.02475,0.028004463929880898,0.0,0.049,4,0.049,A剤タンク1圧力(Mpa)
13,2026-03-11,-0.0017999999999999989,0.04637564015730672,-0.036,0.049,5,0.08499999999999999,A剤タンク1圧力(Mpa)
13,2026-03-19,0.0265,0.030405591591021543,0.005,0.048,2,0.043000000000000003,A剤タンク1圧力(Mpa)
13,2026-03-25,0.012,0.03875195847585365,-0.03,0.048,8,0.078,A剤タンク1圧力(Mpa)
13,2026-03-26,0.0475,0.0007071067811865482,0.047,0.048,2,0.0010000000000000009,A剤タンク1圧力(Mpa)
13,2026-03-27,0.02466666666666667,0.0404145188432738,-0.022,0.048,3,0.07,A剤タンク1圧力(Mpa)
13,2026-04-02,0.047,0.0,0.047,0.047,2,0.0,A剤タンク1圧力(Mpa)
13,2026-04-03,0.03233333333333333,0.024542480178933287,0.004,0.047,3,0.043,A剤タンク1圧力(Mpa)
13,2026-04-06,0.043,,0.043,0.043,1,0.0,A剤タンク1圧力(Mpa)
13,2026-04-08,0.018333333333333333,0.02259793500890439,0.003,0.048,6,0.045,A剤タンク1圧力(Mpa)
13,2026-04-09,0.04566666666666667,0.0023094010767585062,0.043,0.047,3,0.0040000000000000036,A剤タンク1圧力(Mpa)
13,2026-04-10,0.0465,0.0007071067811865482,0.046,0.047,2,0.0010000000000000009,A剤タンク1圧力(Mpa)
13,2026-04-15,0.0316,0.035556996498579574,-0.032,0.048,5,0.08,A剤タンク1圧力(Mpa)
13,2026-04-16,0.047,0.0,0.047,0.047,5,0.0,A剤タンク1圧力(Mpa)
13,2026-04-17,0.01425,0.039075781075580136,-0.023,0.048,4,0.07100000000000001,A剤タンク1圧力(Mpa)
13,2026-04-20,0.023,0.02193931022920578,0.004,0.042,4,0.038000000000000006,A剤タンク1圧力(Mpa)
13,2026-04-21,0.046,,0.046,0.046,1,0.0,A剤タンク1圧力(Mpa)
14,2026-02-17,0.045200000000000004,0.005996295152471697,0.038,0.05,10,0.012000000000000004,A剤タンク1圧力(Mpa)
14,2026-02-18,0.0509,0.0003162277660168357,0.05,0.051,10,0.000999999999999994,A剤タンク1圧力(Mpa)
14,2026-02-24,0.048,0.0,0.048,0.048,5,0.0,A剤タンク1圧力(Mpa)
14,2026-02-25,0.04806896551724139,0.00037139067635410335,0.048,0.05,29,0.0020000000000000018,A剤タンク1圧力(Mpa)
14,2026-02-26,-0.035,0.0,-0.035,-0.035,15,0.0,A剤タンク1圧力(Mpa)
14,2026-02-27,0.004,,0.004,0.004,1,0.0,A剤タンク1圧力(Mpa)
14,2026-03-02,0.01811111111111111,0.03331082573445322,-0.017,0.047,9,0.064,A剤タンク1圧力(Mpa)
14,2026-03-03,0.04833333333333333,0.00048795003647426763,0.048,0.049,15,0.0010000000000000009,A剤タンク1圧力(Mpa)
14,2026-03-05,0.008400000000000001,0.04268168595298777,-0.034,0.05,20,0.084,A剤タンク1圧力(Mpa)
14,2026-03-06,-0.0329,0.0003162277660168384,-0.033,-0.032,10,0.0010000000000000009,A剤タンク1圧力(Mpa)
14,2026-03-09,0.0322,0.03589150317275664,-0.032,0.049,5,0.081,A剤タンク1圧力(Mpa)
14,2026-03-10,0.0486,0.0005477225575051671,0.048,0.049,5,0.0010000000000000009,A剤タンク1圧力(Mpa)
14,2026-03-11,-0.036,0.0,-0.036,-0.036,6,0.0,A剤タンク1圧力(Mpa)
14,2026-03-25,0.049,0.0,0.049,0.049,10,0.0,A剤タンク1圧力(Mpa)
14,2026-03-26,0.005,0.0,0.005,0.005,5,0.0,A剤タンク1圧力(Mpa)
14,2026-03-27,0.047799999999999995,0.00044721359549995774,0.047,0.048,5,0.0010000000000000009,A剤タンク1圧力(Mpa)
14,2026-04-03,0.0472,0.0006324555320336766,0.047,0.049,10,0.0020000000000000018,A剤タンク1圧力(Mpa)
14,2026-04-07,-0.0144,0.0005477225575051655,-0.015,-0.014,5,0.0009999999999999992,A剤タンク1圧力(Mpa)
14,2026-04-08,0.004,0.0,0.004,0.004,5,0.0,A剤タンク1圧力(Mpa)
14,2026-04-09,0.048,0.0,0.048,0.048,5,0.0,A剤タンク1圧力(Mpa)
14,2026-04-15,0.0474,0.0005477225575051671,0.047,0.048,5,0.0010000000000000009,A剤タンク1圧力(Mpa)
14,2026-04-16,0.0474,0.0005163977794943252,0.047,0.048,10,0.0010000000000000009,A剤タンク1圧力(Mpa)
14,2026-04-17,-0.018,0.0,-0.018,-0.018,5,0.0,A剤タンク1圧力(Mpa)
14,2026-04-20,-0.02405,0.0010500626547722618,-0.026,-0.023,20,0.002999999999999999,A剤タンク1圧力(Mpa)
1,2025-12-26,-0.044,0.0,-0.044,-0.044,31,0.0,A剤タンク2圧力(Mpa)
1,2026-01-05,0.026527363184079604,0.03952234126244639,-0.047,0.05,402,0.097,A剤タンク2圧力(Mpa)
1,2026-01-06,0.0025106796116504864,0.045896997927946555,-0.045,0.05,515,0.095,A剤タンク2圧力(Mpa)
1,2026-01-07,0.0005529197080291983,0.04571198814132532,-0.049,0.056,548,0.10500000000000001,A剤タンク2圧力(Mpa)
1,2026-01-08,-0.005889117043121147,0.0456297050636776,-0.048,0.056,487,0.10400000000000001,A剤タンク2圧力(Mpa)
1,2026-01-09,0.02948876404494382,0.03642632268306311,-0.049,0.054,534,0.10300000000000001,A剤タンク2圧力(Mpa)
1,2026-01-10,0.018572580645161294,0.042339832168707174,-0.048,0.05,496,0.098,A剤タンク2圧力(Mpa)
1,2026-01-13,-0.00404933586337761,0.04322807840820672,-0.044,0.046,527,0.09,A剤タンク2圧力(Mpa)
1,2026-02-05,-0.043,0.0,-0.043,-0.043,15,0.0,A剤タンク2圧力(Mpa)
1,2026-02-06,0.009883783783783786,0.04521505381325161,-0.043,0.05,370,0.093,A剤タンク2圧力(Mpa)
1,2026-02-09,0.018472072072072073,0.04173382038286585,-0.045,0.047,555,0.092,A剤タンク2圧力(Mpa)
1,2026-02-10,0.0155491452991453,0.04346831452421724,-0.045,0.05,468,0.095,A剤タンク2圧力(Mpa)
1,2026-02-12,0.009614699331848555,0.04573102511913924,-0.049,0.05,449,0.099,A剤タンク2圧力(Mpa)
1,2026-02-13,0.005152406417112301,0.04526384707581183,-0.048,0.05,374,0.098,A剤タンク2圧力(Mpa)
1,2026-02-16,0.011140589569161,0.04473007158588954,-0.044,0.049,882,0.093,A剤タンク2圧力(Mpa)
1,2026-02-17,0.026411255411255417,0.03932284366067034,-0.046,0.051,462,0.097,A剤タンク2圧力(Mpa)
1,2026-02-18,0.030045064377682406,0.03718497944086228,-0.043,0.051,466,0.094,A剤タンク2圧力(Mpa)
1,2026-02-19,0.025522954091816367,0.04000152462164272,-0.047,0.05,501,0.097,A剤タンク2圧力(Mpa)
1,2026-02-20,0.011691906005221934,0.04463938242305286,-0.045,0.049,383,0.094,A剤タンク2圧力(Mpa)
1,2026-02-24,0.007996491228070177,0.04382379074809129,-0.047,0.052,285,0.099,A剤タンク2圧力(Mpa)
1,2026-02-25,0.04035387323943662,0.027038149007030925,-0.043,0.051,568,0.094,A剤タンク2圧力(Mpa)
1,2026-02-26,0.025491954022988508,0.04023550263685392,-0.043,0.051,435,0.094,A剤タンク2圧力(Mpa)
1,2026-02-27,0.009265524625267666,0.045080544868448466,-0.044,0.05,467,0.094,A剤タンク2圧力(Mpa)
1,2026-03-02,0.007029045643153526,0.04338901039668607,-0.048,0.052,482,0.1,A剤タンク2圧力(Mpa)
1,2026-03-03,0.03515164835164835,0.03126631860317128,-0.048,0.05,455,0.098,A剤タンク2圧力(Mpa)
1,2026-03-04,0.03471274298056155,0.03192275562106843,-0.047,0.05,463,0.097,A剤タンク2圧力(Mpa)
1,2026-03-05,0.03520394736842106,0.032867166317567975,-0.044,0.051,456,0.095,A剤タンク2圧力(Mpa)
1,2026-03-06,0.015755319148936173,0.04417268067386203,-0.044,0.05,470,0.094,A剤タンク2圧力(Mpa)
1,2026-03-09,0.024201793721973095,0.03883661652734679,-0.049,0.054,446,0.10300000000000001,A剤タンク2圧力(Mpa)
1,2026-03-10,0.007206593406593408,0.04630417009174204,-0.049,0.052,455,0.101,A剤タンク2圧力(Mpa)
1,2026-03-11,0.033498956158663884,0.030170150308200534,-0.044,0.049,479,0.093,A剤タンク2圧力(Mpa)
1,2026-03-18,0.04803703703703704,0.00019245008972987483,0.048,0.049,27,0.0010000000000000009,A剤タンク2圧力(Mpa)
1,2026-03-19,0.009269047619047618,0.041358857885372684,-0.035,0.055,420,0.09,A剤タンク2圧力(Mpa)
1,2026-03-24,0.049,0.0,0.049,0.049,56,0.0,A剤タンク2圧力(Mpa)
1,2026-03-25,0.016017208413001912,0.0398833751248462,-0.036,0.056,523,0.092,A剤タンク2圧力(Mpa)
1,2026-03-26,0.016806451612903225,0.040515835068599626,-0.036,0.05,434,0.086,A剤タンク2圧力(Mpa)
1,2026-03-27,0.027231441048034932,0.034619010071241366,-0.035,0.05,458,0.085,A剤タンク2圧力(Mpa)
1,2026-04-01,-0.034,0.0,-0.034,-0.034,24,0.0,A剤タンク2圧力(Mpa)
1,2026-04-02,0.030062630480167014,0.03233746357382216,-0.03,0.05,479,0.08,A剤タンク2圧力(Mpa)
1,2026-04-03,0.006459459459459459,0.037303050010870115,-0.035,0.049,444,0.084,A剤タンク2圧力(Mpa)
1,2026-04-06,0.024455580865603642,0.03370429033252826,-0.037,0.052,439,0.089,A剤タンク2圧力(Mpa)
1,2026-04-07,0.022491631799163178,0.037309051698367256,-0.036,0.053,478,0.089,A剤タンク2圧力(Mpa)
1,2026-04-08,0.012872437357630979,0.04076855424002648,-0.035,0.05,439,0.085,A剤タンク2圧力(Mpa)
1,2026-04-09,0.0092991452991453,0.03741795077169708,-0.033,0.049,468,0.082,A剤タンク2圧力(Mpa)
1,2026-04-10,-0.013492146596858639,0.0366640947477773,-0.037,0.049,382,0.086,A剤タンク2圧力(Mpa)
1,2026-04-14,0.00365625,0.0004825587044348146,0.003,0.004,32,0.001,A剤タンク2圧力(Mpa)
1,2026-04-15,0.01918801652892562,0.036591129339885856,-0.034,0.049,484,0.083,A剤タンク2圧力(Mpa)
1,2026-04-16,0.0024556962025316454,0.04068155010913079,-0.035,0.05,474,0.085,A剤タンク2圧力(Mpa)
1,2026-04-17,0.023085287846481877,0.03820727848517728,-0.035,0.052,469,0.087,A剤タンク2圧力(Mpa)
1,2026-04-20,0.024642718446601944,0.02682129432319674,-0.035,0.048,515,0.083,A剤タンク2圧力(Mpa)
1,2026-04-21,0.03156124031007752,0.025729687490038015,-0.036,0.048,645,0.08399999999999999,A剤タンク2圧力(Mpa)
2,2026-01-05,0.035023809523809527,0.03283995788538794,-0.044,0.05,42,0.094,A剤タンク2圧力(Mpa)
2,2026-01-06,-0.035166666666666666,0.026089589239132658,-0.045,0.05,24,0.095,A剤タンク2圧力(Mpa)
2,2026-01-07,-0.021437499999999998,0.04143906168500119,-0.047,0.048,16,0.095,A剤タンク2圧力(Mpa)
2,2026-01-08,0.03674193548387097,0.031594269250330285,-0.044,0.049,31,0.093,A剤タンク2圧力(Mpa)
2,2026-01-09,0.048266666666666666,0.0005936168397046646,0.048,0.05,15,0.0020000000000000018,A剤タンク2圧力(Mpa)
2,2026-01-10,0.04915384615384615,0.000375533808099405,0.049,0.05,13,0.0010000000000000009,A剤タンク2圧力(Mpa)
2,2026-01-13,-0.023958333333333335,0.03613799538083051,-0.044,0.045,24,0.089,A剤タンク2圧力(Mpa)
2,2026-02-06,0.037125000000000005,0.03077257891212931,-0.043,0.049,32,0.092,A剤タンク2圧力(Mpa)
2,2026-02-09,-0.006214285714285714,0.045181409765076924,-0.045,0.047,28,0.092,A剤タンク2圧力(Mpa)
2,2026-02-10,-0.036833333333333336,0.021194477638124067,-0.044,0.048,18,0.092,A剤タンク2圧力(Mpa)
2,2026-02-12,0.020034482758620693,0.044027169175587064,-0.047,0.05,29,0.097,A剤タンク2圧力(Mpa)
2,2026-02-13,0.028777777777777777,0.03948127710485143,-0.043,0.05,18,0.093,A剤タンク2圧力(Mpa)
2,2026-02-16,0.038142857142857145,0.028712638060888522,-0.044,0.048,56,0.092,A剤タンク2圧力(Mpa)
2,2026-02-17,0.019548387096774197,0.04390431923298467,-0.043,0.051,31,0.094,A剤タンク2圧力(Mpa)
2,2026-02-18,0.000733333333333334,0.047565693920043235,-0.043,0.05,15,0.093,A剤タンク2圧力(Mpa)
2,2026-02-19,-0.024052631578947367,0.03876062389735594,-0.044,0.049,19,0.093,A剤タンク2圧力(Mpa)
2,2026-02-20,-0.0312,0.032160756920730046,-0.044,0.048,15,0.092,A剤タンク2圧力(Mpa)
2,2026-02-24,0.046,0.0,0.046,0.046,21,0.0,A剤タンク2圧力(Mpa)
2,2026-02-25,0.019557377049180327,0.043914509595411225,-0.043,0.05,61,0.093,A剤タンク2圧力(Mpa)
2,2026-02-26,-0.02611764705882353,0.03648267114833626,-0.043,0.051,17,0.094,A剤タンク2圧力(Mpa)
2,2026-02-27,-0.03899999999999999,0.019195169846983526,-0.044,0.049,23,0.093,A剤タンク2圧力(Mpa)
2,2026-03-02,0.029,0.03559775273805918,-0.043,0.045,11,0.088,A剤タンク2圧力(Mpa)
2,2026-03-03,0.04830769230769231,0.0004706787243316408,0.048,0.049,26,0.0010000000000000009,A剤タンク2圧力(Mpa)
2,2026-03-04,0.04877272727272727,0.0006119304490372039,0.048,0.05,22,0.0020000000000000018,A剤タンク2圧力(Mpa)
2,2026-03-05,0.0034444444444444466,0.04802232596251116,-0.044,0.051,18,0.095,A剤タンク2圧力(Mpa)
2,2026-03-06,-0.03491666666666667,0.026441903154354122,-0.044,0.049,12,0.093,A剤タンク2圧力(Mpa)
2,2026-03-09,0.04810526315789474,0.0003153017676423052,0.048,0.049,19,0.0010000000000000009,A剤タンク2圧力(Mpa)
2,2026-03-10,0.04942105263157895,0.0005072572735017896,0.049,0.05,19,0.0010000000000000009,A剤タンク2圧力(Mpa)
2,2026-03-11,0.038857142857142854,0.02327381210009073,-0.042,0.046,14,0.088,A剤タンク2圧力(Mpa)
2,2026-03-19,0.039117647058823535,0.027896868894513007,-0.035,0.049,17,0.084,A剤タンク2圧力(Mpa)
2,2026-03-25,0.0450952380952381,0.017674302033770736,-0.033,0.049,42,0.082,A剤タンク2圧力(Mpa)
2,2026-03-26,0.0285,0.03708589538306493,-0.033,0.049,12,0.082,A剤タンク2圧力(Mpa)
2,2026-03-27,0.034176470588235294,0.03254273208820528,-0.034,0.05,17,0.084,A剤タンク2圧力(Mpa)
2,2026-04-02,-0.006266666666666667,0.03489467144476496,-0.03,0.05,15,0.08,A剤タンク2圧力(Mpa)
2,2026-04-03,-0.02315789473684211,0.01756341892145508,-0.035,0.002,19,0.037000000000000005,A剤タンク2圧力(Mpa)
2,2026-04-06,0.045,0.0,0.045,0.045,13,0.0,A剤タンク2圧力(Mpa)
2,2026-04-07,0.04852941176470588,0.0007998161553463034,0.048,0.05,17,0.0020000000000000018,A剤タンク2圧力(Mpa)
2,2026-04-08,0.03940740740740741,0.026334036558824048,-0.035,0.049,27,0.084,A剤タンク2圧力(Mpa)
2,2026-04-09,-0.015526315789473687,0.03344376444297142,-0.033,0.048,19,0.081,A剤タンク2圧力(Mpa)
2,2026-04-10,-0.03542857142857143,0.0007559289460184539,-0.036,-0.034,14,0.001999999999999995,A剤タンク2圧力(Mpa)
2,2026-04-15,-0.012352941176470587,0.03453067689835842,-0.033,0.048,17,0.081,A剤タンク2圧力(Mpa)
2,2026-04-16,-0.02676923076923077,0.02276749820158057,-0.034,0.049,13,0.083,A剤タンク2圧力(Mpa)
2,2026-04-17,0.04042105263157895,0.026581772763960912,-0.035,0.05,19,0.085,A剤タンク2圧力(Mpa)
2,2026-04-20,0.042083333333333334,0.0002886751345948114,0.042,0.043,12,0.000999999999999994,A剤タンク2圧力(Mpa)
2,2026-04-21,0.0416,0.01077545102664321,0.002,0.045,30,0.043,A剤タンク2圧力(Mpa)
3,2026-01-05,0.0175,0.048413840996144895,-0.045,0.049,6,0.094,A剤タンク2圧力(Mpa)
3,2026-01-06,0.002250000000000002,0.05398379386445529,-0.045,0.049,4,0.094,A剤タンク2圧力(Mpa)
3,2026-01-07,0.0023333333333333353,0.050393121223701424,-0.044,0.049,6,0.093,A剤タンク2圧力(Mpa)
3,2026-01-08,-0.028833333333333332,0.038133537295491834,-0.045,0.049,6,0.094,A剤タンク2圧力(Mpa)
3,2026-01-09,0.01,0.05203364296299078,-0.047,0.048,5,0.095,A剤タンク2圧力(Mpa)
3,2026-01-10,0.04833333333333334,0.0005773502691896258,0.048,0.049,3,0.0010000000000000009,A剤タンク2圧力(Mpa)
3,2026-01-13,-0.044,0.0,-0.044,-0.044,2,0.0,A剤タンク2圧力(Mpa)
3,2026-02-12,0.0030000000000000027,0.05311622476544557,-0.043,0.049,4,0.092,A剤タンク2圧力(Mpa)
3,2026-02-13,-0.012999999999999998,0.0536935750346352,-0.044,0.049,3,0.093,A剤タンク2圧力(Mpa)
3,2026-02-16,-0.006599999999999997,0.04699219793398332,-0.043,0.048,10,0.091,A剤タンク2圧力(Mpa)
3,2026-02-17,0.012400000000000003,0.05057469723092764,-0.043,0.05,5,0.093,A剤タンク2圧力(Mpa)
3,2026-02-18,0.008333333333333335,0.04822603031558787,-0.043,0.049,9,0.092,A剤タンク2圧力(Mpa)
3,2026-04-02,0.0285,0.039,-0.03,0.048,4,0.078,A剤タンク2圧力(Mpa)
3,2026-04-03,0.002,,0.002,0.002,1,0.0,A剤タンク2圧力(Mpa)
6,2025-12-26,-0.044,0.0,-0.044,-0.044,13,0.0,A剤タンク2圧力(Mpa)
6,2026-01-05,0.021263157894736845,0.04296645774587511,-0.044,0.052,76,0.096,A剤タンク2圧力(Mpa)
6,2026-01-06,-0.014855072463768115,0.04255075701349088,-0.044,0.049,69,0.093,A剤タンク2圧力(Mpa)
6,2026-01-07,-0.016256410256410253,0.040929916629014476,-0.044,0.049,78,0.093,A剤タンク2圧力(Mpa)
6,2026-01-08,0.00936065573770492,0.04637277677937249,-0.044,0.049,61,0.093,A剤タンク2圧力(Mpa)
6,2026-01-09,0.025469696969696972,0.03931537953014148,-0.046,0.048,66,0.094,A剤タンク2圧力(Mpa)
6,2026-01-10,0.02875,0.038341739436948435,-0.044,0.049,60,0.093,A剤タンク2圧力(Mpa)
6,2026-01-13,-0.008193548387096777,0.04296389590268747,-0.044,0.046,62,0.09,A剤タンク2圧力(Mpa)
6,2026-02-06,0.011128205128205131,0.045439372759057704,-0.043,0.049,78,0.092,A剤タンク2圧力(Mpa)
6,2026-02-09,0.013385245901639344,0.043622051956334895,-0.045,0.047,122,0.092,A剤タンク2圧力(Mpa)
6,2026-02-10,0.011100000000000002,0.04511913905274301,-0.045,0.049,80,0.094,A剤タンク2圧力(Mpa)
6,2026-02-12,0.0037586206896551744,0.045172785982538405,-0.049,0.049,87,0.098,A剤タンク2圧力(Mpa)
6,2026-02-13,0.015386363636363637,0.04477207458323702,-0.044,0.05,88,0.094,A剤タンク2圧力(Mpa)
6,2026-02-16,0.0076438356164383586,0.04333299129014868,-0.043,0.054,146,0.097,A剤タンク2圧力(Mpa)
6,2026-02-17,0.032985294117647064,0.03544029776796963,-0.043,0.05,68,0.093,A剤タンク2圧力(Mpa)
6,2026-02-18,0.03869230769230769,0.029705178040159985,-0.043,0.052,78,0.095,A剤タンク2圧力(Mpa)
6,2026-02-19,0.017343283582089555,0.04397091057657909,-0.045,0.049,67,0.094,A剤タンク2圧力(Mpa)
6,2026-02-20,0.009063291139240507,0.045574211604683966,-0.045,0.049,79,0.094,A剤タンク2圧力(Mpa)
6,2026-02-24,0.016333333333333335,0.042550138492304414,-0.043,0.046,36,0.089,A剤タンク2圧力(Mpa)
6,2026-02-25,0.0219468085106383,0.04248728260613122,-0.044,0.05,94,0.094,A剤タンク2圧力(Mpa)
6,2026-02-26,0.028636363636363637,0.03882490729639193,-0.043,0.051,66,0.094,A剤タンク2圧力(Mpa)
6,2026-02-27,0.006254901960784313,0.04591071471334548,-0.043,0.05,51,0.093,A剤タンク2圧力(Mpa)
6,2026-03-02,0.005816326530612245,0.04444831899211138,-0.044,0.047,49,0.091,A剤タンク2圧力(Mpa)
6,2026-03-03,0.032531250000000005,0.03468404726845809,-0.043,0.049,64,0.092,A剤タンク2圧力(Mpa)
6,2026-03-04,0.03831111111111111,0.029438550963460864,-0.044,0.05,45,0.094,A剤タンク2圧力(Mpa)
6,2026-03-05,0.04178,0.025488925166088285,-0.044,0.051,50,0.095,A剤タンク2圧力(Mpa)
6,2026-03-06,0.015512195121951223,0.04484480011730429,-0.044,0.05,41,0.094,A剤タンク2圧力(Mpa)
6,2026-03-09,0.029849999999999998,0.03777840245838476,-0.045,0.049,40,0.094,A剤タンク2圧力(Mpa)
6,2026-03-10,0.005352941176470591,0.04636866911973891,-0.049,0.05,34,0.099,A剤タンク2圧力(Mpa)
6,2026-03-11,0.031204545454545454,0.0326557659323096,-0.043,0.049,44,0.092,A剤タンク2圧力(Mpa)
6,2026-03-19,0.012272727272727272,0.041980795673583954,-0.035,0.05,55,0.085,A剤タンク2圧力(Mpa)
6,2026-03-25,0.014560606060606062,0.040801632240306196,-0.033,0.05,66,0.083,A剤タンク2圧力(Mpa)
6,2026-03-26,0.0337,0.032516400885255,-0.035,0.049,50,0.084,A剤タンク2圧力(Mpa)
6,2026-03-27,0.04175510204081633,0.022832296763799397,-0.034,0.05,49,0.084,A剤タンク2圧力(Mpa)
6,2026-04-02,0.029793650793650792,0.03339700524055081,-0.03,0.049,63,0.079,A剤タンク2圧力(Mpa)
6,2026-04-03,-0.013285714285714286,0.03273262028377536,-0.035,0.049,70,0.084,A剤タンク2圧力(Mpa)
6,2026-04-06,0.040675,0.012722657962903255,0.003,0.045,40,0.041999999999999996,A剤タンク2圧力(Mpa)
6,2026-04-07,0.03630909090909091,0.029491915230670657,-0.036,0.05,55,0.086,A剤タンク2圧力(Mpa)
6,2026-04-08,0.02905263157894737,0.035666584685919885,-0.035,0.05,38,0.085,A剤タンク2圧力(Mpa)
6,2026-04-09,0.0031587301587301586,0.039900766566007766,-0.033,0.049,63,0.082,A剤タンク2圧力(Mpa)
6,2026-04-10,-0.011387096774193547,0.03861405393493829,-0.036,0.048,31,0.08399999999999999,A剤タンク2圧力(Mpa)
6,2026-04-15,0.006630769230769231,0.03982405414396604,-0.033,0.048,65,0.081,A剤タンク2圧力(Mpa)
6,2026-04-16,-0.008464285714285714,0.038366635261626765,-0.035,0.05,56,0.085,A剤タンク2圧力(Mpa)
6,2026-04-17,0.023466666666666667,0.03896420268540203,-0.035,0.05,45,0.085,A剤タンク2圧力(Mpa)
6,2026-04-20,0.027101694915254236,0.02844213418640965,-0.037,0.043,59,0.07999999999999999,A剤タンク2圧力(Mpa)
6,2026-04-21,0.03959405940594059,0.012874143247472257,0.002,0.045,101,0.043,A剤タンク2圧力(Mpa)
7,2025-12-26,-0.044,0.0,-0.044,-0.044,9,0.0,A剤タンク2圧力(Mpa)
7,2026-01-05,0.009255319148936172,0.045896841512137555,-0.048,0.05,141,0.098,A剤タンク2圧力(Mpa)
7,2026-01-06,0.0012531645569620262,0.04601044150012774,-0.044,0.049,79,0.093,A剤タンク2圧力(Mpa)
7,2026-01-07,-0.007618320610687021,0.045081372242998574,-0.047,0.049,131,0.096,A剤タンク2圧力(Mpa)
7,2026-01-08,-0.006264285714285712,0.04570040232719423,-0.044,0.049,140,0.093,A剤タンク2圧力(Mpa)
7,2026-01-09,0.0327107438016529,0.034279351903764875,-0.044,0.049,121,0.093,A剤タンク2圧力(Mpa)
7,2026-01-10,0.03331666666666667,0.03427593989991242,-0.043,0.049,120,0.092,A剤タンク2圧力(Mpa)
7,2026-01-13,0.04483333333333333,0.000379049021789452,0.044,0.045,30,0.0010000000000000009,A剤タンク2圧力(Mpa)
7,2026-02-05,-0.020105263157894734,0.0394122016313083,-0.043,0.048,19,0.091,A剤タンク2圧力(Mpa)
7,2026-02-06,0.029537037037037035,0.03928930574306687,-0.044,0.056,54,0.1,A剤タンク2圧力(Mpa)
7,2026-02-09,0.025260563380281688,0.03803314709164278,-0.045,0.047,142,0.092,A剤タンク2圧力(Mpa)
7,2026-02-10,0.016439560439560442,0.044153824243888494,-0.046,0.048,91,0.094,A剤タンク2圧力(Mpa)
7,2026-02-12,0.023361111111111114,0.04175795633239135,-0.044,0.05,72,0.094,A剤タンク2圧力(Mpa)
7,2026-02-13,0.019840579710144926,0.042193400372014474,-0.048,0.056,69,0.10400000000000001,A剤タンク2圧力(Mpa)
7,2026-02-16,-0.003545454545454543,0.045140788836676465,-0.043,0.049,198,0.092,A剤タンク2圧力(Mpa)
7,2026-02-17,0.004720930232558142,0.04496577814105266,-0.047,0.049,86,0.096,A剤タンク2圧力(Mpa)
7,2026-02-18,0.049052631578947375,0.0002252817784447893,0.049,0.05,57,0.0010000000000000009,A剤タンク2圧力(Mpa)
7,2026-02-19,0.013432748538011697,0.04479600668968473,-0.044,0.049,171,0.093,A剤タンク2圧力(Mpa)
7,2026-02-20,-0.0033023255813953477,0.045902683175108816,-0.047,0.049,129,0.096,A剤タンク2圧力(Mpa)
7,2026-02-24,0.006190082644628098,0.04446184020213042,-0.045,0.053,121,0.098,A剤タンク2圧力(Mpa)
7,2026-02-25,0.009597222222222224,0.04567157299286484,-0.043,0.05,144,0.093,A剤タンク2圧力(Mpa)
7,2026-02-26,0.023894736842105264,0.04128197630624241,-0.043,0.05,95,0.093,A剤タンク2圧力(Mpa)
7,2026-02-27,0.0006056338028169024,0.0428063676415552,-0.045,0.05,71,0.095,A剤タンク2圧力(Mpa)
7,2026-03-02,0.0010630630630630627,0.04285563064295143,-0.048,0.047,111,0.095,A剤タンク2圧力(Mpa)
7,2026-03-03,0.03675925925925926,0.030972966919880423,-0.048,0.056,108,0.10400000000000001,A剤タンク2圧力(Mpa)
7,2026-03-04,0.037637254901960786,0.028874185673892546,-0.044,0.055,102,0.099,A剤タンク2圧力(Mpa)
7,2026-03-05,0.03168627450980392,0.03591298074489646,-0.043,0.05,102,0.093,A剤タンク2圧力(Mpa)
7,2026-03-06,0.00818888888888889,0.04588845646732744,-0.045,0.049,90,0.094,A剤タンク2圧力(Mpa)
7,2026-03-09,0.033766666666666674,0.033886794565706195,-0.044,0.054,120,0.098,A剤タンク2圧力(Mpa)
7,2026-03-10,0.023671428571428576,0.043179679006322254,-0.044,0.057,70,0.101,A剤タンク2圧力(Mpa)
7,2026-03-11,0.04594444444444444,0.0016983872793952214,0.045,0.049,90,0.0040000000000000036,A剤タンク2圧力(Mpa)
7,2026-03-18,0.04833333333333334,0.0005773502691896258,0.048,0.049,3,0.0010000000000000009,A剤タンク2圧力(Mpa)
7,2026-03-19,0.018077922077922078,0.04156313087649925,-0.035,0.055,77,0.09,A剤タンク2圧力(Mpa)
7,2026-03-24,0.04900000000000001,0.0,0.049,0.049,12,0.0,A剤タンク2圧力(Mpa)
7,2026-03-25,0.03508552631578948,0.030932300372647277,-0.034,0.056,152,0.09,A剤タンク2圧力(Mpa)
7,2026-03-26,0.011686567164179103,0.0423814599814388,-0.035,0.055,67,0.09,A剤タンク2圧力(Mpa)
7,2026-03-27,0.0093,0.03587274910625566,-0.035,0.049,110,0.084,A剤タンク2圧力(Mpa)
7,2026-04-02,0.0296375,0.03294538777961746,-0.029,0.05,80,0.079,A剤タンク2圧力(Mpa)
7,2026-04-03,0.011316455696202533,0.03851358212098271,-0.035,0.05,79,0.085,A剤タンク2圧力(Mpa)
7,2026-04-06,0.030152542372881355,0.03128336208633748,-0.035,0.045,59,0.08,A剤タンク2圧力(Mpa)
7,2026-04-07,0.02904838709677419,0.02929187624153391,-0.034,0.05,62,0.084,A剤タンク2圧力(Mpa)
7,2026-04-08,0.02154285714285714,0.03754559960487302,-0.035,0.049,70,0.084,A剤タンク2圧力(Mpa)
7,2026-04-09,0.009266666666666668,0.040285366257032794,-0.033,0.049,60,0.082,A剤タンク2圧力(Mpa)
7,2026-04-10,0.0029821428571428577,0.041897056121979644,-0.036,0.048,56,0.08399999999999999,A剤タンク2圧力(Mpa)
7,2026-04-15,0.020836065573770494,0.0379105000089548,-0.032,0.049,61,0.081,A剤タンク2圧力(Mpa)
7,2026-04-16,0.002166666666666666,0.040548008898601,-0.035,0.05,66,0.085,A剤タンク2圧力(Mpa)
7,2026-04-17,0.03531666666666667,0.03085971081219702,-0.035,0.049,60,0.084,A剤タンク2圧力(Mpa)
7,2026-04-20,0.024979591836734694,0.023288489463608387,-0.013,0.043,49,0.055999999999999994,A剤タンク2圧力(Mpa)
7,2026-04-21,0.04291139240506329,0.004756075395171627,0.027,0.045,79,0.018,A剤タンク2圧力(Mpa)
8,2026-01-05,0.009942622950819675,0.045976512002034134,-0.046,0.049,122,0.095,A剤タンク2圧力(Mpa)
8,2026-01-06,-0.002929824561403507,0.04593082896624522,-0.044,0.049,114,0.093,A剤タンク2圧力(Mpa)
8,2026-01-07,-0.006464052287581698,0.04499591006907869,-0.044,0.049,153,0.093,A剤タンク2圧力(Mpa)
8,2026-01-08,0.009458333333333336,0.045765550846217334,-0.044,0.049,120,0.093,A剤タンク2圧力(Mpa)
8,2026-01-09,0.02205154639175258,0.04200777981864902,-0.048,0.048,97,0.096,A剤タンク2圧力(Mpa)
8,2026-01-10,0.012365384615384618,0.044730706139019256,-0.047,0.051,104,0.098,A剤タンク2圧力(Mpa)
8,2026-01-13,-0.02014814814814815,0.038955303483809094,-0.044,0.046,27,0.09,A剤タンク2圧力(Mpa)
8,2026-02-05,-0.028399999999999998,0.031873764165929054,-0.043,0.046,20,0.089,A剤タンク2圧力(Mpa)
8,2026-02-06,0.028262500000000003,0.03864369657279342,-0.043,0.05,80,0.093,A剤タンク2圧力(Mpa)
8,2026-02-09,0.008631147540983606,0.044877648326682895,-0.045,0.046,122,0.091,A剤タンク2圧力(Mpa)
8,2026-02-10,0.021182692307692312,0.04187586009505384,-0.045,0.049,104,0.094,A剤タンク2圧力(Mpa)
8,2026-02-12,0.024723684210526318,0.04075986816173316,-0.044,0.05,152,0.094,A剤タンク2圧力(Mpa)
8,2026-02-13,0.01853719008264463,0.043774048880265815,-0.044,0.053,121,0.097,A剤タンク2圧力(Mpa)
8,2026-02-16,0.013246913580246916,0.04442861001573617,-0.043,0.05,162,0.093,A剤タンク2圧力(Mpa)
8,2026-02-17,-0.011429824561403507,0.04397605327807226,-0.043,0.051,114,0.094,A剤タンク2圧力(Mpa)
8,2026-02-18,-0.042424657534246575,0.0004977116584702089,-0.043,-0.042,73,0.000999999999999994,A剤タンク2圧力(Mpa)
8,2026-02-19,0.010818750000000002,0.040597405480658565,-0.05,0.05,160,0.1,A剤タンク2圧力(Mpa)
8,2026-02-20,-0.003222222222222221,0.04542699520751648,-0.045,0.049,72,0.094,A剤タンク2圧力(Mpa)
8,2026-02-24,0.011485148514851487,0.043545749244073444,-0.047,0.047,101,0.094,A剤タンク2圧力(Mpa)
8,2026-02-25,-0.004354838709677417,0.045963611190074166,-0.047,0.051,124,0.098,A剤タンク2圧力(Mpa)
8,2026-02-26,0.026930232558139536,0.039685762952496595,-0.043,0.052,86,0.095,A剤タンク2圧力(Mpa)
8,2026-02-27,0.0036063829787234053,0.045341290751273675,-0.049,0.049,94,0.098,A剤タンク2圧力(Mpa)
8,2026-03-02,0.0014374999999999995,0.04485697206720461,-0.046,0.047,80,0.093,A剤タンク2圧力(Mpa)
8,2026-03-03,0.030130000000000004,0.03725659185115617,-0.044,0.05,100,0.094,A剤タンク2圧力(Mpa)
8,2026-03-04,0.03841111111111111,0.029488864569240728,-0.045,0.051,90,0.096,A剤タンク2圧力(Mpa)
8,2026-03-05,0.001960000000000002,0.046406835093920636,-0.044,0.05,100,0.094,A剤タンク2圧力(Mpa)
8,2026-03-06,-0.023156862745098036,0.03822113161538764,-0.044,0.049,51,0.093,A剤タンク2圧力(Mpa)
8,2026-03-09,0.04635714285714286,0.013138113967006013,-0.045,0.049,112,0.094,A剤タンク2圧力(Mpa)
8,2026-03-10,0.0123921568627451,0.04626102370369429,-0.044,0.055,102,0.099,A剤タンク2圧力(Mpa)
8,2026-03-11,0.003900000000000001,0.04288957045992986,-0.044,0.049,60,0.093,A剤タンク2圧力(Mpa)
8,2026-03-18,0.04846428571428572,0.0005078745001833693,0.048,0.049,28,0.0010000000000000009,A剤タンク2圧力(Mpa)
8,2026-03-19,0.0196,0.040327959330934034,-0.035,0.056,80,0.091,A剤タンク2圧力(Mpa)
8,2026-03-24,0.049,0.0,0.049,0.049,40,0.0,A剤タンク2圧力(Mpa)
8,2026-03-25,0.03275392670157068,0.033945423267587226,-0.034,0.057,191,0.091,A剤タンク2圧力(Mpa)
8,2026-03-26,0.0254070796460177,0.03815280301632539,-0.035,0.055,113,0.09,A剤タンク2圧力(Mpa)
8,2026-03-27,0.031688888888888884,0.03361067394810676,-0.035,0.051,90,0.086,A剤タンク2圧力(Mpa)
8,2026-04-02,0.014816666666666667,0.03855064538872217,-0.029,0.05,60,0.079,A剤タンク2圧力(Mpa)
8,2026-04-03,-0.009421052631578948,0.032290458098492916,-0.035,0.049,76,0.084,A剤タンク2圧力(Mpa)
8,2026-04-06,0.028673684210526313,0.032020419716727415,-0.033,0.048,95,0.081,A剤タンク2圧力(Mpa)
8,2026-04-07,0.03546666666666667,0.030283668287903152,-0.036,0.05,60,0.086,A剤タンク2圧力(Mpa)
8,2026-04-08,0.04080327868852459,0.0173318778287593,0.002,0.05,61,0.048,A剤タンク2圧力(Mpa)
8,2026-04-09,0.012102564102564103,0.03753010557550864,-0.032,0.049,78,0.081,A剤タンク2圧力(Mpa)
8,2026-04-10,-0.035952380952380944,0.0003794978037393255,-0.037,-0.034,42,0.0029999999999999957,A剤タンク2圧力(Mpa)
8,2026-04-15,0.008366666666666666,0.04035644852874331,-0.034,0.049,60,0.083,A剤タンク2圧力(Mpa)
8,2026-04-16,-0.0051666666666666675,0.03953529215577768,-0.035,0.05,90,0.085,A剤タンク2圧力(Mpa)
8,2026-04-17,0.017346153846153848,0.03979675774244748,-0.035,0.05,104,0.085,A剤タンク2圧力(Mpa)
8,2026-04-20,0.024224137931034482,0.026208225130057283,-0.032,0.043,116,0.075,A剤タンク2圧力(Mpa)
8,2026-04-21,0.030957894736842104,0.026315913784167547,-0.032,0.045,190,0.077,A剤タンク2圧力(Mpa)
9,2026-01-05,0.025875000000000002,0.04085884864775944,-0.044,0.05,40,0.094,A剤タンク2圧力(Mpa)
9,2026-01-06,-0.011013513513513512,0.043785433633173255,-0.044,0.049,74,0.093,A剤タンク2圧力(Mpa)
9,2026-01-07,-0.0038285714285714273,0.04562130554542184,-0.045,0.049,70,0.094,A剤タンク2圧力(Mpa)
9,2026-01-08,0.0032295081967213136,0.04684776531227609,-0.044,0.05,61,0.094,A剤タンク2圧力(Mpa)
9,2026-01-09,0.027253521126760563,0.03369472968956894,-0.044,0.048,71,0.092,A剤タンク2圧力(Mpa)
9,2026-01-10,0.02735,0.03546247718554914,-0.043,0.051,60,0.094,A剤タンク2圧力(Mpa)
9,2026-01-13,0.045,0.0,0.045,0.045,4,0.0,A剤タンク2圧力(Mpa)
9,2026-02-05,0.047,0.0,0.047,0.047,2,0.0,A剤タンク2圧力(Mpa)
9,2026-02-06,-0.014298245614035084,0.044428499907267,-0.043,0.056,57,0.099,A剤タンク2圧力(Mpa)
9,2026-02-09,-0.013269662921348313,0.043231344911298236,-0.045,0.046,89,0.091,A剤タンク2圧力(Mpa)
9,2026-02-10,0.001716216216216217,0.04573434915177181,-0.046,0.049,74,0.095,A剤タンク2圧力(Mpa)
9,2026-02-12,0.03297058823529412,0.03543123278077173,-0.043,0.05,68,0.093,A剤タンク2圧力(Mpa)
9,2026-02-13,0.01110416666666667,0.04726981835114617,-0.047,0.057,48,0.10400000000000001,A剤タンク2圧力(Mpa)
9,2026-02-16,0.0025000000000000022,0.0457870690938231,-0.043,0.048,80,0.091,A剤タンク2圧力(Mpa)
9,2026-02-17,0.0075352112676056356,0.04610169844590962,-0.043,0.049,71,0.092,A剤タンク2圧力(Mpa)
9,2026-02-18,0.023797101449275364,0.04085936414744696,-0.042,0.05,69,0.092,A剤タンク2圧力(Mpa)
9,2026-02-19,0.02963855421686747,0.03289249981721795,-0.043,0.049,83,0.092,A剤タンク2圧力(Mpa)
9,2026-02-20,0.0178,0.04310759105748848,-0.044,0.049,60,0.093,A剤タンク2圧力(Mpa)
9,2026-02-24,0.037288888888888885,0.026636118866734847,-0.042,0.053,45,0.095,A剤タンク2圧力(Mpa)
9,2026-02-25,-0.0016865671641791027,0.04525356471986786,-0.043,0.049,67,0.092,A剤タンク2圧力(Mpa)
9,2026-02-26,0.008945054945054947,0.04583772406541306,-0.043,0.05,91,0.093,A剤タンク2圧力(Mpa)
9,2026-02-27,0.025775000000000003,0.039695305864702796,-0.042,0.05,40,0.092,A剤タンク2圧力(Mpa)
9,2026-03-02,-0.029733333333333334,0.022446769728946922,-0.048,0.011,30,0.059,A剤タンク2圧力(Mpa)
9,2026-03-03,0.025075000000000004,0.040743341441208177,-0.046,0.049,40,0.095,A剤タンク2圧力(Mpa)
9,2026-03-04,0.02834848484848485,0.0380637087098186,-0.048,0.054,66,0.10200000000000001,A剤タンク2圧力(Mpa)
9,2026-03-05,0.014281250000000002,0.045147894095625786,-0.044,0.05,64,0.094,A剤タンク2圧力(Mpa)
9,2026-03-06,0.012440000000000001,0.04523235251770257,-0.043,0.049,50,0.092,A剤タンク2圧力(Mpa)
9,2026-03-09,0.044550724637681165,0.019082280224984257,-0.044,0.053,69,0.097,A剤タンク2圧力(Mpa)
9,2026-03-10,0.012356164383561645,0.046909892898517484,-0.044,0.056,73,0.1,A剤タンク2圧力(Mpa)
9,2026-03-11,0.036180327868852453,0.023599087691915342,-0.038,0.049,61,0.087,A剤タンク2圧力(Mpa)
9,2026-03-19,0.016615384615384615,0.04120734459861226,-0.035,0.05,52,0.085,A剤タンク2圧力(Mpa)
9,2026-03-25,0.013800000000000002,0.039910152256845084,-0.034,0.049,80,0.083,A剤タンク2圧力(Mpa)
9,2026-03-26,0.031760000000000004,0.034126152518476,-0.036,0.049,50,0.08499999999999999,A剤タンク2圧力(Mpa)
9,2026-03-27,0.03524,0.030366173446713995,-0.034,0.05,50,0.084,A剤タンク2圧力(Mpa)
9,2026-04-02,0.009600000000000001,0.039092789026189394,-0.029,0.049,40,0.078,A剤タンク2圧力(Mpa)
9,2026-04-03,-0.01008,0.03299093258234847,-0.035,0.049,50,0.084,A剤タンク2圧力(Mpa)
9,2026-04-06,0.03372,0.024276502454607645,-0.035,0.046,50,0.081,A剤タンク2圧力(Mpa)
9,2026-04-07,0.01936065573770492,0.039757612598882754,-0.036,0.049,61,0.08499999999999999,A剤タンク2圧力(Mpa)
9,2026-04-08,0.027999999999999997,0.03499970845359622,-0.035,0.049,50,0.084,A剤タンク2圧力(Mpa)
9,2026-04-09,-8.000000000000007e-05,0.039657122272534796,-0.033,0.049,50,0.082,A剤タンク2圧力(Mpa)
9,2026-04-10,-0.01475,0.03669258990376877,-0.036,0.048,40,0.08399999999999999,A剤タンク2圧力(Mpa)
9,2026-04-15,-0.005225806451612903,0.03804708458162452,-0.032,0.049,31,0.081,A剤タンク2圧力(Mpa)
9,2026-04-16,-0.01265,0.03604879172198959,-0.034,0.049,40,0.083,A剤タンク2圧力(Mpa)
9,2026-04-17,0.049,0.0,0.049,0.049,30,0.0,A剤タンク2圧力(Mpa)
9,2026-04-20,0.025040816326530616,0.02225604710304733,-0.01,0.044,49,0.054,A剤タンク2圧力(Mpa)
9,2026-04-21,0.043366666666666664,0.004137331763865907,0.026,0.045,60,0.019,A剤タンク2圧力(Mpa)
10,2026-01-05,0.013714285714285715,0.04639411908544321,-0.044,0.05,21,0.094,A剤タンク2圧力(Mpa)
10,2026-01-06,-0.01695238095238095,0.04274982595341903,-0.045,0.049,21,0.094,A剤タンク2圧力(Mpa)
10,2026-01-07,-0.0015909090909090886,0.046898734972185996,-0.044,0.049,22,0.093,A剤タンク2圧力(Mpa)
10,2026-01-08,0.0007037037037037058,0.047426716598278726,-0.045,0.049,27,0.094,A剤タンク2圧力(Mpa)
10,2026-01-09,0.038952380952380954,0.028575297357116322,-0.047,0.048,21,0.095,A剤タンク2圧力(Mpa)
10,2026-01-10,0.03905263157894737,0.02926976764932742,-0.044,0.049,19,0.093,A剤タンク2圧力(Mpa)
10,2026-01-13,-0.005157894736842105,0.04483706695469068,-0.044,0.047,19,0.091,A剤タンク2圧力(Mpa)
10,2026-02-06,0.01206666666666667,0.0465425560515269,-0.043,0.05,15,0.093,A剤タンク2圧力(Mpa)
10,2026-02-09,0.00984,0.04520110618115446,-0.045,0.046,25,0.091,A剤タンク2圧力(Mpa)
10,2026-02-10,0.0027500000000000016,0.047523327605152675,-0.045,0.049,16,0.094,A剤タンク2圧力(Mpa)
10,2026-02-12,0.013384615384615387,0.04672711286740362,-0.044,0.049,13,0.093,A剤タンク2圧力(Mpa)
10,2026-02-13,0.00023529411764706149,0.04787944419550616,-0.044,0.05,17,0.094,A剤タンク2圧力(Mpa)
10,2026-02-16,0.015454545454545455,0.0452787422767517,-0.043,0.055,22,0.098,A剤タンク2圧力(Mpa)
10,2026-02-17,0.021714285714285717,0.04210361368949565,-0.043,0.05,21,0.093,A剤タンク2圧力(Mpa)
10,2026-02-18,0.027285714285714288,0.0400351631158696,-0.043,0.05,21,0.093,A剤タンク2圧力(Mpa)
10,2026-02-19,0.013937500000000002,0.04675962467770673,-0.047,0.049,16,0.096,A剤タンク2圧力(Mpa)
10,2026-02-20,0.011600000000000003,0.04764731541930423,-0.045,0.049,10,0.094,A剤タンク2圧力(Mpa)
10,2026-02-24,0.0371,0.028144271175498576,-0.043,0.046,10,0.089,A剤タンク2圧力(Mpa)
10,2026-02-25,0.020210526315789474,0.04436161873031989,-0.046,0.05,19,0.096,A剤タンク2圧力(Mpa)
10,2026-02-26,0.023214285714285715,0.04346559837110541,-0.043,0.052,14,0.095,A剤タンク2圧力(Mpa)
10,2026-02-27,0.020625,0.04360714773214747,-0.042,0.05,16,0.092,A剤タンク2圧力(Mpa)
10,2026-03-02,-0.02421052631578947,0.03726120852600883,-0.044,0.047,19,0.091,A剤タンク2圧力(Mpa)
10,2026-03-03,0.02676470588235294,0.03989130452204575,-0.043,0.049,17,0.092,A剤タンク2圧力(Mpa)
10,2026-03-04,0.043111111111111114,0.021744205147954703,-0.044,0.049,18,0.093,A剤タンク2圧力(Mpa)
10,2026-03-05,0.04090909090909091,0.02783686241462764,-0.043,0.05,11,0.093,A剤タンク2圧力(Mpa)
10,2026-03-06,0.0208125,0.04387895281339335,-0.043,0.05,16,0.093,A剤タンク2圧力(Mpa)
10,2026-03-09,0.0285,0.03983572034474355,-0.045,0.049,14,0.094,A剤タンク2圧力(Mpa)
10,2026-03-10,-0.004833333333333331,0.04367406830631012,-0.044,0.05,12,0.094,A剤タンク2圧力(Mpa)
10,2026-03-11,0.023549999999999998,0.03943879335188427,-0.043,0.049,20,0.092,A剤タンク2圧力(Mpa)
10,2026-03-19,0.04855555555555555,0.0005270462766947303,0.048,0.049,9,0.0010000000000000009,A剤タンク2圧力(Mpa)
10,2026-03-25,0.030384615384615385,0.03503492762724299,-0.033,0.05,26,0.083,A剤タンク2圧力(Mpa)
10,2026-03-26,0.03854166666666667,0.028399294490114222,-0.035,0.05,24,0.085,A剤タンク2圧力(Mpa)
10,2026-03-27,0.031157894736842103,0.03457883610581404,-0.034,0.051,19,0.08499999999999999,A剤タンク2圧力(Mpa)
10,2026-04-02,0.04783333333333334,0.000577350269189626,0.046,0.048,12,0.0020000000000000018,A剤タンク2圧力(Mpa)
10,2026-04-03,-0.019000000000000003,0.0336273698049669,-0.035,0.049,11,0.084,A剤タンク2圧力(Mpa)
10,2026-04-06,0.03633333333333333,0.026,-0.033,0.045,9,0.078,A剤タンク2圧力(Mpa)
10,2026-04-07,0.047636363636363636,0.0005045249791095137,0.047,0.048,11,0.0010000000000000009,A剤タンク2圧力(Mpa)
10,2026-04-08,0.02107692307692308,0.03268399592680781,-0.035,0.048,13,0.083,A剤タンク2圧力(Mpa)
10,2026-04-09,0.033363636363636366,0.03231802199167742,-0.032,0.048,11,0.08,A剤タンク2圧力(Mpa)
10,2026-04-10,-0.016888888888888887,0.036791454321773026,-0.036,0.048,9,0.08399999999999999,A剤タンク2圧力(Mpa)
10,2026-04-15,-0.005333333333333333,0.040530852446007105,-0.034,0.049,9,0.083,A剤タンク2圧力(Mpa)
10,2026-04-16,-0.006666666666666668,0.04821134029803915,-0.035,0.049,3,0.084,A剤タンク2圧力(Mpa)
10,2026-04-17,0.0323,0.035471584872025855,-0.035,0.05,10,0.085,A剤タンク2圧力(Mpa)
10,2026-04-20,0.022,0.029691749695833016,-0.025,0.043,11,0.068,A剤タンク2圧力(Mpa)
10,2026-04-21,0.035791666666666666,0.020357626851244048,-0.032,0.046,24,0.078,A剤タンク2圧力(Mpa)
13,2026-01-05,0.04666666666666667,0.0032145502536643205,0.043,0.049,3,0.006000000000000005,A剤タンク2圧力(Mpa)
13,2026-01-06,-0.042333333333333334,0.0008164965809277215,-0.044,-0.042,6,0.001999999999999995,A剤タンク2圧力(Mpa)
13,2026-01-07,-0.043,0.0,-0.043,-0.043,2,0.0,A剤タンク2圧力(Mpa)
13,2026-01-08,-0.044,,-0.044,-0.044,1,0.0,A剤タンク2圧力(Mpa)
13,2026-01-09,0.0474,0.0005477225575051674,0.047,0.048,5,0.0010000000000000009,A剤タンク2圧力(Mpa)
13,2026-01-10,0.04850000000000001,0.000547722557505167,0.048,0.049,6,0.0010000000000000009,A剤タンク2圧力(Mpa)
13,2026-01-13,0.015999999999999997,0.05022947341949744,-0.042,0.045,3,0.087,A剤タンク2圧力(Mpa)
13,2026-02-06,0.018333333333333337,0.05311622476544557,-0.043,0.049,3,0.092,A剤タンク2圧力(Mpa)
13,2026-02-09,0.009600000000000001,0.04984275273297012,-0.045,0.046,5,0.091,A剤タンク2圧力(Mpa)
13,2026-02-10,-0.044,,-0.044,-0.044,1,0.0,A剤タンク2圧力(Mpa)
13,2026-02-12,0.0025000000000000022,0.06576093065034892,-0.044,0.049,2,0.093,A剤タンク2圧力(Mpa)
13,2026-02-13,-0.043,0.0,-0.043,-0.043,2,0.0,A剤タンク2圧力(Mpa)
13,2026-02-16,-0.043,0.0,-0.043,-0.043,2,0.0,A剤タンク2圧力(Mpa)
13,2026-02-17,-0.019999999999999997,0.046,-0.043,0.049,4,0.092,A剤タンク2圧力(Mpa)
13,2026-02-18,0.0495,0.0007071067811865482,0.049,0.05,2,0.0010000000000000009,A剤タンク2圧力(Mpa)
13,2026-02-19,0.0485,0.0007071067811865482,0.048,0.049,2,0.0010000000000000009,A剤タンク2圧力(Mpa)
13,2026-02-20,0.048,0.0,0.048,0.048,2,0.0,A剤タンク2圧力(Mpa)
13,2026-02-25,0.049,0.0,0.049,0.049,4,0.0,A剤タンク2圧力(Mpa)
13,2026-02-26,-0.005799999999999998,0.050484651132794815,-0.043,0.05,5,0.093,A剤タンク2圧力(Mpa)
13,2026-02-27,-0.018500000000000003,0.045000000000000005,-0.041,0.049,4,0.09,A剤タンク2圧力(Mpa)
13,2026-03-02,0.0108,0.048664155186338126,-0.043,0.047,5,0.09,A剤タンク2圧力(Mpa)
13,2026-03-03,0.0485,0.0007071067811865482,0.048,0.049,2,0.0010000000000000009,A剤タンク2圧力(Mpa)
13,2026-03-04,0.025,0.046000000000000006,-0.044,0.048,4,0.092,A剤タンク2圧力(Mpa)
13,2026-03-05,0.012000000000000002,0.050209560842532766,-0.043,0.049,5,0.092,A剤タンク2圧力(Mpa)
13,2026-03-06,0.0308,0.04069643719049617,-0.042,0.049,5,0.091,A剤タンク2圧力(Mpa)
13,2026-03-09,0.048,0.0,0.048,0.048,2,0.0,A剤タンク2圧力(Mpa)
13,2026-03-10,0.026000000000000002,0.04666904755831214,-0.044,0.05,4,0.094,A剤タンク2圧力(Mpa)
13,2026-03-11,0.045799999999999993,0.001788854381999833,0.045,0.049,5,0.0040000000000000036,A剤タンク2圧力(Mpa)
13,2026-03-19,0.006999999999999999,0.05939696961967,-0.035,0.049,2,0.084,A剤タンク2圧力(Mpa)
13,2026-03-25,0.00775,0.044099724650905864,-0.034,0.049,8,0.083,A剤タンク2圧力(Mpa)
13,2026-03-26,0.006000000000000002,0.05939696961966999,-0.036,0.048,2,0.08399999999999999,A剤タンク2圧力(Mpa)
13,2026-03-27,0.04800000000000001,0.0,0.048,0.048,3,0.0,A剤タンク2圧力(Mpa)
13,2026-04-02,-0.029,0.0,-0.029,-0.029,2,0.0,A剤タンク2圧力(Mpa)
13,2026-04-03,-0.006666666666666668,0.04735328218121035,-0.035,0.048,3,0.083,A剤タンク2圧力(Mpa)
13,2026-04-06,-0.033,,-0.033,-0.033,1,0.0,A剤タンク2圧力(Mpa)
13,2026-04-08,0.026166666666666668,0.0350623254600528,-0.035,0.048,6,0.083,A剤タンク2圧力(Mpa)
13,2026-04-09,-0.005666666666666667,0.046479386111838154,-0.033,0.048,3,0.081,A剤タンク2圧力(Mpa)
13,2026-04-10,-0.035,0.0,-0.035,-0.035,2,0.0,A剤タンク2圧力(Mpa)
13,2026-04-15,0.0164,0.043275859321335264,-0.032,0.048,5,0.08,A剤タンク2圧力(Mpa)
13,2026-04-16,0.0,0.04381780460041329,-0.032,0.048,5,0.08,A剤タンク2圧力(Mpa)
13,2026-04-17,0.0285,0.041,-0.033,0.049,4,0.082,A剤タンク2圧力(Mpa)
13,2026-04-20,0.018250000000000002,0.02809952550014561,-0.013,0.042,4,0.055,A剤タンク2圧力(Mpa)
13,2026-04-21,0.002,,0.002,0.002,1,0.0,A剤タンク2圧力(Mpa)
14,2026-02-17,-0.005799999999999997,0.04802499349297197,-0.043,0.05,10,0.093,A剤タンク2圧力(Mpa)
14,2026-02-18,0.0486,0.0005163977794943226,0.048,0.049,10,0.0010000000000000009,A剤タンク2圧力(Mpa)
14,2026-02-24,-0.043,0.0,-0.043,-0.043,5,0.0,A剤タンク2圧力(Mpa)
14,2026-02-25,0.048275862068965524,0.008903837662668425,0.002,0.05,29,0.048,A剤タンク2圧力(Mpa)
14,2026-02-26,0.049933333333333337,0.00025819888974716083,0.049,0.05,15,0.0010000000000000009,A剤タンク2圧力(Mpa)
14,2026-02-27,0.049,,0.049,0.049,1,0.0,A剤タンク2圧力(Mpa)
14,2026-03-02,0.016444444444444442,0.04384093723653473,-0.042,0.047,9,0.089,A剤タンク2圧力(Mpa)
14,2026-03-03,0.048,0.0,0.048,0.048,15,0.0,A剤タンク2圧力(Mpa)
14,2026-03-05,0.0495,0.0005129891760425735,0.049,0.05,20,0.0010000000000000009,A剤タンク2圧力(Mpa)
14,2026-03-06,0.049,0.0,0.049,0.049,10,0.0,A剤タンク2圧力(Mpa)
14,2026-03-09,-0.0254,0.04159086438149609,-0.044,0.049,5,0.093,A剤タンク2圧力(Mpa)
14,2026-03-10,-0.043,0.0,-0.043,-0.043,5,0.0,A剤タンク2圧力(Mpa)
14,2026-03-11,0.04583333333333334,0.0004082482904638628,0.045,0.046,6,0.0010000000000000009,A剤タンク2圧力(Mpa)
14,2026-03-25,0.049,0.0,0.049,0.049,10,0.0,A剤タンク2圧力(Mpa)
14,2026-03-26,0.049,0.0,0.049,0.049,5,0.0,A剤タンク2圧力(Mpa)
14,2026-03-27,0.036199999999999996,0.019929877069364978,0.002,0.048,5,0.046,A剤タンク2圧力(Mpa)
14,2026-04-03,-0.0006000000000000002,0.011384199576606167,-0.033,0.003,10,0.036000000000000004,A剤タンク2圧力(Mpa)
14,2026-04-07,0.048,0.0,0.048,0.048,5,0.0,A剤タンク2圧力(Mpa)
14,2026-04-08,0.048,0.0,0.048,0.048,5,0.0,A剤タンク2圧力(Mpa)
14,2026-04-09,-0.0322,0.00044721359549995774,-0.033,-0.032,5,0.0010000000000000009,A剤タンク2圧力(Mpa)
14,2026-04-15,-0.03,0.0,-0.03,-0.03,5,0.0,A剤タンク2圧力(Mpa)
14,2026-04-16,0.0162,0.04234461791853442,-0.033,0.049,10,0.082,A剤タンク2圧力(Mpa)
14,2026-04-17,0.049,0.0,0.049,0.049,5,0.0,A剤タンク2圧力(Mpa)
14,2026-04-20,0.0429,0.0003077935056255444,0.042,0.043,20,0.000999999999999994,A剤タンク2圧力(Mpa)
1,2025-12-26,-0.05600000000000001,0.06648057360362249,-0.1,0.048,31,0.14800000000000002,B剤タンク1圧力(Mpa)
1,2026-01-05,-0.021661691542288558,0.0731676241384754,-0.099,0.051,402,0.15,B剤タンク1圧力(Mpa)
1,2026-01-06,0.036458252427184465,0.038396048263224666,-0.1,0.049,515,0.14900000000000002,B剤タンク1圧力(Mpa)
1,2026-01-07,0.03204379562043795,0.044714796983731896,-0.1,0.053,548,0.153,B剤タンク1圧力(Mpa)
1,2026-01-08,-0.0036817248459958944,0.06208264217613666,-0.099,0.05,487,0.14900000000000002,B剤タンク1圧力(Mpa)
1,2026-01-09,0.012805243445692883,0.06120089248325858,-0.1,0.053,534,0.153,B剤タンク1圧力(Mpa)
1,2026-01-10,0.016,0.059803280204620245,-0.099,0.052,496,0.151,B剤タンク1圧力(Mpa)
1,2026-01-13,-0.030781783681214425,0.07142857722733371,-0.099,0.051,527,0.15,B剤タンク1圧力(Mpa)
1,2026-02-05,-0.099,0.0,-0.099,-0.099,15,0.0,B剤タンク1圧力(Mpa)
1,2026-02-06,0.0005864864864864852,0.06821061223715931,-0.099,0.05,370,0.14900000000000002,B剤タンク1圧力(Mpa)
1,2026-02-09,-0.014381981981981984,0.07305362527444993,-0.101,0.049,555,0.15000000000000002,B剤タンク1圧力(Mpa)
1,2026-02-10,0.04410256410256411,0.01984603892662846,-0.101,0.05,468,0.15100000000000002,B剤タンク1圧力(Mpa)
1,2026-02-12,0.014870824053452115,0.06199306030781466,-0.1,0.054,449,0.154,B剤タンク1圧力(Mpa)
1,2026-02-13,0.013101604278074865,0.062362043756124905,-0.1,0.049,374,0.14900000000000002,B剤タンク1圧力(Mpa)
1,2026-02-16,-0.0016031746031746038,0.06964191784333608,-0.099,0.051,882,0.15,B剤タンク1圧力(Mpa)
1,2026-02-17,0.019601731601731603,0.05655977427827457,-0.1,0.052,462,0.152,B剤タンク1圧力(Mpa)
1,2026-02-18,0.009500000000000001,0.06445974821378803,-0.099,0.053,466,0.152,B剤タンク1圧力(Mpa)
1,2026-02-19,0.04000399201596807,0.029220814226026216,-0.1,0.051,501,0.151,B剤タンク1圧力(Mpa)
1,2026-02-20,-0.00310182767624021,0.06904803375359243,-0.1,0.052,383,0.152,B剤タンク1圧力(Mpa)
1,2026-02-24,0.010536842105263157,0.06238462204307544,-0.1,0.05,285,0.15000000000000002,B剤タンク1圧力(Mpa)
1,2026-02-25,0.0030739436619718298,0.06593071151005853,-0.099,0.049,568,0.14800000000000002,B剤タンク1圧力(Mpa)
1,2026-02-26,0.006137931034482757,0.06419572828679285,-0.1,0.049,435,0.14900000000000002,B剤タンク1圧力(Mpa)
1,2026-02-27,0.008235546038543895,0.062193628317502275,-0.099,0.05,467,0.14900000000000002,B剤タンク1圧力(Mpa)
1,2026-03-02,-0.013136929460580914,0.07096936416519208,-0.1,0.05,482,0.15000000000000002,B剤タンク1圧力(Mpa)
1,2026-03-03,0.010092307692307692,0.062249040172295635,-0.099,0.05,455,0.14900000000000002,B剤タンク1圧力(Mpa)
1,2026-03-04,-0.0031965442764578843,0.06774345409298017,-0.1,0.052,463,0.152,B剤タンク1圧力(Mpa)
1,2026-03-05,0.02407675438596491,0.05268651460375024,-0.1,0.049,456,0.14900000000000002,B剤タンク1圧力(Mpa)
1,2026-03-06,0.023410638297872342,0.05174436398568001,-0.1,0.05,470,0.15000000000000002,B剤タンク1圧力(Mpa)
1,2026-03-09,-0.03740582959641255,0.07169657577022341,-0.1,0.052,446,0.152,B剤タンク1圧力(Mpa)
1,2026-03-10,0.02328351648351648,0.05393033576161388,-0.1,0.052,455,0.152,B剤タンク1圧力(Mpa)
1,2026-03-11,0.03253027139874739,0.03877613334090693,-0.1,0.051,479,0.151,B剤タンク1圧力(Mpa)
1,2026-03-18,0.048407407407407406,0.0005723943812052388,0.047,0.049,27,0.0020000000000000018,B剤タンク1圧力(Mpa)
1,2026-03-19,0.04002619047619048,0.027673544913476313,-0.073,0.053,420,0.126,B剤タンク1圧力(Mpa)
1,2026-03-24,0.04835714285714286,0.0004834937784152283,0.048,0.049,56,0.0010000000000000009,B剤タンク1圧力(Mpa)
1,2026-03-25,0.020952198852772465,0.050415017166353875,-0.084,0.052,523,0.136,B剤タンク1圧力(Mpa)
1,2026-03-26,0.009460829493087557,0.05746037562510176,-0.083,0.05,434,0.133,B剤タンク1圧力(Mpa)
1,2026-03-27,-0.004347161572052402,0.060256777337660904,-0.084,0.05,458,0.134,B剤タンク1圧力(Mpa)
1,2026-04-01,0.04608333333333333,0.0002823298512866394,0.046,0.047,24,0.0010000000000000009,B剤タンク1圧力(Mpa)
1,2026-04-02,0.022724425887265136,0.04807563828250358,-0.083,0.048,479,0.131,B剤タンク1圧力(Mpa)
1,2026-04-03,-0.0031351351351351356,0.05530767404151409,-0.084,0.05,444,0.134,B剤タンク1圧力(Mpa)
1,2026-04-06,-0.017961275626423693,0.0634246819292073,-0.085,0.049,439,0.134,B剤タンク1圧力(Mpa)
1,2026-04-07,0.026692468619246863,0.04441697299827174,-0.083,0.049,478,0.132,B剤タンク1圧力(Mpa)
1,2026-04-08,0.009619589977220955,0.05649312948743016,-0.084,0.049,439,0.133,B剤タンク1圧力(Mpa)
1,2026-04-09,-0.01241239316239316,0.06323193105687411,-0.086,0.049,468,0.135,B剤タンク1圧力(Mpa)
1,2026-04-10,-0.0014947643979057604,0.061770668266425834,-0.084,0.05,382,0.134,B剤タンク1圧力(Mpa)
1,2026-04-14,0.047093750000000004,0.000296144581080299,0.047,0.048,32,0.0010000000000000009,B剤タンク1圧力(Mpa)
1,2026-04-15,0.018320247933884294,0.0516515110658298,-0.083,0.052,484,0.135,B剤タンク1圧力(Mpa)
1,2026-04-16,0.007061181434599156,0.05767986347599757,-0.081,0.05,474,0.131,B剤タンク1圧力(Mpa)
1,2026-04-17,0.006974413646055436,0.05657760144231357,-0.083,0.05,469,0.133,B剤タンク1圧力(Mpa)
1,2026-04-20,-0.013821359223300972,0.06213318137453532,-0.093,0.048,515,0.14100000000000001,B剤タンク1圧力(Mpa)
1,2026-04-21,-0.018055813953488372,0.05950322281967646,-0.085,0.05,645,0.135,B剤タンク1圧力(Mpa)
2,2026-01-05,0.017119047619047617,0.061380143917748604,-0.099,0.05,42,0.14900000000000002,B剤タンク1圧力(Mpa)
2,2026-01-06,0.034791666666666665,0.041516868406936,-0.1,0.048,24,0.14800000000000002,B剤タンク1圧力(Mpa)
2,2026-01-07,-0.044000000000000004,0.07333575753568877,-0.099,0.049,16,0.14800000000000002,B剤タンク1圧力(Mpa)
2,2026-01-08,0.01858064516129032,0.05560681864276982,-0.099,0.049,31,0.14800000000000002,B剤タンク1圧力(Mpa)
2,2026-01-09,0.0322,0.04007885085321541,-0.068,0.048,15,0.116,B剤タンク1圧力(Mpa)
2,2026-01-10,-0.019076923076923078,0.07702214133877515,-0.099,0.052,13,0.151,B剤タンク1圧力(Mpa)
2,2026-01-13,-0.006333333333333334,0.07090205532476024,-0.099,0.049,24,0.14800000000000002,B剤タンク1圧力(Mpa)
2,2026-02-06,0.029843750000000002,0.049481902442760205,-0.099,0.049,32,0.14800000000000002,B剤タンク1圧力(Mpa)
2,2026-02-09,-0.06846428571428571,0.06238321363888963,-0.101,0.05,28,0.15100000000000002,B剤タンク1圧力(Mpa)
2,2026-02-10,0.04822222222222222,0.0005483188805533167,0.047,0.049,18,0.0020000000000000018,B剤タンク1圧力(Mpa)
2,2026-02-12,0.005241379310344826,0.07156797726258672,-0.1,0.054,29,0.154,B剤タンク1圧力(Mpa)
2,2026-02-13,0.04794444444444444,0.0006391374907061419,0.047,0.049,18,0.0020000000000000018,B剤タンク1圧力(Mpa)
2,2026-02-16,0.03296428571428572,0.046129053864019484,-0.099,0.049,56,0.14800000000000002,B剤タンク1圧力(Mpa)
2,2026-02-17,0.04754838709677419,0.0005679618342470662,0.047,0.049,31,0.0020000000000000018,B剤タンク1圧力(Mpa)
2,2026-02-18,0.010133333333333334,0.06812055140564793,-0.099,0.05,15,0.14900000000000002,B剤タンク1圧力(Mpa)
2,2026-02-19,0.04705263157894737,0.00022941573387056218,0.047,0.048,19,0.0010000000000000009,B剤タンク1圧力(Mpa)
2,2026-02-20,-0.010866666666666669,0.07533246944300283,-0.1,0.049,15,0.14900000000000002,B剤タンク1圧力(Mpa)
2,2026-02-24,0.04609523809523809,0.00030079260375911863,0.046,0.047,21,0.0010000000000000009,B剤タンク1圧力(Mpa)
2,2026-02-25,0.04513114754098361,0.01877540537497222,-0.099,0.049,61,0.14800000000000002,B剤タンク1圧力(Mpa)
2,2026-02-26,-0.030823529411764708,0.07538918630523019,-0.1,0.047,17,0.14700000000000002,B剤タンク1圧力(Mpa)
2,2026-02-27,-0.06482608695652174,0.0612392121660572,-0.099,0.048,23,0.14700000000000002,B剤タンク1圧力(Mpa)
2,2026-03-02,0.04863636363636364,0.0005045249791095133,0.048,0.049,11,0.0010000000000000009,B剤タンク1圧力(Mpa)
2,2026-03-03,-0.04015384615384616,0.06772632711594055,-0.099,0.049,26,0.14800000000000002,B剤タンク1圧力(Mpa)
2,2026-03-04,-0.040363636363636365,0.05856420607987641,-0.099,0.052,22,0.151,B剤タンク1圧力(Mpa)
2,2026-03-05,0.03994444444444444,0.034932661645989745,-0.1,0.049,18,0.14900000000000002,B剤タンク1圧力(Mpa)
2,2026-03-06,0.01808333333333333,0.052513995248597276,-0.069,0.048,12,0.117,B剤タンク1圧力(Mpa)
2,2026-03-09,-0.08442105263157895,0.04666466161106125,-0.1,0.048,19,0.14800000000000002,B剤タンク1圧力(Mpa)
2,2026-03-10,0.04163157894736842,0.034064009234765644,-0.099,0.05,19,0.14900000000000002,B剤タンク1圧力(Mpa)
2,2026-03-11,-0.005857142857142858,0.06243871720810259,-0.08,0.048,14,0.128,B剤タンク1圧力(Mpa)
2,2026-03-19,0.047764705882352945,0.0006642111641550724,0.046,0.048,17,0.0020000000000000018,B剤タンク1圧力(Mpa)
2,2026-03-25,0.036333333333333336,0.032621006748731904,-0.063,0.047,42,0.11,B剤タンク1圧力(Mpa)
2,2026-03-26,-0.017750000000000002,0.06815240274561125,-0.083,0.048,12,0.131,B剤タンク1圧力(Mpa)
2,2026-03-27,0.028764705882352942,0.04317048964826075,-0.062,0.05,17,0.112,B剤タンク1圧力(Mpa)
2,2026-04-02,-0.047466666666666664,0.050401058189949416,-0.082,0.048,15,0.13,B剤タンク1圧力(Mpa)
2,2026-04-03,-0.055052631578947374,0.04707024736640444,-0.084,0.048,19,0.132,B剤タンク1圧力(Mpa)
2,2026-04-06,0.03638461538461538,0.03557278562220109,-0.082,0.047,13,0.129,B剤タンク1圧力(Mpa)
2,2026-04-07,0.045647058823529416,0.0009963167462326064,0.045,0.048,17,0.0030000000000000027,B剤タンク1圧力(Mpa)
2,2026-04-08,0.036925925925925925,0.033997653681400654,-0.081,0.048,27,0.129,B剤タンク1圧力(Mpa)
2,2026-04-09,-0.057894736842105256,0.05591749352279075,-0.086,0.048,19,0.134,B剤タンク1圧力(Mpa)
2,2026-04-10,-0.04471428571428571,0.059554020172288266,-0.082,0.046,14,0.128,B剤タンク1圧力(Mpa)
2,2026-04-15,0.04535294117647059,0.0004925921830718909,0.045,0.046,17,0.0010000000000000009,B剤タンク1圧力(Mpa)
2,2026-04-16,0.005846153846153845,0.06062019211704704,-0.081,0.048,13,0.129,B剤タンク1圧力(Mpa)
2,2026-04-17,0.03352631578947368,0.04106684039607819,-0.083,0.048,19,0.131,B剤タンク1圧力(Mpa)
2,2026-04-20,-0.05483333333333334,0.0604044449498294,-0.093,0.045,12,0.138,B剤タンク1圧力(Mpa)
2,2026-04-21,-0.053200000000000004,0.04220017976755304,-0.084,0.047,30,0.131,B剤タンク1圧力(Mpa)
3,2026-01-05,-0.09900000000000002,0.0,-0.099,-0.099,6,0.0,B剤タンク1圧力(Mpa)
3,2026-01-06,0.01075,0.07383483820889251,-0.1,0.048,4,0.14800000000000002,B剤タンク1圧力(Mpa)
3,2026-01-07,-0.0010000000000000009,0.07591310822249343,-0.099,0.049,6,0.14800000000000002,B剤タンク1圧力(Mpa)
3,2026-01-08,-0.03333333333333333,0.06375473838599502,-0.099,0.047,6,0.14600000000000002,B剤タンク1圧力(Mpa)
3,2026-01-09,0.0482,0.00044721359549995774,0.048,0.049,5,0.0010000000000000009,B剤タンク1圧力(Mpa)
3,2026-01-10,0.04833333333333334,0.0005773502691896258,0.048,0.049,3,0.0010000000000000009,B剤タンク1圧力(Mpa)
3,2026-01-13,-0.099,0.0,-0.099,-0.099,2,0.0,B剤タンク1圧力(Mpa)
3,2026-02-12,0.04825,0.0009574271077563398,0.047,0.049,4,0.0020000000000000018,B剤タンク1圧力(Mpa)
3,2026-02-13,0.04833333333333334,0.0005773502691896258,0.048,0.049,3,0.0010000000000000009,B剤タンク1圧力(Mpa)
3,2026-02-16,-0.0402,0.07591047358566538,-0.099,0.048,10,0.14700000000000002,B剤タンク1圧力(Mpa)
3,2026-02-17,0.0474,0.0005477225575051671,0.047,0.048,5,0.0010000000000000009,B剤タンク1圧力(Mpa)
3,2026-02-18,-0.04988888888888889,0.07391793497596583,-0.1,0.049,9,0.14900000000000002,B剤タンク1圧力(Mpa)
3,2026-04-02,0.047,0.000816496580927726,0.046,0.048,4,0.0020000000000000018,B剤タンク1圧力(Mpa)
3,2026-04-03,-0.059,,-0.059,-0.059,1,0.0,B剤タンク1圧力(Mpa)
6,2025-12-26,-0.1,0.0,-0.1,-0.1,13,0.0,B剤タンク1圧力(Mpa)
6,2026-01-05,0.008592105263157894,0.06693423192588954,-0.099,0.052,76,0.151,B剤タンク1圧力(Mpa)
6,2026-01-06,0.03888405797101449,0.0347188439390942,-0.1,0.049,69,0.14900000000000002,B剤タンク1圧力(Mpa)
6,2026-01-07,-0.02073076923076923,0.07159494161137128,-0.099,0.049,78,0.14800000000000002,B剤タンク1圧力(Mpa)
6,2026-01-08,0.01260655737704918,0.05830045131000977,-0.099,0.051,61,0.15,B剤タンク1圧力(Mpa)
6,2026-01-09,0.03648484848484848,0.03937873007455144,-0.1,0.049,66,0.14900000000000002,B剤タンク1圧力(Mpa)
6,2026-01-10,0.004533333333333332,0.0642327512074924,-0.099,0.051,60,0.15,B剤タンク1圧力(Mpa)
6,2026-01-13,0.000435483870967741,0.06890350129525812,-0.099,0.049,62,0.14800000000000002,B剤タンク1圧力(Mpa)
6,2026-02-06,0.015987179487179485,0.06110359387261262,-0.099,0.05,78,0.14900000000000002,B剤タンク1圧力(Mpa)
6,2026-02-09,-0.0065983606557377065,0.07206226185783514,-0.101,0.05,122,0.15100000000000002,B剤タンク1圧力(Mpa)
6,2026-02-10,0.03665,0.03944844416241841,-0.101,0.049,80,0.15000000000000002,B剤タンク1圧力(Mpa)
6,2026-02-12,0.0008160919540229877,0.06724729245619575,-0.1,0.054,87,0.154,B剤タンク1圧力(Mpa)
6,2026-02-13,0.04080681818181819,0.030938521892393354,-0.1,0.05,88,0.15000000000000002,B剤タンク1圧力(Mpa)
6,2026-02-16,-0.0037397260273972607,0.06694661329483785,-0.099,0.051,146,0.15,B剤タンク1圧力(Mpa)
6,2026-02-17,0.022058823529411766,0.05646446045184215,-0.099,0.05,68,0.14900000000000002,B剤タンク1圧力(Mpa)
6,2026-02-18,0.007999999999999998,0.06750507436433995,-0.099,0.053,78,0.152,B剤タンク1圧力(Mpa)
6,2026-02-19,0.029014925373134326,0.044668982030892146,-0.1,0.049,67,0.14900000000000002,B剤タンク1圧力(Mpa)
6,2026-02-20,-6.329113924050692e-05,0.06998485949303825,-0.1,0.05,79,0.15000000000000002,B剤タンク1圧力(Mpa)
6,2026-02-24,-0.0015277777777777792,0.06990298833224357,-0.099,0.049,36,0.14800000000000002,B剤タンク1圧力(Mpa)
6,2026-02-25,0.003680851063829786,0.06724569183401748,-0.099,0.049,94,0.14800000000000002,B剤タンク1圧力(Mpa)
6,2026-02-26,0.019348484848484847,0.05673080628974333,-0.099,0.053,66,0.152,B剤タンク1圧力(Mpa)
6,2026-02-27,0.014470588235294117,0.057697955922606646,-0.099,0.051,51,0.15,B剤タンク1圧力(Mpa)
6,2026-03-02,0.014510204081632653,0.062255897461264524,-0.1,0.049,49,0.14900000000000002,B剤タンク1圧力(Mpa)
6,2026-03-03,9.3749999999999e-05,0.06820876421599366,-0.099,0.05,64,0.14900000000000002,B剤タンク1圧力(Mpa)
6,2026-03-04,0.019666666666666666,0.05643137425227211,-0.1,0.053,45,0.153,B剤タンク1圧力(Mpa)
6,2026-03-05,0.03276,0.04471476950902127,-0.1,0.05,50,0.15000000000000002,B剤タンク1圧力(Mpa)
6,2026-03-06,0.030756097560975606,0.04181792706950268,-0.069,0.049,41,0.11800000000000001,B剤タンク1圧力(Mpa)
6,2026-03-09,-0.048925,0.06910207518498844,-0.1,0.05,40,0.15000000000000002,B剤タンク1圧力(Mpa)
6,2026-03-10,0.026,0.04749545432794787,-0.067,0.051,34,0.118,B剤タンク1圧力(Mpa)
6,2026-03-11,0.018113636363636363,0.05048242425401506,-0.1,0.048,44,0.14800000000000002,B剤タンク1圧力(Mpa)
6,2026-03-19,0.047345454545454545,0.0009071359451017356,0.046,0.049,55,0.0030000000000000027,B剤タンク1圧力(Mpa)
6,2026-03-25,0.025924242424242426,0.04819489618878766,-0.081,0.05,66,0.131,B剤タンク1圧力(Mpa)
6,2026-03-26,0.006119999999999999,0.0617710188964874,-0.083,0.05,50,0.133,B剤タンク1圧力(Mpa)
6,2026-03-27,-0.009979591836734695,0.05977300456585675,-0.084,0.049,49,0.133,B剤タンク1圧力(Mpa)
6,2026-04-02,0.015936507936507936,0.055458462519512405,-0.083,0.048,63,0.131,B剤タンク1圧力(Mpa)
6,2026-04-03,0.016900000000000002,0.05254070885472066,-0.084,0.049,70,0.133,B剤タンク1圧力(Mpa)
6,2026-04-06,0.015175,0.05388301073765131,-0.082,0.047,40,0.129,B剤タンク1圧力(Mpa)
6,2026-04-07,0.027345454545454544,0.04485706442642261,-0.083,0.048,55,0.131,B剤タンク1圧力(Mpa)
6,2026-04-08,0.033236842105263155,0.03936553178176159,-0.08,0.048,38,0.128,B剤タンク1圧力(Mpa)
6,2026-04-09,-0.02474603174603174,0.06685780969991421,-0.086,0.049,63,0.135,B剤タンク1圧力(Mpa)
6,2026-04-10,-0.015645161290322583,0.06472019179364699,-0.082,0.046,31,0.128,B剤タンク1圧力(Mpa)
6,2026-04-15,0.04567692307692307,0.0005033541343978249,0.045,0.047,65,0.0020000000000000018,B剤タンク1圧力(Mpa)
6,2026-04-16,0.010607142857142857,0.05850304687370132,-0.082,0.048,56,0.13,B剤タンク1圧力(Mpa)
6,2026-04-17,0.007244444444444443,0.06027254597227329,-0.083,0.049,45,0.132,B剤タンク1圧力(Mpa)
6,2026-04-20,-0.023,0.06462197768561405,-0.093,0.046,59,0.139,B剤タンク1圧力(Mpa)
6,2026-04-21,-0.014376237623762379,0.058803886178576424,-0.084,0.048,101,0.132,B剤タンク1圧力(Mpa)
7,2025-12-26,0.031000000000000003,0.049137562007083746,-0.1,0.048,9,0.14800000000000002,B剤タンク1圧力(Mpa)
7,2026-01-05,-0.014368794326241137,0.07308746339123104,-0.099,0.05,141,0.14900000000000002,B剤タンク1圧力(Mpa)
7,2026-01-06,0.04748101265822784,0.0005028319669802244,0.047,0.048,79,0.0010000000000000009,B剤タンク1圧力(Mpa)
7,2026-01-07,0.024061068702290078,0.05397873594512664,-0.099,0.049,131,0.14800000000000002,B剤タンク1圧力(Mpa)
7,2026-01-08,0.005828571428571427,0.05688849915469734,-0.099,0.049,140,0.14800000000000002,B剤タンク1圧力(Mpa)
7,2026-01-09,-0.008958677685950414,0.06724921272082111,-0.1,0.048,121,0.14800000000000002,B剤タンク1圧力(Mpa)
7,2026-01-10,0.022824999999999998,0.054751948278907246,-0.099,0.051,120,0.15,B剤タンク1圧力(Mpa)
7,2026-01-13,-0.099,0.0,-0.099,-0.099,30,0.0,B剤タンク1圧力(Mpa)
7,2026-02-05,-0.099,0.0,-0.099,-0.099,19,0.0,B剤タンク1圧力(Mpa)
7,2026-02-06,-0.004777777777777779,0.06996027623996583,-0.099,0.049,54,0.14800000000000002,B剤タンク1圧力(Mpa)
7,2026-02-09,-0.02450704225352113,0.07253629529037242,-0.101,0.05,142,0.15100000000000002,B剤タンク1圧力(Mpa)
7,2026-02-10,0.029868131868131868,0.048799637701571516,-0.101,0.05,91,0.15100000000000002,B剤タンク1圧力(Mpa)
7,2026-02-12,0.005027777777777777,0.064057406521053,-0.1,0.054,72,0.154,B剤タンク1圧力(Mpa)
7,2026-02-13,-0.013797101449275364,0.07285068930800397,-0.1,0.049,69,0.14900000000000002,B剤タンク1圧力(Mpa)
7,2026-02-16,0.00811111111111111,0.06576112577137462,-0.099,0.05,198,0.14900000000000002,B剤タンク1圧力(Mpa)
7,2026-02-17,0.0024069767441860456,0.06903560511998,-0.1,0.054,86,0.154,B剤タンク1圧力(Mpa)
7,2026-02-18,0.030947368421052633,0.04235918733733804,-0.098,0.049,57,0.14700000000000002,B剤タンク1圧力(Mpa)
7,2026-02-19,0.047058479532163744,0.00025912981845765704,0.047,0.049,171,0.0020000000000000018,B剤タンク1圧力(Mpa)
7,2026-02-20,-0.03808527131782946,0.0707373035215234,-0.1,0.05,129,0.15000000000000002,B剤タンク1圧力(Mpa)
7,2026-02-24,-0.018049586776859507,0.0722502423571102,-0.1,0.051,121,0.151,B剤タンク1圧力(Mpa)
7,2026-02-25,-0.0145,0.07269776499291457,-0.099,0.05,144,0.14900000000000002,B剤タンク1圧力(Mpa)
7,2026-02-26,0.046484210526315795,0.0005431029426094137,0.046,0.048,95,0.0020000000000000018,B剤タンク1圧力(Mpa)
7,2026-02-27,-0.011323943661971831,0.06633180117471929,-0.099,0.047,71,0.14600000000000002,B剤タンク1圧力(Mpa)
7,2026-03-02,-0.017612612612612617,0.07321626386276,-0.1,0.049,111,0.14900000000000002,B剤タンク1圧力(Mpa)
7,2026-03-03,0.03451851851851852,0.04291297028108691,-0.099,0.055,108,0.154,B剤タンク1圧力(Mpa)
7,2026-03-04,-0.012490196078431375,0.06695332275312366,-0.1,0.049,102,0.14900000000000002,B剤タンク1圧力(Mpa)
7,2026-03-05,0.01868627450980392,0.05890720683979569,-0.1,0.051,102,0.151,B剤タンク1圧力(Mpa)
7,2026-03-06,0.03116666666666667,0.04628107823125118,-0.099,0.048,90,0.14700000000000002,B剤タンク1圧力(Mpa)
7,2026-03-09,-0.06540833333333333,0.05944484002503702,-0.1,0.049,120,0.14900000000000002,B剤タンク1圧力(Mpa)
7,2026-03-10,0.027928571428571428,0.05262041303044689,-0.1,0.051,70,0.151,B剤タンク1圧力(Mpa)
7,2026-03-11,0.03751111111111111,0.033579770677471296,-0.1,0.049,90,0.14900000000000002,B剤タンク1圧力(Mpa)
7,2026-03-18,0.04800000000000001,0.0010000000000000009,0.047,0.049,3,0.0020000000000000018,B剤タンク1圧力(Mpa)
7,2026-03-19,0.027103896103896106,0.04447932234420383,-0.073,0.053,77,0.126,B剤タンク1圧力(Mpa)
7,2026-03-24,0.04850000000000001,0.000522232967867094,0.048,0.049,12,0.0010000000000000009,B剤タンク1圧力(Mpa)
7,2026-03-25,0.029605263157894735,0.04328071896777335,-0.084,0.052,152,0.136,B剤タンク1圧力(Mpa)
7,2026-03-26,0.003910447761194028,0.06086715075231929,-0.083,0.053,67,0.136,B剤タンク1圧力(Mpa)
7,2026-03-27,-0.029618181818181818,0.05917133911625354,-0.084,0.049,110,0.133,B剤タンク1圧力(Mpa)
7,2026-04-02,0.0260125,0.04581677702503773,-0.083,0.047,80,0.13,B剤タンク1圧力(Mpa)
7,2026-04-03,0.007493670886075949,0.0523131285717765,-0.084,0.048,79,0.132,B剤タンク1圧力(Mpa)
7,2026-04-06,0.011966101694915254,0.05664833019473344,-0.085,0.049,59,0.134,B剤タンク1圧力(Mpa)
7,2026-04-07,0.007483870967741935,0.055657542441897336,-0.082,0.048,62,0.13,B剤タンク1圧力(Mpa)
7,2026-04-08,0.00927142857142857,0.05878255716549863,-0.083,0.049,70,0.132,B剤タンク1圧力(Mpa)
7,2026-04-09,0.0028333333333333357,0.0633497599868814,-0.086,0.05,60,0.136,B剤タンク1圧力(Mpa)
7,2026-04-10,0.00030357142857142687,0.06190077680313204,-0.082,0.047,56,0.129,B剤タンク1圧力(Mpa)
7,2026-04-15,0.0340327868852459,0.034635226390249345,-0.08,0.046,61,0.126,B剤タンク1圧力(Mpa)
7,2026-04-16,0.0238030303030303,0.049787925535590735,-0.081,0.05,66,0.131,B剤タンク1圧力(Mpa)
7,2026-04-17,-0.013966666666666667,0.05955142106963048,-0.084,0.047,60,0.131,B剤タンク1圧力(Mpa)
7,2026-04-20,-0.002591836734693879,0.06428417326195297,-0.093,0.046,49,0.139,B剤タンク1圧力(Mpa)
7,2026-04-21,0.0008227848101265809,0.06198526696200102,-0.084,0.047,79,0.131,B剤タンク1圧力(Mpa)
8,2026-01-05,0.005532786885245901,0.06680181425088999,-0.099,0.052,122,0.151,B剤タンク1圧力(Mpa)
8,2026-01-06,0.02662280701754386,0.045553506485372465,-0.099,0.049,114,0.14800000000000002,B剤タンク1圧力(Mpa)
8,2026-01-07,0.027594771241830067,0.050665497175683256,-0.099,0.049,153,0.14800000000000002,B剤タンク1圧力(Mpa)
8,2026-01-08,-0.003666666666666666,0.061685749186186155,-0.099,0.049,120,0.14800000000000002,B剤タンク1圧力(Mpa)
8,2026-01-09,0.015670103092783504,0.061120393768072726,-0.1,0.049,97,0.14900000000000002,B剤タンク1圧力(Mpa)
8,2026-01-10,0.0041249999999999985,0.067472783078147,-0.099,0.052,104,0.151,B剤タンク1圧力(Mpa)
8,2026-01-13,-0.012037037037037039,0.07302132537905595,-0.099,0.048,27,0.14700000000000002,B剤タンク1圧力(Mpa)
8,2026-02-05,-0.099,0.0,-0.099,-0.099,20,0.0,B剤タンク1圧力(Mpa)
8,2026-02-06,-0.010212500000000001,0.07188381866648395,-0.099,0.05,80,0.14900000000000002,B剤タンク1圧力(Mpa)
8,2026-02-09,-0.024122950819672136,0.07467224006181147,-0.101,0.049,122,0.15000000000000002,B剤タンク1圧力(Mpa)
8,2026-02-10,0.031009615384615385,0.04706522951157094,-0.101,0.049,104,0.15000000000000002,B剤タンク1圧力(Mpa)
8,2026-02-12,0.041598684210526315,0.03756059296593435,-0.1,0.054,152,0.154,B剤タンク1圧力(Mpa)
8,2026-02-13,-0.038950413223140495,0.0730585212049981,-0.1,0.052,121,0.152,B剤タンク1圧力(Mpa)
8,2026-02-16,0.027654320987654323,0.05108224047330054,-0.099,0.051,162,0.15,B剤タンク1圧力(Mpa)
8,2026-02-17,0.04782456140350877,0.0007070518879844945,0.047,0.049,114,0.0020000000000000018,B剤タンク1圧力(Mpa)
8,2026-02-18,-0.07653424657534247,0.05101472613966503,-0.1,0.05,73,0.15000000000000002,B剤タンク1圧力(Mpa)
8,2026-02-19,0.0475125,0.0008086598899475957,0.046,0.051,160,0.0049999999999999975,B剤タンク1圧力(Mpa)
8,2026-02-20,-0.015333333333333334,0.07383327239582474,-0.1,0.052,72,0.152,B剤タンク1圧力(Mpa)
8,2026-02-24,0.03201980198019802,0.0433303543022717,-0.099,0.048,101,0.14700000000000002,B剤タンク1圧力(Mpa)
8,2026-02-25,0.024,0.05416220744621801,-0.099,0.049,124,0.14800000000000002,B剤タンク1圧力(Mpa)
8,2026-02-26,0.012662790697674415,0.062318085462005304,-0.1,0.052,86,0.152,B剤タンク1圧力(Mpa)
8,2026-02-27,-0.02577659574468085,0.06715207492535921,-0.099,0.048,94,0.14700000000000002,B剤タンク1圧力(Mpa)
8,2026-03-02,0.0107375,0.06434671585848148,-0.1,0.049,80,0.14900000000000002,B剤タンク1圧力(Mpa)
8,2026-03-03,0.0323,0.03808324215889889,-0.07,0.05,100,0.12000000000000001,B剤タンク1圧力(Mpa)
8,2026-03-04,-0.0473888888888889,0.05617922652665826,-0.1,0.049,90,0.14900000000000002,B剤タンク1圧力(Mpa)
8,2026-03-05,0.008369999999999999,0.06624269046773419,-0.1,0.05,100,0.15000000000000002,B剤タンク1圧力(Mpa)
8,2026-03-06,0.010098039215686272,0.05864205143136136,-0.099,0.048,51,0.14700000000000002,B剤タンク1圧力(Mpa)
8,2026-03-09,-0.04503571428571429,0.06530868195136036,-0.1,0.05,112,0.15000000000000002,B剤タンク1圧力(Mpa)
8,2026-03-10,0.01965686274509804,0.05635820639165112,-0.1,0.051,102,0.151,B剤タンク1圧力(Mpa)
8,2026-03-11,0.04616666666666667,0.0013920679248314854,0.043,0.049,60,0.006000000000000005,B剤タンク1圧力(Mpa)
8,2026-03-18,0.04882142857142857,0.0004755948656056719,0.047,0.049,28,0.0020000000000000018,B剤タンク1圧力(Mpa)
8,2026-03-19,0.0357875,0.03506402597708254,-0.073,0.054,80,0.127,B剤タンク1圧力(Mpa)
8,2026-03-24,0.049,0.0,0.049,0.049,40,0.0,B剤タンク1圧力(Mpa)
8,2026-03-25,0.03374869109947644,0.039733582321095036,-0.084,0.053,191,0.137,B剤タンク1圧力(Mpa)
8,2026-03-26,-0.009725663716814159,0.061528049321835254,-0.084,0.053,113,0.137,B剤タンク1圧力(Mpa)
8,2026-03-27,-0.0061,0.06114029730919029,-0.084,0.05,90,0.134,B剤タンク1圧力(Mpa)
8,2026-04-02,-0.020450000000000003,0.06299406079080197,-0.083,0.047,60,0.13,B剤タンク1圧力(Mpa)
8,2026-04-03,-0.014105263157894737,0.059000695803211996,-0.084,0.051,76,0.135,B剤タンク1圧力(Mpa)
8,2026-04-06,0.0007999999999999986,0.060777515439335975,-0.082,0.047,95,0.129,B剤タンク1圧力(Mpa)
8,2026-04-07,0.045616666666666666,0.0006661721329614938,0.045,0.048,60,0.0030000000000000027,B剤タンク1圧力(Mpa)
8,2026-04-08,0.021918032786885245,0.04719438352246562,-0.083,0.048,61,0.131,B剤タンク1圧力(Mpa)
8,2026-04-09,-0.00882051282051282,0.06227124236521724,-0.086,0.048,78,0.134,B剤タンク1圧力(Mpa)
8,2026-04-10,-0.08178571428571428,0.0008705399021609306,-0.082,-0.078,42,0.0040000000000000036,B剤タンク1圧力(Mpa)
8,2026-04-15,0.04571666666666666,0.0008455600223593997,0.045,0.048,60,0.0030000000000000027,B剤タンク1圧力(Mpa)
8,2026-04-16,0.005977777777777777,0.06030837938644784,-0.081,0.048,90,0.129,B剤タンク1圧力(Mpa)
8,2026-04-17,0.0011923076923076909,0.060525221722235484,-0.083,0.049,104,0.132,B剤タンク1圧力(Mpa)
8,2026-04-20,-0.02487931034482759,0.06567127029477146,-0.093,0.046,116,0.139,B剤タンク1圧力(Mpa)
8,2026-04-21,-0.014710526315789476,0.061451623290296666,-0.085,0.051,190,0.136,B剤タンク1圧力(Mpa)
9,2026-01-05,0.0487,0.0007909747313543092,0.048,0.05,40,0.0020000000000000018,B剤タンク1圧力(Mpa)
9,2026-01-06,0.041283783783783785,0.025651254486276757,-0.067,0.049,74,0.116,B剤タンク1圧力(Mpa)
9,2026-01-07,0.026799999999999997,0.05173443895426957,-0.099,0.049,70,0.14800000000000002,B剤タンク1圧力(Mpa)
9,2026-01-08,0.009295081967213114,0.055641215018573865,-0.071,0.052,61,0.123,B剤タンク1圧力(Mpa)
9,2026-01-09,-0.00659154929577465,0.07145219729997088,-0.1,0.048,71,0.14800000000000002,B剤タンク1圧力(Mpa)
9,2026-01-10,0.004816666666666666,0.06373421816396395,-0.099,0.052,60,0.151,B剤タンク1圧力(Mpa)
9,2026-01-13,-0.099,0.0,-0.099,-0.099,4,0.0,B剤タンク1圧力(Mpa)
9,2026-02-05,-0.099,0.0,-0.099,-0.099,2,0.0,B剤タンク1圧力(Mpa)
9,2026-02-06,0.021087719298245614,0.05589156616091375,-0.099,0.049,57,0.14800000000000002,B剤タンク1圧力(Mpa)
9,2026-02-09,-0.0572808988764045,0.06794549767076767,-0.101,0.049,89,0.15000000000000002,B剤タンク1圧力(Mpa)
9,2026-02-10,0.03410810810810811,0.04397682065902244,-0.101,0.051,74,0.152,B剤タンク1圧力(Mpa)
9,2026-02-12,0.04330882352941176,0.0255543070254406,-0.099,0.053,68,0.152,B剤タンク1圧力(Mpa)
9,2026-02-13,-0.006604166666666668,0.07150293539081837,-0.1,0.049,48,0.14900000000000002,B剤タンク1圧力(Mpa)
9,2026-02-16,0.048575,0.0005459865069969991,0.048,0.05,80,0.0020000000000000018,B剤タンク1圧力(Mpa)
9,2026-02-17,0.040239436619718315,0.03427096429871478,-0.099,0.05,71,0.14900000000000002,B剤タンク1圧力(Mpa)
9,2026-02-18,-0.028318840579710146,0.07436723123116065,-0.099,0.049,69,0.14800000000000002,B剤タンク1圧力(Mpa)
9,2026-02-19,0.047469879518072286,0.0010745089564550873,0.047,0.052,83,0.0049999999999999975,B剤タンク1圧力(Mpa)
9,2026-02-20,-0.025583333333333336,0.07437360832862158,-0.1,0.049,60,0.14900000000000002,B剤タンク1圧力(Mpa)
9,2026-02-24,0.024266666666666662,0.05364674013649596,-0.1,0.052,45,0.152,B剤タンク1圧力(Mpa)
9,2026-02-25,0.012940298507462686,0.06317960943527898,-0.099,0.05,67,0.14900000000000002,B剤タンク1圧力(Mpa)
9,2026-02-26,0.020714285714285713,0.05589360641518168,-0.1,0.047,91,0.14700000000000002,B剤タンク1圧力(Mpa)
9,2026-02-27,0.032275,0.0387682049874471,-0.069,0.047,40,0.116,B剤タンク1圧力(Mpa)
9,2026-03-02,-0.0013333333333333346,0.07096056861983686,-0.1,0.048,30,0.14800000000000002,B剤タンク1圧力(Mpa)
9,2026-03-03,0.047125,0.0008825226081218279,0.046,0.049,40,0.0030000000000000027,B剤タンク1圧力(Mpa)
9,2026-03-04,-0.023545454545454546,0.06760568519975722,-0.1,0.05,66,0.15000000000000002,B剤タンク1圧力(Mpa)
9,2026-03-05,-0.005328125000000001,0.07146917521527991,-0.1,0.049,64,0.14900000000000002,B剤タンク1圧力(Mpa)
9,2026-03-06,0.018199999999999997,0.05919666289546384,-0.099,0.048,50,0.14700000000000002,B剤タンク1圧力(Mpa)
9,2026-03-09,-0.030956521739130438,0.06977536114573613,-0.1,0.05,69,0.15000000000000002,B剤タンク1圧力(Mpa)
9,2026-03-10,0.02506849315068493,0.05587071603441171,-0.1,0.052,73,0.152,B剤タンク1圧力(Mpa)
9,2026-03-11,0.0429016393442623,0.014511725050262847,-0.068,0.049,61,0.117,B剤タンク1圧力(Mpa)
9,2026-03-19,0.04740384615384615,0.0011420589487998976,0.046,0.049,52,0.0030000000000000027,B剤タンク1圧力(Mpa)
9,2026-03-25,0.015362499999999998,0.054226025735698236,-0.084,0.047,80,0.131,B剤タンク1圧力(Mpa)
9,2026-03-26,-0.004060000000000001,0.06421787213884322,-0.083,0.049,50,0.132,B剤タンク1圧力(Mpa)
9,2026-03-27,0.02674,0.04867040755354912,-0.084,0.05,50,0.134,B剤タンク1圧力(Mpa)
9,2026-04-02,-0.008475000000000002,0.06138444950494906,-0.083,0.046,40,0.129,B剤タンク1圧力(Mpa)
9,2026-04-03,-0.00044000000000000067,0.05904241298094315,-0.084,0.047,50,0.131,B剤タンク1圧力(Mpa)
9,2026-04-06,0.0231,0.04741447725179752,-0.083,0.05,50,0.133,B剤タンク1圧力(Mpa)
9,2026-04-07,0.024999999999999998,0.04688354366583937,-0.08,0.047,61,0.127,B剤タンク1圧力(Mpa)
9,2026-04-08,-0.0026200000000000017,0.06273816336853624,-0.083,0.046,50,0.129,B剤タンク1圧力(Mpa)
9,2026-04-09,-0.006179999999999996,0.06583767608168392,-0.086,0.049,50,0.135,B剤タンク1圧力(Mpa)
9,2026-04-10,-0.017825,0.06463899255847323,-0.082,0.046,40,0.128,B剤タンク1圧力(Mpa)
9,2026-04-15,0.04541935483870967,0.0005016103101271054,0.045,0.046,31,0.0010000000000000009,B剤タンク1圧力(Mpa)
9,2026-04-16,0.02275,0.050018329973454054,-0.081,0.048,40,0.129,B剤タンク1圧力(Mpa)
9,2026-04-17,0.046799999999999994,0.0004068381021724871,0.046,0.047,30,0.0010000000000000009,B剤タンク1圧力(Mpa)
9,2026-04-20,0.007693877551020407,0.05917565803099581,-0.093,0.047,49,0.14,B剤タンク1圧力(Mpa)
9,2026-04-21,0.004416666666666665,0.06086252685471778,-0.084,0.048,60,0.132,B剤タンク1圧力(Mpa)
10,2026-01-05,-0.02880952380952381,0.07543647595667434,-0.099,0.049,21,0.14800000000000002,B剤タンク1圧力(Mpa)
10,2026-01-06,0.033666666666666664,0.04427903943553128,-0.1,0.049,21,0.14900000000000002,B剤タンク1圧力(Mpa)
10,2026-01-07,0.014772727272727272,0.0631618720267384,-0.099,0.05,22,0.14900000000000002,B剤タンク1圧力(Mpa)
10,2026-01-08,-0.013444444444444446,0.06589521596580049,-0.099,0.049,27,0.14800000000000002,B剤タンク1圧力(Mpa)
10,2026-01-09,0.019761904761904762,0.059532264161465225,-0.1,0.049,21,0.14900000000000002,B剤タンク1圧力(Mpa)
10,2026-01-10,-0.0007894736842105277,0.06761786330990127,-0.099,0.051,19,0.15,B剤タンク1圧力(Mpa)
10,2026-01-13,-0.022684210526315793,0.07004923080835439,-0.099,0.049,19,0.14800000000000002,B剤タンク1圧力(Mpa)
10,2026-02-06,0.018666666666666668,0.06091758679521359,-0.099,0.05,15,0.14900000000000002,B剤タンク1圧力(Mpa)
10,2026-02-09,-0.011240000000000002,0.07430527123517776,-0.101,0.05,25,0.15100000000000002,B剤タンク1圧力(Mpa)
10,2026-02-10,0.019875,0.0599754116284332,-0.101,0.049,16,0.15000000000000002,B剤タンク1圧力(Mpa)
10,2026-02-12,0.026615384615384614,0.055801043092906524,-0.099,0.054,13,0.153,B剤タンク1圧力(Mpa)
10,2026-02-13,0.047411764705882355,0.0012277430273377535,0.046,0.049,17,0.0030000000000000027,B剤タンク1圧力(Mpa)
10,2026-02-16,0.008818181818181819,0.06758531565195869,-0.099,0.051,22,0.15,B剤タンク1圧力(Mpa)
10,2026-02-17,0.019809523809523808,0.05905812310564825,-0.099,0.049,21,0.14800000000000002,B剤タンク1圧力(Mpa)
10,2026-02-18,-0.014142857142857145,0.07530623195611749,-0.099,0.051,21,0.15,B剤タンク1圧力(Mpa)
10,2026-02-19,0.04725,0.00044721359549995714,0.047,0.048,16,0.0010000000000000009,B剤タンク1圧力(Mpa)
10,2026-02-20,-0.0256,0.07800598267654434,-0.1,0.05,10,0.15000000000000002,B剤タンク1圧力(Mpa)
10,2026-02-24,0.0366,0.03184057509251713,-0.054,0.048,10,0.10200000000000001,B剤タンク1圧力(Mpa)
10,2026-02-25,-0.014315789473684212,0.07420096782206412,-0.099,0.048,19,0.14700000000000002,B剤タンク1圧力(Mpa)
10,2026-02-26,0.005357142857142856,0.06898674024528431,-0.1,0.048,14,0.14800000000000002,B剤タンク1圧力(Mpa)
10,2026-02-27,0.034,0.03573606954698105,-0.06,0.049,16,0.109,B剤タンク1圧力(Mpa)
10,2026-03-02,-0.0298421052631579,0.07544111990883628,-0.1,0.048,19,0.14800000000000002,B剤タンク1圧力(Mpa)
10,2026-03-03,0.006117647058823528,0.0659743154122697,-0.099,0.05,17,0.14900000000000002,B剤タンク1圧力(Mpa)
10,2026-03-04,-0.012722222222222225,0.07114922640690237,-0.1,0.049,18,0.14900000000000002,B剤タンク1圧力(Mpa)
10,2026-03-05,0.02090909090909091,0.059782028311950994,-0.1,0.049,11,0.14900000000000002,B剤タンク1圧力(Mpa)
10,2026-03-06,-0.008937500000000001,0.0672095913294127,-0.099,0.05,16,0.14900000000000002,B剤タンク1圧力(Mpa)
10,2026-03-09,-0.004214285714285715,0.07408952855672819,-0.1,0.049,14,0.14900000000000002,B剤タンク1圧力(Mpa)
10,2026-03-10,0.010749999999999997,0.057431579846251524,-0.067,0.051,12,0.118,B剤タンク1圧力(Mpa)
10,2026-03-11,0.034749999999999996,0.03449313432829023,-0.067,0.049,20,0.116,B剤タンク1圧力(Mpa)
10,2026-03-19,0.048,0.0,0.048,0.048,9,0.0,B剤タンク1圧力(Mpa)
10,2026-03-25,0.027346153846153846,0.047124466942506466,-0.081,0.049,26,0.13,B剤タンク1圧力(Mpa)
10,2026-03-26,0.015166666666666667,0.058297338791276986,-0.084,0.05,24,0.134,B剤タンク1圧力(Mpa)
10,2026-03-27,0.00436842105263158,0.058228678049294755,-0.084,0.049,19,0.133,B剤タンク1圧力(Mpa)
10,2026-04-02,-0.007416666666666669,0.06601853504658348,-0.083,0.046,12,0.129,B剤タンク1圧力(Mpa)
10,2026-04-03,0.011727272727272727,0.06149323687868596,-0.084,0.05,11,0.134,B剤タンク1圧力(Mpa)
10,2026-04-06,0.03166666666666666,0.041877798413956765,-0.08,0.046,9,0.126,B剤タンク1圧力(Mpa)
10,2026-04-07,0.04527272727272727,0.000467099366496914,0.045,0.046,11,0.0010000000000000009,B剤タンク1圧力(Mpa)
10,2026-04-08,-0.0025384615384615398,0.06456342538493368,-0.081,0.047,13,0.128,B剤タンク1圧力(Mpa)
10,2026-04-09,0.047,0.0,0.047,0.047,11,0.0,B剤タンク1圧力(Mpa)
10,2026-04-10,0.003888888888888888,0.06416861468904492,-0.082,0.047,9,0.129,B剤タンク1圧力(Mpa)
10,2026-04-15,0.04577777777777778,0.0009718253158075477,0.045,0.047,9,0.0020000000000000018,B剤タンク1圧力(Mpa)
10,2026-04-16,-0.03833333333333334,0.0739008344562721,-0.081,0.047,3,0.128,B剤タンク1圧力(Mpa)
10,2026-04-17,0.0103,0.059428855692238325,-0.083,0.049,10,0.132,B剤タンク1圧力(Mpa)
10,2026-04-20,-0.012090909090909091,0.06691405613987922,-0.093,0.046,11,0.139,B剤タンク1圧力(Mpa)
10,2026-04-21,-0.002833333333333334,0.06110622729716468,-0.085,0.048,24,0.133,B剤タンク1圧力(Mpa)
13,2026-01-05,0.04833333333333334,0.0005773502691896258,0.048,0.049,3,0.0010000000000000009,B剤タンク1圧力(Mpa)
13,2026-01-06,0.04733333333333334,0.0008164965809277268,0.047,0.049,6,0.0020000000000000018,B剤タンク1圧力(Mpa)
13,2026-01-07,0.048,0.0,0.048,0.048,2,0.0,B剤タンク1圧力(Mpa)
13,2026-01-08,-0.069,,-0.069,-0.069,1,0.0,B剤タンク1圧力(Mpa)
13,2026-01-09,-0.0528,0.06006413239196917,-0.1,0.047,5,0.14700000000000002,B剤タンク1圧力(Mpa)
13,2026-01-10,0.04133333333333333,0.016836468354933187,0.007,0.049,6,0.042,B剤タンク1圧力(Mpa)
13,2026-01-13,-0.0020000000000000018,0.08313843876330611,-0.098,0.046,3,0.14400000000000002,B剤タンク1圧力(Mpa)
13,2026-02-06,0.04833333333333334,0.0011547005383792516,0.047,0.049,3,0.0020000000000000018,B剤タンク1圧力(Mpa)
13,2026-02-09,-0.07100000000000001,0.06596590028188806,-0.101,0.047,5,0.14800000000000002,B剤タンク1圧力(Mpa)
13,2026-02-10,0.049,,0.049,0.049,1,0.0,B剤タンク1圧力(Mpa)
13,2026-02-12,-0.023000000000000003,0.10889444430272834,-0.1,0.054,2,0.154,B剤タンク1圧力(Mpa)
13,2026-02-13,0.0465,0.0007071067811865482,0.046,0.047,2,0.0010000000000000009,B剤タンク1圧力(Mpa)
13,2026-02-16,0.047,0.0,0.047,0.047,2,0.0,B剤タンク1圧力(Mpa)
13,2026-02-17,0.04825,0.0004999999999999999,0.048,0.049,4,0.0010000000000000009,B剤タンク1圧力(Mpa)
13,2026-02-18,0.0495,0.0007071067811865482,0.049,0.05,2,0.0010000000000000009,B剤タンク1圧力(Mpa)
13,2026-02-19,0.047,0.0,0.047,0.047,2,0.0,B剤タンク1圧力(Mpa)
13,2026-02-20,-0.099,0.0,-0.099,-0.099,2,0.0,B剤タンク1圧力(Mpa)
13,2026-02-25,-0.026250000000000002,0.08400545617200508,-0.099,0.047,4,0.14600000000000002,B剤タンク1圧力(Mpa)
13,2026-02-26,0.017599999999999998,0.06518281982240413,-0.099,0.047,5,0.14600000000000002,B剤タンク1圧力(Mpa)
13,2026-02-27,0.04625,0.0005000000000000004,0.046,0.047,4,0.0010000000000000009,B剤タンク1圧力(Mpa)
13,2026-03-02,-0.011800000000000001,0.08006372461983018,-0.1,0.048,5,0.14800000000000002,B剤タンク1圧力(Mpa)
13,2026-03-03,-0.026500000000000003,0.1025304832720494,-0.099,0.046,2,0.14500000000000002,B剤タンク1圧力(Mpa)
13,2026-03-04,0.010499999999999999,0.07366817494685206,-0.1,0.048,4,0.14800000000000002,B剤タンク1圧力(Mpa)
13,2026-03-05,0.0262,0.04819439801470706,-0.06,0.049,5,0.109,B剤タンク1圧力(Mpa)
13,2026-03-06,0.047,0.0007071067811865478,0.046,0.048,5,0.0020000000000000018,B剤タンク1圧力(Mpa)
13,2026-03-09,-0.1,0.0,-0.1,-0.1,2,0.0,B剤タンク1圧力(Mpa)
13,2026-03-10,0.04825,0.0025,0.045,0.051,4,0.005999999999999998,B剤タンク1圧力(Mpa)
13,2026-03-11,0.016399999999999998,0.06508686503435238,-0.1,0.047,5,0.14700000000000002,B剤タンク1圧力(Mpa)
13,2026-03-19,0.0465,0.0007071067811865482,0.046,0.047,2,0.0010000000000000009,B剤タンク1圧力(Mpa)
13,2026-03-25,0.013999999999999999,0.0604884876886267,-0.084,0.047,8,0.131,B剤タンク1圧力(Mpa)
13,2026-03-26,0.0465,0.0021213203435596446,0.045,0.048,2,0.0030000000000000027,B剤タンク1圧力(Mpa)
13,2026-03-27,-0.03766666666666667,0.07332348418708247,-0.08,0.047,3,0.127,B剤タンク1圧力(Mpa)
13,2026-04-02,0.046,0.0,0.046,0.046,2,0.0,B剤タンク1圧力(Mpa)
13,2026-04-03,-0.03233333333333333,0.06974477280293724,-0.084,0.047,3,0.131,B剤タンク1圧力(Mpa)
13,2026-04-06,-0.081,,-0.081,-0.081,1,0.0,B剤タンク1圧力(Mpa)
13,2026-04-08,0.002999999999999998,0.06661531355476757,-0.083,0.046,6,0.129,B剤タンク1圧力(Mpa)
13,2026-04-09,-0.041333333333333326,0.07736493607140985,-0.086,0.048,3,0.134,B剤タンク1圧力(Mpa)
13,2026-04-10,0.046,0.0,0.046,0.046,2,0.0,B剤タンク1圧力(Mpa)
13,2026-04-15,0.045599999999999995,0.0005477225575051663,0.045,0.046,5,0.0010000000000000009,B剤タンク1圧力(Mpa)
13,2026-04-16,0.046799999999999994,0.0004472135954999587,0.046,0.047,5,0.0010000000000000009,B剤タンク1圧力(Mpa)
13,2026-04-17,-0.013250000000000001,0.06923089387453167,-0.08,0.047,4,0.127,B剤タンク1圧力(Mpa)
13,2026-04-20,-0.025,0.0785196366097891,-0.093,0.043,4,0.136,B剤タンク1圧力(Mpa)
13,2026-04-21,-0.08,,-0.08,-0.08,1,0.0,B剤タンク1圧力(Mpa)
14,2026-02-17,0.048,0.0,0.048,0.048,10,0.0,B剤タンク1圧力(Mpa)
14,2026-02-18,-0.0397,0.0765565150722001,-0.099,0.05,10,0.14900000000000002,B剤タンク1圧力(Mpa)
14,2026-02-24,-0.06,0.005787918451395115,-0.066,-0.051,5,0.015000000000000006,B剤タンク1圧力(Mpa)
14,2026-02-25,0.04731034482758621,0.0004708236154307586,0.047,0.048,29,0.0010000000000000009,B剤タンク1圧力(Mpa)
14,2026-02-26,0.047466666666666664,0.0009154754164341237,0.047,0.05,15,0.0030000000000000027,B剤タンク1圧力(Mpa)
14,2026-02-27,-0.069,,-0.069,-0.069,1,0.0,B剤タンク1圧力(Mpa)
14,2026-03-02,-0.0006666666666666673,0.07451006643400608,-0.1,0.05,9,0.15000000000000002,B剤タンク1圧力(Mpa)
14,2026-03-03,-0.021533333333333335,0.07501701394318747,-0.099,0.047,15,0.14600000000000002,B剤タンク1圧力(Mpa)
14,2026-03-05,-0.025750000000000002,0.07597497856808551,-0.1,0.049,20,0.14900000000000002,B剤タンク1圧力(Mpa)
14,2026-03-06,0.0477,0.0004830458915396486,0.047,0.048,10,0.0010000000000000009,B剤タンク1圧力(Mpa)
14,2026-03-09,0.0178,0.06585362556458073,-0.1,0.048,5,0.14800000000000002,B剤タンク1圧力(Mpa)
14,2026-03-10,0.048,0.0,0.048,0.048,5,0.0,B剤タンク1圧力(Mpa)
14,2026-03-11,-0.056499999999999995,0.004929503017546497,-0.064,-0.051,6,0.013000000000000005,B剤タンク1圧力(Mpa)
14,2026-03-25,0.046,0.0,0.046,0.046,10,0.0,B剤タンク1圧力(Mpa)
14,2026-03-26,-0.083,0.0,-0.083,-0.083,5,0.0,B剤タンク1圧力(Mpa)
14,2026-03-27,-0.08080000000000001,0.001788854381999834,-0.084,-0.08,5,0.0040000000000000036,B剤タンク1圧力(Mpa)
14,2026-04-03,-0.0612,0.006957010852370436,-0.081,-0.059,10,0.022000000000000006,B剤タンク1圧力(Mpa)
14,2026-04-07,0.046,0.0,0.046,0.046,5,0.0,B剤タンク1圧力(Mpa)
14,2026-04-08,0.046,0.0,0.046,0.046,5,0.0,B剤タンク1圧力(Mpa)
14,2026-04-09,0.048799999999999996,0.0008366600265340765,0.048,0.05,5,0.0020000000000000018,B剤タンク1圧力(Mpa)
14,2026-04-15,0.045,0.0,0.045,0.045,5,0.0,B剤タンク1圧力(Mpa)
14,2026-04-16,0.0474,0.0005163977794943252,0.047,0.048,10,0.0010000000000000009,B剤タンク1圧力(Mpa)
14,2026-04-17,0.047,0.0,0.047,0.047,5,0.0,B剤タンク1圧力(Mpa)
14,2026-04-20,-0.08280000000000001,0.0016415653633362437,-0.086,-0.082,20,0.00399999999999999,B剤タンク1圧力(Mpa)
1,2025-12-26,0.05,0.0,0.05,0.05,31,0.0,B剤タンク2圧力(Mpa)
1,2026-01-05,0.03917164179104478,0.03825492508889741,-0.096,0.054,402,0.15,B剤タンク2圧力(Mpa)
1,2026-01-06,0.016440776699029127,0.061246248891557546,-0.097,0.054,515,0.151,B剤タンク2圧力(Mpa)
1,2026-01-07,0.024107664233576638,0.05655943869670167,-0.097,0.053,548,0.15,B剤タンク2圧力(Mpa)
1,2026-01-08,0.03508829568788501,0.04370508166264796,-0.097,0.056,487,0.153,B剤タンク2圧力(Mpa)
1,2026-01-09,-0.012840823970037454,0.07197429536519302,-0.098,0.053,534,0.151,B剤タンク2圧力(Mpa)
1,2026-01-10,0.02639717741935484,0.05304602072963878,-0.097,0.053,496,0.15,B剤タンク2圧力(Mpa)
1,2026-01-13,0.021461100569259962,0.053653779426012384,-0.096,0.052,527,0.148,B剤タンク2圧力(Mpa)
1,2026-02-05,0.050133333333333335,0.0003518657752744963,0.05,0.051,15,0.000999999999999994,B剤タンク2圧力(Mpa)
1,2026-02-06,-0.005697297297297298,0.07218693921491345,-0.097,0.055,370,0.152,B剤タンク2圧力(Mpa)
1,2026-02-09,0.015585585585585586,0.061810480761128314,-0.098,0.056,555,0.154,B剤タンク2圧力(Mpa)
1,2026-02-10,0.011243589743589745,0.05760796085335289,-0.097,0.053,468,0.15,B剤タンク2圧力(Mpa)
1,2026-02-12,0.022984409799554566,0.055905909692500075,-0.097,0.053,449,0.15,B剤タンク2圧力(Mpa)
1,2026-02-13,0.019195187165775403,0.058856365156216325,-0.097,0.053,374,0.15,B剤タンク2圧力(Mpa)
1,2026-02-16,-0.0068684807256235835,0.06993443291963798,-0.097,0.053,882,0.15,B剤タンク2圧力(Mpa)
1,2026-02-17,0.021268398268398266,0.0512556587768412,-0.097,0.055,462,0.152,B剤タンク2圧力(Mpa)
1,2026-02-18,0.0113862660944206,0.06343786176722745,-0.096,0.053,466,0.149,B剤タンク2圧力(Mpa)
1,2026-02-19,0.0019900199600798407,0.06704396990184579,-0.098,0.053,501,0.151,B剤タンク2圧力(Mpa)
1,2026-02-20,0.03899216710182768,0.03545430568898838,-0.097,0.053,383,0.15,B剤タンク2圧力(Mpa)
1,2026-02-24,-0.0022491228070175436,0.07037168205174014,-0.097,0.055,285,0.152,B剤タンク2圧力(Mpa)
1,2026-02-25,0.040484154929577465,0.032969492001120274,-0.097,0.054,568,0.151,B剤タンク2圧力(Mpa)
1,2026-02-26,-0.009829885057471264,0.07107248541571119,-0.097,0.053,435,0.15,B剤タンク2圧力(Mpa)
1,2026-02-27,0.029892933618843685,0.04742834321013835,-0.096,0.052,467,0.148,B剤タンク2圧力(Mpa)
1,2026-03-02,0.03175103734439834,0.04539203508583342,-0.097,0.055,482,0.152,B剤タンク2圧力(Mpa)
1,2026-03-03,0.026252747252747254,0.05222076852501758,-0.097,0.054,455,0.151,B剤タンク2圧力(Mpa)
1,2026-03-04,0.01948380129589633,0.056256170965202204,-0.097,0.052,463,0.149,B剤タンク2圧力(Mpa)
1,2026-03-05,0.03682236842105263,0.04044599198665855,-0.098,0.055,456,0.153,B剤タンク2圧力(Mpa)
1,2026-03-06,-0.009995744680851064,0.0706357060340468,-0.097,0.054,470,0.151,B剤タンク2圧力(Mpa)
1,2026-03-09,0.015390134529147982,0.06052916683124948,-0.098,0.057,446,0.155,B剤タンク2圧力(Mpa)
1,2026-03-10,0.0435054945054945,0.03097411653064613,-0.098,0.053,455,0.151,B剤タンク2圧力(Mpa)
1,2026-03-11,-0.01778288100208768,0.0696947831803868,-0.097,0.052,479,0.149,B剤タンク2圧力(Mpa)
1,2026-03-18,0.02348148148148148,0.05055794114780994,-0.071,0.05,27,0.121,B剤タンク2圧力(Mpa)
1,2026-03-19,-0.016216666666666667,0.06494259046025302,-0.084,0.053,420,0.137,B剤タンク2圧力(Mpa)
1,2026-03-24,0.049,0.0,0.049,0.049,56,0.0,B剤タンク2圧力(Mpa)
1,2026-03-25,-0.01317399617590822,0.0626346391370122,-0.084,0.054,523,0.138,B剤タンク2圧力(Mpa)
1,2026-03-26,0.017262672811059906,0.057993988206781116,-0.083,0.054,434,0.137,B剤タンク2圧力(Mpa)
1,2026-03-27,0.008552401746724891,0.06105934341873201,-0.083,0.056,458,0.139,B剤タンク2圧力(Mpa)
1,2026-04-01,-0.083,0.0,-0.083,-0.083,24,0.0,B剤タンク2圧力(Mpa)
1,2026-04-02,-0.008392484342379962,0.06256260818889121,-0.083,0.053,479,0.136,B剤タンク2圧力(Mpa)
1,2026-04-03,0.010256756756756757,0.05858899059382233,-0.084,0.052,444,0.136,B剤タンク2圧力(Mpa)
1,2026-04-06,0.019995444191343966,0.05388665575719967,-0.083,0.056,439,0.139,B剤タンク2圧力(Mpa)
1,2026-04-07,-0.006738493723849374,0.06295571488863716,-0.086,0.052,478,0.13799999999999998,B剤タンク2圧力(Mpa)
1,2026-04-08,-0.022102505694760823,0.06573761993008612,-0.084,0.053,439,0.137,B剤タンク2圧力(Mpa)
1,2026-04-09,-0.005040598290598291,0.06076010730298272,-0.082,0.052,468,0.134,B剤タンク2圧力(Mpa)
1,2026-04-10,0.028311518324607328,0.04731504755622353,-0.084,0.055,382,0.139,B剤タンク2圧力(Mpa)
1,2026-04-14,-0.06025,0.007175226196277148,-0.074,-0.054,32,0.019999999999999997,B剤タンク2圧力(Mpa)
1,2026-04-15,-0.008493801652892563,0.06494104638835449,-0.084,0.052,484,0.136,B剤タンク2圧力(Mpa)
1,2026-04-16,0.015006329113924051,0.05542942069581549,-0.082,0.056,474,0.138,B剤タンク2圧力(Mpa)
1,2026-04-17,-0.014304904051172709,0.06382480358623888,-0.084,0.051,469,0.135,B剤タンク2圧力(Mpa)
1,2026-04-20,0.013417475728155338,0.05354951966052042,-0.082,0.049,515,0.131,B剤タンク2圧力(Mpa)
1,2026-04-21,0.04246976744186046,0.024610022338063704,-0.072,0.054,645,0.126,B剤タンク2圧力(Mpa)
2,2026-01-05,0.01995238095238095,0.057457493251778444,-0.096,0.054,42,0.15,B剤タンク2圧力(Mpa)
2,2026-01-06,-0.041541666666666664,0.07313952073095381,-0.097,0.053,24,0.15,B剤タンク2圧力(Mpa)
2,2026-01-07,0.0143125,0.06506993033140064,-0.097,0.053,16,0.15,B剤タンク2圧力(Mpa)
2,2026-01-08,0.03035483870967742,0.049830745788182335,-0.097,0.05,31,0.14700000000000002,B剤タンク2圧力(Mpa)
2,2026-01-09,0.03093333333333333,0.0523661104514124,-0.098,0.054,15,0.152,B剤タンク2圧力(Mpa)
2,2026-01-10,0.01607692307692308,0.06446376441906664,-0.097,0.05,13,0.14700000000000002,B剤タンク2圧力(Mpa)
2,2026-01-13,0.015666666666666666,0.05851619372050981,-0.096,0.046,24,0.14200000000000002,B剤タンク2圧力(Mpa)
2,2026-02-06,0.033875,0.050267510189437085,-0.097,0.053,32,0.15,B剤タンク2圧力(Mpa)
2,2026-02-09,0.02325,0.053810796796292214,-0.097,0.051,28,0.148,B剤タンク2圧力(Mpa)
2,2026-02-10,0.025555555555555557,0.05639797891896296,-0.097,0.051,18,0.148,B剤タンク2圧力(Mpa)
2,2026-02-12,0.05065517241379311,0.000720905287466758,0.05,0.052,29,0.001999999999999995,B剤タンク2圧力(Mpa)
2,2026-02-13,0.05122222222222222,0.0006467616667635542,0.05,0.052,18,0.001999999999999995,B剤タンク2圧力(Mpa)
2,2026-02-16,-0.08046428571428572,0.046188925979252685,-0.097,0.053,56,0.15,B剤タンク2圧力(Mpa)
2,2026-02-17,-0.01538709677419355,0.07529084823507429,-0.097,0.055,31,0.152,B剤タンク2圧力(Mpa)
2,2026-02-18,0.05026666666666667,0.0007988086367179791,0.05,0.053,15,0.0029999999999999957,B剤タンク2圧力(Mpa)
2,2026-02-19,-0.06610526315789474,0.061467149977169025,-0.097,0.05,19,0.14700000000000002,B剤タンク2圧力(Mpa)
2,2026-02-20,0.05,0.0,0.05,0.05,15,0.0,B剤タンク2圧力(Mpa)
2,2026-02-24,-0.05385714285714286,0.06989941753282765,-0.097,0.054,21,0.151,B剤タンク2圧力(Mpa)
2,2026-02-25,0.04906557377049181,0.0003092384440857021,0.049,0.051,61,0.001999999999999995,B剤タンク2圧力(Mpa)
2,2026-02-26,-0.010529411764705883,0.07457807791759154,-0.097,0.053,17,0.15,B剤タンク2圧力(Mpa)
2,2026-02-27,0.04908695652173913,0.0009001536978993635,0.048,0.05,23,0.0020000000000000018,B剤タンク2圧力(Mpa)
2,2026-03-02,0.05045454545454546,0.0020670576365276506,0.049,0.055,11,0.005999999999999998,B剤タンク2圧力(Mpa)
2,2026-03-03,0.0046923076923076935,0.06845948830119561,-0.096,0.051,26,0.147,B剤タンク2圧力(Mpa)
2,2026-03-04,0.04931818181818182,0.0008937009000226534,0.048,0.05,22,0.0020000000000000018,B剤タンク2圧力(Mpa)
2,2026-03-05,0.01972222222222222,0.05285029417866321,-0.069,0.055,18,0.124,B剤タンク2圧力(Mpa)
2,2026-03-06,0.0135,0.06663537144244584,-0.097,0.051,12,0.148,B剤タンク2圧力(Mpa)
2,2026-03-09,0.05,0.00033333333333333256,0.049,0.051,19,0.001999999999999995,B剤タンク2圧力(Mpa)
2,2026-03-10,0.03542105263157894,0.04666466161106125,-0.097,0.051,19,0.148,B剤タンク2圧力(Mpa)
2,2026-03-11,0.009642857142857144,0.06754554832778471,-0.097,0.052,14,0.149,B剤タンク2圧力(Mpa)
2,2026-03-19,-0.012411764705882355,0.06835756982910654,-0.083,0.051,17,0.134,B剤タンク2圧力(Mpa)
2,2026-03-25,-0.05726190476190476,0.045170711168885797,-0.084,0.053,42,0.137,B剤タンク2圧力(Mpa)
2,2026-03-26,-0.007250000000000003,0.06668395609140178,-0.083,0.052,12,0.135,B剤タンク2圧力(Mpa)
2,2026-03-27,0.003411764705882352,0.06540743346853763,-0.083,0.051,17,0.134,B剤タンク2圧力(Mpa)
2,2026-04-02,0.023333333333333334,0.054524786849215474,-0.082,0.053,15,0.135,B剤タンク2圧力(Mpa)
2,2026-04-03,0.048473684210526315,0.0007723284457212334,0.048,0.05,19,0.0020000000000000018,B剤タンク2圧力(Mpa)
2,2026-04-06,0.018076923076923077,0.05705328144004448,-0.082,0.049,13,0.131,B剤タンク2圧力(Mpa)
2,2026-04-07,-0.06023529411764706,0.05230025025246618,-0.085,0.05,17,0.135,B剤タンク2圧力(Mpa)
2,2026-04-08,-0.034,0.06550807348951496,-0.084,0.05,27,0.134,B剤タンク2圧力(Mpa)
2,2026-04-09,0.023894736842105264,0.049292657484369264,-0.069,0.05,19,0.11900000000000001,B剤タンク2圧力(Mpa)
2,2026-04-10,0.04857142857142858,0.0007559289460184558,0.048,0.05,14,0.0020000000000000018,B剤タンク2圧力(Mpa)
2,2026-04-15,0.002882352941176471,0.06514491763842861,-0.084,0.051,17,0.135,B剤タンク2圧力(Mpa)
2,2026-04-16,0.04730769230769231,0.0007510676161988124,0.047,0.049,13,0.0020000000000000018,B剤タンク2圧力(Mpa)
2,2026-04-17,-0.056052631578947375,0.0556032310054516,-0.084,0.049,19,0.133,B剤タンク2圧力(Mpa)
2,2026-04-20,0.04408333333333333,0.0002886751345948125,0.044,0.045,12,0.0010000000000000009,B剤タンク2圧力(Mpa)
2,2026-04-21,0.04796666666666667,0.0005560534167675359,0.047,0.05,30,0.0030000000000000027,B剤タンク2圧力(Mpa)
3,2026-01-05,0.051166666666666666,0.0009831920802501717,0.05,0.052,6,0.001999999999999995,B剤タンク2圧力(Mpa)
3,2026-01-06,-0.0235,0.084870489570875,-0.097,0.05,4,0.14700000000000002,B剤タンク2圧力(Mpa)
3,2026-01-07,0.0014999999999999979,0.07629875490465098,-0.097,0.051,6,0.148,B剤タンク2圧力(Mpa)
3,2026-01-08,0.050333333333333334,0.000516397779494319,0.05,0.051,6,0.000999999999999994,B剤タンク2圧力(Mpa)
3,2026-01-09,-0.0098,0.08051521595325943,-0.098,0.049,5,0.14700000000000002,B剤タンク2圧力(Mpa)
3,2026-01-10,-0.04800000000000001,0.084870489570875,-0.097,0.05,3,0.14700000000000002,B剤タンク2圧力(Mpa)
3,2026-01-13,0.046,0.0,0.046,0.046,2,0.0,B剤タンク2圧力(Mpa)
3,2026-02-12,0.05025,0.0004999999999999964,0.05,0.051,4,0.000999999999999994,B剤タンク2圧力(Mpa)
3,2026-02-13,-0.04733333333333334,0.08602519010925425,-0.097,0.052,3,0.149,B剤タンク2圧力(Mpa)
3,2026-02-16,0.0034000000000000002,0.06016865186013949,-0.068,0.05,10,0.11800000000000001,B剤タンク2圧力(Mpa)
3,2026-02-17,-0.008400000000000001,0.08088448553338273,-0.097,0.052,5,0.149,B剤タンク2圧力(Mpa)
3,2026-02-18,0.03366666666666667,0.04862612466565684,-0.096,0.05,9,0.14600000000000002,B剤タンク2圧力(Mpa)
3,2026-04-02,-0.07225000000000001,0.006500000000000004,-0.082,-0.069,4,0.012999999999999998,B剤タンク2圧力(Mpa)
3,2026-04-03,0.05,,0.05,0.05,1,0.0,B剤タンク2圧力(Mpa)
6,2025-12-26,0.05,0.0,0.05,0.05,13,0.0,B剤タンク2圧力(Mpa)
6,2026-01-05,0.004605263157894735,0.06880466630442413,-0.096,0.052,76,0.148,B剤タンク2圧力(Mpa)
6,2026-01-06,0.01618840579710145,0.06264847666387025,-0.097,0.053,69,0.15,B剤タンク2圧力(Mpa)
6,2026-01-07,0.035987179487179485,0.04525411471275179,-0.097,0.053,78,0.15,B剤タンク2圧力(Mpa)
6,2026-01-08,0.033786885245901635,0.04470276455063989,-0.097,0.052,61,0.149,B剤タンク2圧力(Mpa)
6,2026-01-09,-0.0025909090909090925,0.07063034372382351,-0.098,0.052,66,0.15,B剤タンク2圧力(Mpa)
6,2026-01-10,0.022466666666666666,0.056909522799885905,-0.097,0.052,60,0.149,B剤タンク2圧力(Mpa)
6,2026-01-13,-0.01185483870967742,0.06606748829030776,-0.096,0.05,62,0.14600000000000002,B剤タンク2圧力(Mpa)
6,2026-02-06,-0.009064102564102566,0.07382417506825814,-0.097,0.053,78,0.15,B剤タンク2圧力(Mpa)
6,2026-02-09,0.028057377049180324,0.05436869833233575,-0.098,0.053,122,0.151,B剤タンク2圧力(Mpa)
6,2026-02-10,0.0001749999999999986,0.06530973428521251,-0.097,0.052,80,0.149,B剤タンク2圧力(Mpa)
6,2026-02-12,0.026632183908045975,0.05255520130976544,-0.097,0.053,87,0.15,B剤タンク2圧力(Mpa)
6,2026-02-13,0.020386363636363636,0.05987293668715783,-0.097,0.052,88,0.149,B剤タンク2圧力(Mpa)
6,2026-02-16,-0.029712328767123288,0.07080804151722431,-0.097,0.053,146,0.15,B剤タンク2圧力(Mpa)
6,2026-02-17,0.033676470588235294,0.048075637289485475,-0.097,0.052,68,0.149,B剤タンク2圧力(Mpa)
6,2026-02-18,0.012935897435897434,0.06245005063655933,-0.096,0.051,78,0.147,B剤タンク2圧力(Mpa)
6,2026-02-19,-0.009074626865671643,0.07288582050919133,-0.098,0.055,67,0.153,B剤タンク2圧力(Mpa)
6,2026-02-20,0.023544303797468354,0.05601208602828372,-0.097,0.051,79,0.148,B剤タンク2圧力(Mpa)
6,2026-02-24,-0.044222222222222225,0.06851782296229253,-0.097,0.051,36,0.148,B剤タンク2圧力(Mpa)
6,2026-02-25,0.03397872340425532,0.045436705053235486,-0.097,0.05,94,0.14700000000000002,B剤タンク2圧力(Mpa)
6,2026-02-26,0.003303030303030303,0.0689853874598359,-0.097,0.053,66,0.15,B剤タンク2圧力(Mpa)
6,2026-02-27,0.020274509803921568,0.05799864771919172,-0.096,0.05,51,0.14600000000000002,B剤タンク2圧力(Mpa)
6,2026-03-02,0.015938775510204083,0.059175729879763384,-0.097,0.056,49,0.153,B剤タンク2圧力(Mpa)
6,2026-03-03,0.024734375000000003,0.05540163374689772,-0.096,0.053,64,0.149,B剤タンク2圧力(Mpa)
6,2026-03-04,0.02646666666666667,0.05359384292994859,-0.097,0.05,45,0.14700000000000002,B剤タンク2圧力(Mpa)
6,2026-03-05,0.03476,0.039705836716882756,-0.069,0.056,50,0.125,B剤タンク2圧力(Mpa)
6,2026-03-06,-0.016170731707317074,0.06985767761635953,-0.097,0.051,41,0.148,B剤タンク2圧力(Mpa)
6,2026-03-09,0.021099999999999997,0.059932782861623075,-0.098,0.051,40,0.149,B剤タンク2圧力(Mpa)
6,2026-03-10,0.02879411764705882,0.0532767385773593,-0.098,0.051,34,0.149,B剤タンク2圧力(Mpa)
6,2026-03-11,0.013454545454545453,0.061419432780223535,-0.092,0.052,44,0.144,B剤タンク2圧力(Mpa)
6,2026-03-19,-0.018254545454545454,0.06603764868445154,-0.082,0.052,55,0.134,B剤タンク2圧力(Mpa)
6,2026-03-25,-0.006242424242424242,0.06300306722840152,-0.084,0.052,66,0.136,B剤タンク2圧力(Mpa)
6,2026-03-26,0.02728,0.05219783403122222,-0.083,0.053,50,0.136,B剤タンク2圧力(Mpa)
6,2026-03-27,0.012224489795918368,0.06030798223360183,-0.083,0.051,49,0.134,B剤タンク2圧力(Mpa)
6,2026-04-02,-0.026523809523809526,0.058942250890953986,-0.082,0.052,63,0.134,B剤タンク2圧力(Mpa)
6,2026-04-03,0.0018714285714285712,0.06348157816284619,-0.084,0.05,70,0.134,B剤タンク2圧力(Mpa)
6,2026-04-06,0.014875,0.05721403248173051,-0.082,0.052,40,0.134,B剤タンク2圧力(Mpa)
6,2026-04-07,-0.021672727272727278,0.06717088614964035,-0.085,0.049,55,0.134,B剤タンク2圧力(Mpa)
6,2026-04-08,-0.03431578947368421,0.06476156069733405,-0.084,0.05,38,0.134,B剤タンク2圧力(Mpa)
6,2026-04-09,-0.005142857142857144,0.06150710872706613,-0.082,0.052,63,0.134,B剤タンク2圧力(Mpa)
6,2026-04-10,0.010967741935483872,0.059796590689307,-0.081,0.049,31,0.13,B剤タンク2圧力(Mpa)
6,2026-04-15,-0.011538461538461539,0.06412587156402753,-0.084,0.05,65,0.134,B剤タンク2圧力(Mpa)
6,2026-04-16,0.011696428571428571,0.058495662509860775,-0.082,0.051,56,0.133,B剤タンク2圧力(Mpa)
6,2026-04-17,-0.028044444444444445,0.06619700472335159,-0.084,0.049,45,0.133,B剤タンク2圧力(Mpa)
6,2026-04-20,0.023983050847457624,0.04708191377084152,-0.082,0.048,59,0.13,B剤タンク2圧力(Mpa)
6,2026-04-21,0.0459009900990099,0.016386888020911754,-0.069,0.052,101,0.121,B剤タンク2圧力(Mpa)
7,2025-12-26,0.05,0.0,0.05,0.05,9,0.0,B剤タンク2圧力(Mpa)
7,2026-01-05,0.02919858156028369,0.05257134198376202,-0.096,0.054,141,0.15,B剤タンク2圧力(Mpa)
7,2026-01-06,0.010924050632911393,0.06535519757485769,-0.097,0.05,79,0.14700000000000002,B剤タンク2圧力(Mpa)
7,2026-01-07,0.028068702290076335,0.05329499772163564,-0.097,0.052,131,0.149,B剤タンク2圧力(Mpa)
7,2026-01-08,0.03154285714285714,0.04796197106079982,-0.097,0.051,140,0.148,B剤タンク2圧力(Mpa)
7,2026-01-09,0.014446280991735538,0.06322340684868,-0.098,0.052,121,0.15,B剤タンク2圧力(Mpa)
7,2026-01-10,0.030125000000000002,0.04698033962121145,-0.097,0.051,120,0.148,B剤タンク2圧力(Mpa)
7,2026-01-13,0.0484,0.0004982728791224404,0.048,0.049,30,0.0010000000000000009,B剤タンク2圧力(Mpa)
7,2026-02-05,0.05073684210526316,0.0004524139283588617,0.05,0.051,19,0.000999999999999994,B剤タンク2圧力(Mpa)
7,2026-02-06,0.024148148148148148,0.05828699567168022,-0.097,0.056,54,0.153,B剤タンク2圧力(Mpa)
7,2026-02-09,0.01787323943661972,0.06252305777847589,-0.098,0.059,142,0.157,B剤タンク2圧力(Mpa)
7,2026-02-10,0.0013296703296703303,0.056752103229758995,-0.063,0.056,91,0.119,B剤タンク2圧力(Mpa)
7,2026-02-12,0.03847222222222222,0.04115377285674168,-0.097,0.055,72,0.152,B剤タンク2圧力(Mpa)
7,2026-02-13,0.034202898550724635,0.04253530703328739,-0.096,0.057,69,0.153,B剤タンク2圧力(Mpa)
7,2026-02-16,0.002868686868686869,0.06552430423882934,-0.097,0.051,198,0.148,B剤タンク2圧力(Mpa)
7,2026-02-17,-0.0016976744186046513,0.05528303000282048,-0.097,0.051,86,0.148,B剤タンク2圧力(Mpa)
7,2026-02-18,0.05024561403508772,0.0006622661785325196,0.05,0.054,57,0.003999999999999997,B剤タンク2圧力(Mpa)
7,2026-02-19,0.0077953216374269,0.06526443208694328,-0.097,0.055,171,0.152,B剤タンク2圧力(Mpa)
7,2026-02-20,0.05072868217054264,0.0013273089433164127,0.05,0.056,129,0.005999999999999998,B剤タンク2圧力(Mpa)
7,2026-02-24,-0.006206611570247934,0.07192981734016522,-0.097,0.056,121,0.153,B剤タンク2圧力(Mpa)
7,2026-02-25,0.02754861111111111,0.053083629739395614,-0.097,0.053,144,0.15,B剤タンク2圧力(Mpa)
7,2026-02-26,-0.022884210526315788,0.07200352579397565,-0.097,0.05,95,0.14700000000000002,B剤タンク2圧力(Mpa)
7,2026-02-27,0.03146478873239437,0.04894773626340519,-0.096,0.056,71,0.152,B剤タンク2圧力(Mpa)
7,2026-03-02,0.03550450450450451,0.03832916617309827,-0.097,0.05,111,0.14700000000000002,B剤タンク2圧力(Mpa)
7,2026-03-03,-0.01126851851851852,0.06922719017457622,-0.096,0.054,108,0.15,B剤タンク2圧力(Mpa)
7,2026-03-04,0.021637254901960782,0.05890162787773572,-0.097,0.056,102,0.153,B剤タンク2圧力(Mpa)
7,2026-03-05,0.01819607843137255,0.06095153718700729,-0.098,0.052,102,0.15,B剤タンク2圧力(Mpa)
7,2026-03-06,-0.008244444444444445,0.07205121635182699,-0.097,0.051,90,0.148,B剤タンク2圧力(Mpa)
7,2026-03-09,0.027366666666666664,0.054180050490456926,-0.097,0.058,120,0.155,B剤タンク2圧力(Mpa)
7,2026-03-10,0.05114285714285714,0.0018359195009800013,0.049,0.056,70,0.006999999999999999,B剤タンク2圧力(Mpa)
7,2026-03-11,-0.028333333333333332,0.06960482354459464,-0.097,0.05,90,0.14700000000000002,B剤タンク2圧力(Mpa)
7,2026-03-18,-0.029333333333333336,0.06870468203356547,-0.069,0.05,3,0.11900000000000001,B剤タンク2圧力(Mpa)
7,2026-03-19,-0.012441558441558441,0.06100593014886975,-0.083,0.051,77,0.134,B剤タンク2圧力(Mpa)
7,2026-03-24,0.04900000000000001,0.0,0.049,0.049,12,0.0,B剤タンク2圧力(Mpa)
7,2026-03-25,-0.021822368421052632,0.06301414767810848,-0.083,0.052,152,0.135,B剤タンク2圧力(Mpa)
7,2026-03-26,0.016835820895522387,0.058656575496163536,-0.083,0.052,67,0.135,B剤タンク2圧力(Mpa)
7,2026-03-27,0.026600000000000002,0.050314825363665404,-0.083,0.053,110,0.136,B剤タンク2圧力(Mpa)
7,2026-04-02,-0.0253875,0.05930451212368117,-0.083,0.053,80,0.136,B剤タンク2圧力(Mpa)
7,2026-04-03,0.020367088607594938,0.054545012513822703,-0.084,0.053,79,0.137,B剤タンク2圧力(Mpa)
7,2026-04-06,0.026779661016949154,0.04925481520189438,-0.083,0.051,59,0.134,B剤タンク2圧力(Mpa)
7,2026-04-07,0.001435483870967741,0.06442624986039079,-0.085,0.051,62,0.136,B剤タンク2圧力(Mpa)
7,2026-04-08,-0.007042857142857142,0.06542579283837546,-0.084,0.05,70,0.134,B剤タンク2圧力(Mpa)
7,2026-04-09,-0.012883333333333333,0.060209546984034,-0.08,0.049,60,0.129,B剤タンク2圧力(Mpa)
7,2026-04-10,0.026160714285714287,0.04623842431481509,-0.069,0.05,56,0.11900000000000001,B剤タンク2圧力(Mpa)
7,2026-04-15,0.01181967213114754,0.05799870923756875,-0.084,0.053,61,0.137,B剤タンク2圧力(Mpa)
7,2026-04-16,0.0195,0.053293165963953934,-0.082,0.051,66,0.133,B剤タンク2圧力(Mpa)
7,2026-04-17,0.004083333333333332,0.06281160738747953,-0.084,0.049,60,0.133,B剤タンク2圧力(Mpa)
7,2026-04-20,0.0014081632653061198,0.05688252454523671,-0.082,0.044,49,0.126,B剤タンク2圧力(Mpa)
7,2026-04-21,0.04316455696202532,0.024639675311998083,-0.08,0.049,79,0.129,B剤タンク2圧力(Mpa)
8,2026-01-05,0.04163934426229508,0.03443020622059793,-0.096,0.054,122,0.15,B剤タンク2圧力(Mpa)
8,2026-01-06,0.005166666666666667,0.06830668953190648,-0.097,0.052,114,0.149,B剤タンク2圧力(Mpa)
8,2026-01-07,0.045359477124183006,0.027380749667537976,-0.097,0.052,153,0.149,B剤タンク2圧力(Mpa)
8,2026-01-08,0.025075,0.05482825170360577,-0.097,0.053,120,0.15,B剤タンク2圧力(Mpa)
8,2026-01-09,-0.01850515463917526,0.07396524010632463,-0.098,0.052,97,0.15,B剤タンク2圧力(Mpa)
8,2026-01-10,0.03773076923076923,0.041676570393818266,-0.097,0.053,104,0.15,B剤タンク2圧力(Mpa)
8,2026-01-13,0.008814814814814814,0.06319203761735823,-0.096,0.046,27,0.14200000000000002,B剤タンク2圧力(Mpa)
8,2026-02-05,0.0507,0.00047016234598162496,0.05,0.051,20,0.000999999999999994,B剤タンク2圧力(Mpa)
8,2026-02-06,0.033424999999999996,0.049627925733988,-0.097,0.056,80,0.153,B剤タンク2圧力(Mpa)
8,2026-02-09,0.004401639344262294,0.06916296001916528,-0.098,0.053,122,0.151,B剤タンク2圧力(Mpa)
8,2026-02-10,-0.019980769230769233,0.05960565894311812,-0.097,0.053,104,0.15,B剤タンク2圧力(Mpa)
8,2026-02-12,0.046559210526315786,0.023288496876995354,-0.071,0.054,152,0.125,B剤タンク2圧力(Mpa)
8,2026-02-13,0.02617355371900826,0.05504402445406016,-0.097,0.052,121,0.149,B剤タンク2圧力(Mpa)
8,2026-02-16,-0.05150617283950617,0.061892538298757044,-0.097,0.052,162,0.149,B剤タンク2圧力(Mpa)
8,2026-02-17,-0.003342105263157897,0.07185134961534365,-0.097,0.055,114,0.152,B剤タンク2圧力(Mpa)
8,2026-02-18,0.05015068493150685,0.0004304788314808513,0.05,0.052,73,0.001999999999999995,B剤タンク2圧力(Mpa)
8,2026-02-19,-0.02103125,0.06233591511234181,-0.097,0.052,160,0.149,B剤タンク2圧力(Mpa)
8,2026-02-20,0.01738888888888889,0.05141807528830381,-0.07,0.056,72,0.126,B剤タンク2圧力(Mpa)
8,2026-02-24,-0.011247524752475249,0.07307973808663987,-0.097,0.054,101,0.151,B剤タンク2圧力(Mpa)
8,2026-02-25,0.0170241935483871,0.06154163951060526,-0.097,0.056,124,0.153,B剤タンク2圧力(Mpa)
8,2026-02-26,0.01805813953488372,0.057268892007721485,-0.097,0.053,86,0.15,B剤タンク2圧力(Mpa)
8,2026-02-27,0.01704255319148936,0.060964631892583554,-0.096,0.053,94,0.149,B剤タンク2圧力(Mpa)
8,2026-03-02,0.015137500000000002,0.05839623356807107,-0.097,0.051,80,0.148,B剤タンク2圧力(Mpa)
8,2026-03-03,0.00619,0.06722293605097245,-0.096,0.054,100,0.15,B剤タンク2圧力(Mpa)
8,2026-03-04,0.049555555555555554,0.000620096243184466,0.048,0.051,90,0.0029999999999999957,B剤タンク2圧力(Mpa)
8,2026-03-05,0.041639999999999996,0.03463416891691869,-0.097,0.053,100,0.15,B剤タンク2圧力(Mpa)
8,2026-03-06,0.022137254901960786,0.059431648002673844,-0.097,0.054,51,0.151,B剤タンク2圧力(Mpa)
8,2026-03-09,0.04775892857142857,0.01962956289330558,-0.097,0.053,112,0.15,B剤タンク2圧力(Mpa)
8,2026-03-10,0.023401960784313725,0.05336781761055343,-0.097,0.053,102,0.15,B剤タンク2圧力(Mpa)
8,2026-03-11,-0.03743333333333333,0.07188040129545382,-0.097,0.052,60,0.149,B剤タンク2圧力(Mpa)
8,2026-03-18,0.03560714285714286,0.037047856223992925,-0.069,0.05,28,0.11900000000000001,B剤タンク2圧力(Mpa)
8,2026-03-19,-0.018875,0.06623440824407686,-0.083,0.051,80,0.134,B剤タンク2圧力(Mpa)
8,2026-03-24,0.049,0.0,0.049,0.049,40,0.0,B剤タンク2圧力(Mpa)
8,2026-03-25,-0.028963350785340316,0.0610754814900338,-0.084,0.052,191,0.136,B剤タンク2圧力(Mpa)
8,2026-03-26,0.013407079646017697,0.06018567063206243,-0.083,0.053,113,0.136,B剤タンク2圧力(Mpa)
8,2026-03-27,0.017066666666666667,0.056107200763610456,-0.083,0.056,90,0.139,B剤タンク2圧力(Mpa)
8,2026-04-02,0.04036666666666667,0.033272356657052776,-0.069,0.053,60,0.122,B剤タンク2圧力(Mpa)
8,2026-04-03,0.020894736842105265,0.05289475813912464,-0.083,0.051,76,0.134,B剤タンク2圧力(Mpa)
8,2026-04-06,0.03507368421052632,0.04038096299560484,-0.082,0.051,95,0.133,B剤タンク2圧力(Mpa)
8,2026-04-07,-0.017583333333333336,0.06698906859133408,-0.085,0.053,60,0.138,B剤タンク2圧力(Mpa)
8,2026-04-08,0.005868852459016393,0.06329441139359149,-0.084,0.053,61,0.137,B剤タンク2圧力(Mpa)
8,2026-04-09,0.0021153846153846153,0.061301465156794015,-0.082,0.05,78,0.132,B剤タンク2圧力(Mpa)
8,2026-04-10,0.04857142857142857,0.0006678270969037456,0.048,0.051,42,0.0029999999999999957,B剤タンク2圧力(Mpa)
8,2026-04-15,0.0027333333333333324,0.06401532302442053,-0.084,0.052,60,0.136,B剤タンク2圧力(Mpa)
8,2026-04-16,0.019655555555555558,0.05411559851370839,-0.082,0.052,90,0.134,B剤タンク2圧力(Mpa)
8,2026-04-17,-0.0012403846153846165,0.06441725258747534,-0.084,0.049,104,0.133,B剤タンク2圧力(Mpa)
8,2026-04-20,0.02228448275862069,0.04735174686360031,-0.082,0.048,116,0.13,B剤タンク2圧力(Mpa)
8,2026-04-21,0.04809473684210526,0.0011181398404798355,0.047,0.05,190,0.0030000000000000027,B剤タンク2圧力(Mpa)
9,2026-01-05,0.014249999999999995,0.06446376441906665,-0.096,0.051,40,0.147,B剤タンク2圧力(Mpa)
9,2026-01-06,-0.009513513513513512,0.07251797004375492,-0.097,0.051,74,0.148,B剤タンク2圧力(Mpa)
9,2026-01-07,0.030014285714285716,0.05223539053979324,-0.097,0.054,70,0.151,B剤タンク2圧力(Mpa)
9,2026-01-08,0.025229508196721314,0.054574534184184904,-0.097,0.05,61,0.14700000000000002,B剤タンク2圧力(Mpa)
9,2026-01-09,0.004492957746478874,0.0619088900238399,-0.098,0.051,71,0.149,B剤タンク2圧力(Mpa)
9,2026-01-10,0.025666666666666667,0.05532237315726262,-0.097,0.051,60,0.148,B剤タンク2圧力(Mpa)
9,2026-01-13,0.04825,0.0005000000000000004,0.048,0.049,4,0.0010000000000000009,B剤タンク2圧力(Mpa)
9,2026-02-05,0.051,0.0,0.051,0.051,2,0.0,B剤タンク2圧力(Mpa)
9,2026-02-06,-0.038982456140350875,0.07383777856801793,-0.097,0.056,57,0.153,B剤タンク2圧力(Mpa)
9,2026-02-09,0.042528089887640445,0.034488828852661725,-0.098,0.053,89,0.151,B剤タンク2圧力(Mpa)
9,2026-02-10,-0.018000000000000002,0.062210204862555275,-0.097,0.056,74,0.153,B剤タンク2圧力(Mpa)
9,2026-02-12,0.05101470588235294,0.0009382843514329677,0.05,0.054,68,0.003999999999999997,B剤タンク2圧力(Mpa)
9,2026-02-13,0.020875,0.06108543894467673,-0.097,0.057,48,0.154,B剤タンク2圧力(Mpa)
9,2026-02-16,-0.038425,0.06870074069580252,-0.097,0.049,80,0.14600000000000002,B剤タンク2圧力(Mpa)
9,2026-02-17,0.01876056338028169,0.05209345031184201,-0.097,0.052,71,0.149,B剤タンク2圧力(Mpa)
9,2026-02-18,0.050144927536231884,0.0004625810682159183,0.049,0.052,69,0.0029999999999999957,B剤タンク2圧力(Mpa)
9,2026-02-19,0.026963855421686746,0.044556745344405034,-0.069,0.052,83,0.121,B剤タンク2圧力(Mpa)
9,2026-02-20,0.050100000000000006,0.0003541521266540113,0.05,0.052,60,0.001999999999999995,B剤タンク2圧力(Mpa)
9,2026-02-24,0.03855555555555556,0.042863183797433035,-0.097,0.056,45,0.153,B剤タンク2圧力(Mpa)
9,2026-02-25,0.04398507462686567,0.02680767220423098,-0.065,0.056,67,0.121,B剤タンク2圧力(Mpa)
9,2026-02-26,-0.016494505494505495,0.07330959822354226,-0.097,0.051,91,0.148,B剤タンク2圧力(Mpa)
9,2026-02-27,0.012775,0.06360877519691197,-0.096,0.053,40,0.149,B剤タンク2圧力(Mpa)
9,2026-03-02,-0.03406666666666667,0.06405382076053691,-0.097,0.051,30,0.148,B剤タンク2圧力(Mpa)
9,2026-03-03,0.020124999999999997,0.059320592481091186,-0.097,0.052,40,0.149,B剤タンク2圧力(Mpa)
9,2026-03-04,0.027575757575757576,0.05306108543818896,-0.097,0.055,66,0.152,B剤タンク2圧力(Mpa)
9,2026-03-05,0.028,0.054292856672994154,-0.098,0.056,64,0.154,B剤タンク2圧力(Mpa)
9,2026-03-06,0.020819999999999998,0.0595125402665656,-0.097,0.052,50,0.149,B剤タンク2圧力(Mpa)
9,2026-03-09,0.050478260869565215,0.001530173919874448,0.047,0.056,69,0.009000000000000001,B剤タンク2圧力(Mpa)
9,2026-03-10,0.05064383561643836,0.001417841307270565,0.049,0.054,73,0.0049999999999999975,B剤タンク2圧力(Mpa)
9,2026-03-11,-0.06586885245901639,0.05745185677586528,-0.097,0.05,61,0.14700000000000002,B剤タンク2圧力(Mpa)
9,2026-03-19,-0.022615384615384614,0.0632527311186388,-0.083,0.05,52,0.133,B剤タンク2圧力(Mpa)
9,2026-03-25,0.0133875,0.05888703920283264,-0.081,0.052,80,0.133,B剤タンク2圧力(Mpa)
9,2026-03-26,0.024419999999999997,0.05425679304784549,-0.083,0.052,50,0.135,B剤タンク2圧力(Mpa)
9,2026-03-27,-0.0035200000000000006,0.0655551613808819,-0.083,0.05,50,0.133,B剤タンク2圧力(Mpa)
9,2026-04-02,0.020124999999999997,0.052114365114448544,-0.069,0.051,40,0.12,B剤タンク2圧力(Mpa)
9,2026-04-03,-0.005560000000000001,0.06224020617981693,-0.083,0.05,50,0.133,B剤タンク2圧力(Mpa)
9,2026-04-06,-0.011320000000000002,0.06529726062322952,-0.082,0.05,50,0.132,B剤タンク2圧力(Mpa)
9,2026-04-07,0.004786885245901638,0.06323266949768354,-0.085,0.05,61,0.135,B剤タンク2圧力(Mpa)
9,2026-04-08,-0.006440000000000001,0.06622230957701707,-0.084,0.05,50,0.134,B剤タンク2圧力(Mpa)
9,2026-04-09,0.0028799999999999997,0.05649657385313605,-0.081,0.049,50,0.13,B剤タンク2圧力(Mpa)
9,2026-04-10,0.016025,0.05673261057420241,-0.081,0.049,40,0.13,B剤タンク2圧力(Mpa)
9,2026-04-15,-0.015225806451612905,0.06769919235235596,-0.084,0.05,31,0.134,B剤タンク2圧力(Mpa)
9,2026-04-16,-0.0334,0.05793090490912207,-0.082,0.049,40,0.131,B剤タンク2圧力(Mpa)
9,2026-04-17,-0.03936666666666667,0.06420306327063635,-0.084,0.052,30,0.136,B剤タンク2圧力(Mpa)
9,2026-04-20,0.00910204081632653,0.051948389812212975,-0.082,0.048,49,0.13,B剤タンク2圧力(Mpa)
9,2026-04-21,0.04796666666666667,0.0007804098589988466,0.047,0.05,60,0.0030000000000000027,B剤タンク2圧力(Mpa)
10,2026-01-05,0.023476190476190473,0.059387388431904505,-0.096,0.052,21,0.148,B剤タンク2圧力(Mpa)
10,2026-01-06,-0.005523809523809525,0.07353476663974604,-0.097,0.052,21,0.149,B剤タンク2圧力(Mpa)
10,2026-01-07,0.024227272727272722,0.058492923314894064,-0.097,0.052,22,0.149,B剤タンク2圧力(Mpa)
10,2026-01-08,0.049888888888888885,0.000751067616198809,0.049,0.051,27,0.001999999999999995,B剤タンク2圧力(Mpa)
10,2026-01-09,0.0008571428571428566,0.07142988570219451,-0.098,0.052,21,0.15,B剤タンク2圧力(Mpa)
10,2026-01-10,0.02736842105263158,0.05533856453817897,-0.097,0.053,19,0.15,B剤タンク2圧力(Mpa)
10,2026-01-13,0.016578947368421054,0.05975906792136579,-0.096,0.05,19,0.14600000000000002,B剤タンク2圧力(Mpa)
10,2026-02-06,-0.007600000000000001,0.07556529815804532,-0.097,0.053,15,0.15,B剤タンク2圧力(Mpa)
10,2026-02-09,0.027039999999999998,0.05570269293310692,-0.098,0.052,25,0.15,B剤タンク2圧力(Mpa)
10,2026-02-10,0.0186875,0.05950654725882411,-0.097,0.053,16,0.15,B剤タンク2圧力(Mpa)
10,2026-02-12,0.05138461538461539,0.0012608503439122277,0.05,0.053,13,0.0029999999999999957,B剤タンク2圧力(Mpa)
10,2026-02-13,0.007352941176470587,0.06943696887868035,-0.097,0.052,17,0.149,B剤タンク2圧力(Mpa)
10,2026-02-16,-0.015818181818181818,0.07510857941206651,-0.097,0.053,22,0.15,B剤タンク2圧力(Mpa)
10,2026-02-17,0.01576190476190476,0.06459636581256313,-0.097,0.052,21,0.149,B剤タンク2圧力(Mpa)
10,2026-02-18,0.015238095238095242,0.06371962394890977,-0.096,0.05,21,0.14600000000000002,B剤タンク2圧力(Mpa)
10,2026-02-19,-0.005,0.0736043476976734,-0.097,0.052,16,0.149,B剤タンク2圧力(Mpa)
10,2026-02-20,0.027000000000000003,0.04878068834647125,-0.069,0.051,10,0.12,B剤タンク2圧力(Mpa)
10,2026-02-24,-0.0733,0.04560470248657356,-0.097,0.05,10,0.14700000000000002,B剤タンク2圧力(Mpa)
10,2026-02-25,0.03436842105263158,0.04629880071198844,-0.097,0.051,19,0.148,B剤タンク2圧力(Mpa)
10,2026-02-26,0.007857142857142858,0.06883297191011022,-0.097,0.054,14,0.151,B剤タンク2圧力(Mpa)
10,2026-02-27,-0.0056875,0.07225115339333114,-0.096,0.049,16,0.14500000000000002,B剤タンク2圧力(Mpa)
10,2026-03-02,0.026263157894736842,0.05484406389965317,-0.097,0.051,19,0.148,B剤タンク2圧力(Mpa)
10,2026-03-03,0.03252941176470588,0.048380158183726034,-0.096,0.051,17,0.147,B剤タンク2圧力(Mpa)
10,2026-03-04,0.033277777777777774,0.04740042883344803,-0.097,0.051,18,0.148,B剤タンク2圧力(Mpa)
10,2026-03-05,-0.003454545454545455,0.07416652025862296,-0.097,0.051,11,0.148,B剤タンク2圧力(Mpa)
10,2026-03-06,-0.007000000000000003,0.0680646751259418,-0.097,0.051,16,0.148,B剤タンク2圧力(Mpa)
10,2026-03-09,0.018285714285714287,0.06284710209515028,-0.098,0.051,14,0.149,B剤タンク2圧力(Mpa)
10,2026-03-10,0.028916666666666663,0.05119385320583523,-0.097,0.051,12,0.148,B剤タンク2圧力(Mpa)
10,2026-03-11,-0.010350000000000002,0.06934071106158572,-0.092,0.052,20,0.144,B剤タンク2圧力(Mpa)
10,2026-03-19,0.050555555555555555,0.0005270462766947255,0.05,0.051,9,0.000999999999999994,B剤タンク2圧力(Mpa)
10,2026-03-25,-0.013653846153846155,0.06582458039832373,-0.084,0.051,26,0.135,B剤タンク2圧力(Mpa)
10,2026-03-26,-0.009958333333333338,0.06864051229074732,-0.083,0.054,24,0.137,B剤タンク2圧力(Mpa)
10,2026-03-27,0.011157894736842103,0.05880501032876435,-0.083,0.052,19,0.135,B剤タンク2圧力(Mpa)
10,2026-04-02,-0.019750000000000004,0.060865163943081446,-0.069,0.05,12,0.11900000000000001,B剤タンク2圧力(Mpa)
10,2026-04-03,0.013818181818181818,0.05909960775135176,-0.083,0.049,11,0.132,B剤タンク2圧力(Mpa)
10,2026-04-06,-0.009111111111111111,0.06915280985694733,-0.082,0.05,9,0.132,B剤タンク2圧力(Mpa)
10,2026-04-07,0.012363636363636365,0.06253362731726464,-0.085,0.049,11,0.134,B剤タンク2圧力(Mpa)
10,2026-04-08,0.028538461538461537,0.04950692777214011,-0.083,0.05,13,0.133,B剤タンク2圧力(Mpa)
10,2026-04-09,-0.0520909090909091,0.04974827543835977,-0.081,0.048,11,0.129,B剤タンク2圧力(Mpa)
10,2026-04-10,0.019777777777777776,0.05713750470964272,-0.081,0.049,9,0.13,B剤タンク2圧力(Mpa)
10,2026-04-15,-0.022222222222222223,0.06880729935438859,-0.084,0.05,9,0.134,B剤タンク2圧力(Mpa)
10,2026-04-16,0.005333333333333333,0.07563288526384099,-0.082,0.049,3,0.131,B剤タンク2圧力(Mpa)
10,2026-04-17,-0.017900000000000003,0.06967615565361414,-0.084,0.049,10,0.133,B剤タンク2圧力(Mpa)
10,2026-04-20,0.02209090909090909,0.05148486096990949,-0.082,0.048,11,0.13,B剤タンク2圧力(Mpa)
10,2026-04-21,0.04816666666666667,0.001340560125199676,0.047,0.05,24,0.0030000000000000027,B剤タンク2圧力(Mpa)
13,2026-01-05,0.051,0.0,0.051,0.051,3,0.0,B剤タンク2圧力(Mpa)
13,2026-01-06,0.025500000000000005,0.060012498698187866,-0.097,0.05,6,0.14700000000000002,B剤タンク2圧力(Mpa)
13,2026-01-07,0.0505,0.0007071067811865408,0.05,0.051,2,0.000999999999999994,B剤タンク2圧力(Mpa)
13,2026-01-08,0.05,,0.05,0.05,1,0.0,B剤タンク2圧力(Mpa)
13,2026-01-09,0.049,0.0,0.049,0.049,5,0.0,B剤タンク2圧力(Mpa)
13,2026-01-10,0.0010000000000000009,0.07591047358566538,-0.097,0.05,6,0.14700000000000002,B剤タンク2圧力(Mpa)
13,2026-01-13,0.04766666666666667,0.0023094010767585045,0.045,0.049,3,0.0040000000000000036,B剤タンク2圧力(Mpa)
13,2026-02-06,0.002999999999999998,0.08660254037844387,-0.097,0.053,3,0.15,B剤タンク2圧力(Mpa)
13,2026-02-09,0.0506,0.0005477225575051632,0.05,0.051,5,0.000999999999999994,B剤タンク2圧力(Mpa)
13,2026-02-10,0.05,,0.05,0.05,1,0.0,B剤タンク2圧力(Mpa)
13,2026-02-12,0.051500000000000004,0.002121320343559642,0.05,0.053,2,0.0029999999999999957,B剤タンク2圧力(Mpa)
13,2026-02-13,0.05,0.0,0.05,0.05,2,0.0,B剤タンク2圧力(Mpa)
13,2026-02-16,0.049,0.0,0.049,0.049,2,0.0,B剤タンク2圧力(Mpa)
13,2026-02-17,-0.01475,0.060857072993476556,-0.097,0.05,4,0.14700000000000002,B剤タンク2圧力(Mpa)
13,2026-02-18,0.05,0.0,0.05,0.05,2,0.0,B剤タンク2圧力(Mpa)
13,2026-02-19,0.0505,0.0007071067811865408,0.05,0.051,2,0.000999999999999994,B剤タンク2圧力(Mpa)
13,2026-02-20,0.0505,0.0007071067811865408,0.05,0.051,2,0.000999999999999994,B剤タンク2圧力(Mpa)
13,2026-02-25,0.04925,0.0004999999999999999,0.049,0.05,4,0.0010000000000000009,B剤タンク2圧力(Mpa)
13,2026-02-26,-0.0382,0.08051521595325943,-0.097,0.05,5,0.14700000000000002,B剤タンク2圧力(Mpa)
13,2026-02-27,-0.0595,0.07300000000000001,-0.096,0.05,4,0.14600000000000002,B剤タンク2圧力(Mpa)
13,2026-03-02,0.0494,0.0005477225575051671,0.049,0.05,5,0.0010000000000000009,B剤タンク2圧力(Mpa)
13,2026-03-03,0.0505,0.0007071067811865408,0.05,0.051,2,0.000999999999999994,B剤タンク2圧力(Mpa)
13,2026-03-04,-0.0235,0.084870489570875,-0.097,0.05,4,0.14700000000000002,B剤タンク2圧力(Mpa)
13,2026-03-05,0.020399999999999998,0.0661951659866489,-0.098,0.051,5,0.149,B剤タンク2圧力(Mpa)
13,2026-03-06,-0.008799999999999999,0.08051521595325943,-0.097,0.05,5,0.14700000000000002,B剤タンク2圧力(Mpa)
13,2026-03-09,0.0495,0.0007071067811865482,0.049,0.05,2,0.0010000000000000009,B剤タンク2圧力(Mpa)
13,2026-03-10,0.05025,0.0009574271077563364,0.049,0.051,4,0.001999999999999995,B剤タンク2圧力(Mpa)
13,2026-03-11,-0.031,0.07487322618933955,-0.097,0.05,5,0.14700000000000002,B剤タンク2圧力(Mpa)
13,2026-03-19,-0.0825,0.0007071067811865482,-0.083,-0.082,2,0.0010000000000000009,B剤タンク2圧力(Mpa)
13,2026-03-25,-0.048,0.0604884876886267,-0.081,0.05,8,0.131,B剤タンク2圧力(Mpa)
13,2026-03-26,-0.016000000000000004,0.09475230867899738,-0.083,0.051,2,0.134,B剤タンク2圧力(Mpa)
13,2026-03-27,0.004333333333333332,0.07563288526384099,-0.083,0.048,3,0.131,B剤タンク2圧力(Mpa)
13,2026-04-02,0.05,0.0,0.05,0.05,2,0.0,B剤タンク2圧力(Mpa)
13,2026-04-03,0.003999999999999999,0.0762102355330306,-0.084,0.048,3,0.132,B剤タンク2圧力(Mpa)
13,2026-04-06,0.048,,0.048,0.048,1,0.0,B剤タンク2圧力(Mpa)
13,2026-04-08,0.005,0.06740623116596862,-0.084,0.05,6,0.134,B剤タンク2圧力(Mpa)
13,2026-04-09,0.009333333333333332,0.06784049921199972,-0.069,0.049,3,0.11800000000000001,B剤タンク2圧力(Mpa)
13,2026-04-10,0.049,0.0,0.049,0.049,2,0.0,B剤タンク2圧力(Mpa)
13,2026-04-15,-0.029800000000000004,0.07196665894704297,-0.084,0.05,5,0.134,B剤タンク2圧力(Mpa)
13,2026-04-16,-0.030200000000000005,0.07093095234099145,-0.082,0.048,5,0.13,B剤タンク2圧力(Mpa)
13,2026-04-17,0.01525,0.06616834590648311,-0.084,0.049,4,0.133,B剤タンク2圧力(Mpa)
13,2026-04-20,-0.015750000000000004,0.06919718202354776,-0.082,0.044,4,0.126,B剤タンク2圧力(Mpa)
13,2026-04-21,0.048,,0.048,0.048,1,0.0,B剤タンク2圧力(Mpa)
14,2026-02-17,0.007899999999999999,0.04663677614167695,-0.097,0.052,10,0.149,B剤タンク2圧力(Mpa)
14,2026-02-18,0.05,0.0,0.05,0.05,10,0.0,B剤タンク2圧力(Mpa)
14,2026-02-24,0.05,0.0,0.05,0.05,5,0.0,B剤タンク2圧力(Mpa)
14,2026-02-25,-0.09568965517241379,0.00705642285072797,-0.097,-0.059,29,0.038000000000000006,B剤タンク2圧力(Mpa)
14,2026-02-26,0.0364,0.03422989503760878,-0.067,0.049,15,0.116,B剤タンク2圧力(Mpa)
14,2026-02-27,0.049,,0.049,0.049,1,0.0,B剤タンク2圧力(Mpa)
14,2026-03-02,0.049444444444444444,0.0005270462766947328,0.049,0.05,9,0.0010000000000000009,B剤タンク2圧力(Mpa)
14,2026-03-03,0.049,0.0,0.049,0.049,15,0.0,B剤タンク2圧力(Mpa)
14,2026-03-05,0.0505,0.0005129891760425695,0.05,0.051,20,0.000999999999999994,B剤タンク2圧力(Mpa)
14,2026-03-06,-0.097,0.0,-0.097,-0.097,10,0.0,B剤タンク2圧力(Mpa)
14,2026-03-09,-0.0674,0.06618761213399377,-0.097,0.051,5,0.148,B剤タンク2圧力(Mpa)
14,2026-03-10,0.049,0.0,0.049,0.049,5,0.0,B剤タンク2圧力(Mpa)
14,2026-03-11,0.051833333333333335,0.0004082482904638629,0.051,0.052,6,0.0010000000000000009,B剤タンク2圧力(Mpa)
14,2026-03-25,0.0518,0.0004216370213557841,0.051,0.052,10,0.0010000000000000009,B剤タンク2圧力(Mpa)
14,2026-03-26,0.052000000000000005,0.0,0.052,0.052,5,0.0,B剤タンク2圧力(Mpa)
14,2026-03-27,0.049,0.0007071067811865482,0.048,0.05,5,0.0020000000000000018,B剤タンク2圧力(Mpa)
14,2026-04-03,0.0492,0.0006324555320336744,0.049,0.051,10,0.001999999999999995,B剤タンク2圧力(Mpa)
14,2026-04-07,-0.085,0.0,-0.085,-0.085,5,0.0,B剤タンク2圧力(Mpa)
14,2026-04-08,0.05,0.0,0.05,0.05,5,0.0,B剤タンク2圧力(Mpa)
14,2026-04-09,0.0482,0.00044721359549995774,0.048,0.049,5,0.0010000000000000009,B剤タンク2圧力(Mpa)
14,2026-04-15,-0.024,0.06665958295699126,-0.084,0.049,5,0.133,B剤タンク2圧力(Mpa)
14,2026-04-16,0.0482,0.0010327955589886472,0.047,0.049,10,0.0020000000000000018,B剤タンク2圧力(Mpa)
14,2026-04-17,-0.084,0.0,-0.084,-0.084,5,0.0,B剤タンク2圧力(Mpa)
14,2026-04-20,0.044,0.0,0.044,0.044,20,0.0,B剤タンク2圧力(Mpa)
1,2025-12-26,50.8,0.0,50.8,50.8,31,0.0,A剤配合比速度(Hz)
1,2026-01-05,50.8,0.0,50.8,50.8,402,0.0,A剤配合比速度(Hz)
1,2026-01-06,50.8,0.0,50.8,50.8,515,0.0,A剤配合比速度(Hz)
1,2026-01-07,50.8,0.0,50.8,50.8,548,0.0,A剤配合比速度(Hz)
1,2026-01-08,50.8,0.0,50.8,50.8,487,0.0,A剤配合比速度(Hz)
1,2026-01-09,50.8,0.0,50.8,50.8,534,0.0,A剤配合比速度(Hz)
1,2026-01-10,50.8,0.0,50.8,50.8,496,0.0,A剤配合比速度(Hz)
1,2026-01-13,50.8,0.0,50.8,50.8,527,0.0,A剤配合比速度(Hz)
1,2026-02-05,50.8,0.0,50.8,50.8,15,0.0,A剤配合比速度(Hz)
1,2026-02-06,50.8,0.0,50.8,50.8,370,0.0,A剤配合比速度(Hz)
1,2026-02-09,50.8,0.0,50.8,50.8,555,0.0,A剤配合比速度(Hz)
1,2026-02-10,50.8,0.0,50.8,50.8,468,0.0,A剤配合比速度(Hz)
1,2026-02-12,50.79999999999999,0.0,50.8,50.8,449,0.0,A剤配合比速度(Hz)
1,2026-02-13,50.800000000000004,0.0,50.8,50.8,374,0.0,A剤配合比速度(Hz)
1,2026-02-16,50.8,0.0,50.8,50.8,882,0.0,A剤配合比速度(Hz)
1,2026-02-17,50.8,0.0,50.8,50.8,462,0.0,A剤配合比速度(Hz)
1,2026-02-18,50.8,0.0,50.8,50.8,466,0.0,A剤配合比速度(Hz)
1,2026-02-19,50.8,0.0,50.8,50.8,501,0.0,A剤配合比速度(Hz)
1,2026-02-20,50.8,0.0,50.8,50.8,383,0.0,A剤配合比速度(Hz)
1,2026-02-24,50.8,0.0,50.8,50.8,285,0.0,A剤配合比速度(Hz)
1,2026-02-25,50.8,0.0,50.8,50.8,568,0.0,A剤配合比速度(Hz)
1,2026-02-26,50.8,0.0,50.8,50.8,435,0.0,A剤配合比速度(Hz)
1,2026-02-27,50.8,0.0,50.8,50.8,467,0.0,A剤配合比速度(Hz)
1,2026-03-02,50.8,0.0,50.8,50.8,482,0.0,A剤配合比速度(Hz)
1,2026-03-03,50.8,0.0,50.8,50.8,455,0.0,A剤配合比速度(Hz)
1,2026-03-04,50.8,0.0,50.8,50.8,463,0.0,A剤配合比速度(Hz)
1,2026-03-05,50.8,0.0,50.8,50.8,456,0.0,A剤配合比速度(Hz)
1,2026-03-06,50.8,0.0,50.8,50.8,470,0.0,A剤配合比速度(Hz)
1,2026-03-09,50.8,0.0,50.8,50.8,446,0.0,A剤配合比速度(Hz)
1,2026-03-10,50.8,0.0,50.8,50.8,455,0.0,A剤配合比速度(Hz)
1,2026-03-11,50.8,0.0,50.8,50.8,479,0.0,A剤配合比速度(Hz)
1,2026-03-18,50.8,0.0,50.8,50.8,27,0.0,A剤配合比速度(Hz)
1,2026-03-19,50.8,0.0,50.8,50.8,420,0.0,A剤配合比速度(Hz)
1,2026-03-24,50.8,0.0,50.8,50.8,56,0.0,A剤配合比速度(Hz)
1,2026-03-25,50.8,0.0,50.8,50.8,523,0.0,A剤配合比速度(Hz)
1,2026-03-26,50.79999999999999,0.0,50.8,50.8,434,0.0,A剤配合比速度(Hz)
1,2026-03-27,50.8,0.0,50.8,50.8,458,0.0,A剤配合比速度(Hz)
1,2026-04-01,50.79999999999999,0.0,50.8,50.8,24,0.0,A剤配合比速度(Hz)
1,2026-04-02,50.8,0.0,50.8,50.8,479,0.0,A剤配合比速度(Hz)
1,2026-04-03,50.79999999999999,0.0,50.8,50.8,444,0.0,A剤配合比速度(Hz)
1,2026-04-06,50.79999999999999,0.0,50.8,50.8,439,0.0,A剤配合比速度(Hz)
1,2026-04-07,50.8,0.0,50.8,50.8,478,0.0,A剤配合比速度(Hz)
1,2026-04-08,50.79999999999999,0.0,50.8,50.8,439,0.0,A剤配合比速度(Hz)
1,2026-04-09,50.8,0.0,50.8,50.8,468,0.0,A剤配合比速度(Hz)
1,2026-04-10,50.8,0.0,50.8,50.8,382,0.0,A剤配合比速度(Hz)
1,2026-04-14,50.8,0.0,50.8,50.8,32,0.0,A剤配合比速度(Hz)
1,2026-04-15,50.8,0.0,50.8,50.8,484,0.0,A剤配合比速度(Hz)
1,2026-04-16,50.8,0.0,50.8,50.8,474,0.0,A剤配合比速度(Hz)
1,2026-04-17,50.8,0.0,50.8,50.8,469,0.0,A剤配合比速度(Hz)
1,2026-04-20,50.8,0.0,50.8,50.8,515,0.0,A剤配合比速度(Hz)
1,2026-04-21,50.8,0.0,50.8,50.8,645,0.0,A剤配合比速度(Hz)
2,2026-01-05,50.8,0.0,50.8,50.8,42,0.0,A剤配合比速度(Hz)
2,2026-01-06,50.79999999999999,0.0,50.8,50.8,24,0.0,A剤配合比速度(Hz)
2,2026-01-07,50.8,0.0,50.8,50.8,16,0.0,A剤配合比速度(Hz)
2,2026-01-08,50.8,0.0,50.8,50.8,31,0.0,A剤配合比速度(Hz)
2,2026-01-09,50.8,0.0,50.8,50.8,15,0.0,A剤配合比速度(Hz)
2,2026-01-10,50.8,0.0,50.8,50.8,13,0.0,A剤配合比速度(Hz)
2,2026-01-13,50.79999999999999,0.0,50.8,50.8,24,0.0,A剤配合比速度(Hz)
2,2026-02-06,50.8,0.0,50.8,50.8,32,0.0,A剤配合比速度(Hz)
2,2026-02-09,50.8,0.0,50.8,50.8,28,0.0,A剤配合比速度(Hz)
2,2026-02-10,50.8,0.0,50.8,50.8,18,0.0,A剤配合比速度(Hz)
2,2026-02-12,50.8,0.0,50.8,50.8,29,0.0,A剤配合比速度(Hz)
2,2026-02-13,50.8,0.0,50.8,50.8,18,0.0,A剤配合比速度(Hz)
2,2026-02-16,50.8,0.0,50.8,50.8,56,0.0,A剤配合比速度(Hz)
2,2026-02-17,50.8,0.0,50.8,50.8,31,0.0,A剤配合比速度(Hz)
2,2026-02-18,50.8,0.0,50.8,50.8,15,0.0,A剤配合比速度(Hz)
2,2026-02-19,50.8,0.0,50.8,50.8,19,0.0,A剤配合比速度(Hz)
2,2026-02-20,50.8,0.0,50.8,50.8,15,0.0,A剤配合比速度(Hz)
2,2026-02-24,50.8,0.0,50.8,50.8,21,0.0,A剤配合比速度(Hz)
2,2026-02-25,50.8,0.0,50.8,50.8,61,0.0,A剤配合比速度(Hz)
2,2026-02-26,50.8,0.0,50.8,50.8,17,0.0,A剤配合比速度(Hz)
2,2026-02-27,50.8,0.0,50.8,50.8,23,0.0,A剤配合比速度(Hz)
2,2026-03-02,50.8,0.0,50.8,50.8,11,0.0,A剤配合比速度(Hz)
2,2026-03-03,50.8,0.0,50.8,50.8,26,0.0,A剤配合比速度(Hz)
2,2026-03-04,50.8,0.0,50.8,50.8,22,0.0,A剤配合比速度(Hz)
2,2026-03-05,50.8,0.0,50.8,50.8,18,0.0,A剤配合比速度(Hz)
2,2026-03-06,50.79999999999999,0.0,50.8,50.8,12,0.0,A剤配合比速度(Hz)
2,2026-03-09,50.8,0.0,50.8,50.8,19,0.0,A剤配合比速度(Hz)
2,2026-03-10,50.8,0.0,50.8,50.8,19,0.0,A剤配合比速度(Hz)
2,2026-03-11,50.8,0.0,50.8,50.8,14,0.0,A剤配合比速度(Hz)
2,2026-03-19,50.8,0.0,50.8,50.8,17,0.0,A剤配合比速度(Hz)
2,2026-03-25,50.8,0.0,50.8,50.8,42,0.0,A剤配合比速度(Hz)
2,2026-03-26,50.79999999999999,0.0,50.8,50.8,12,0.0,A剤配合比速度(Hz)
2,2026-03-27,50.8,0.0,50.8,50.8,17,0.0,A剤配合比速度(Hz)
2,2026-04-02,50.8,0.0,50.8,50.8,15,0.0,A剤配合比速度(Hz)
2,2026-04-03,50.8,0.0,50.8,50.8,19,0.0,A剤配合比速度(Hz)
2,2026-04-06,50.8,0.0,50.8,50.8,13,0.0,A剤配合比速度(Hz)
2,2026-04-07,50.8,0.0,50.8,50.8,17,0.0,A剤配合比速度(Hz)
2,2026-04-08,50.8,0.0,50.8,50.8,27,0.0,A剤配合比速度(Hz)
2,2026-04-09,50.8,0.0,50.8,50.8,19,0.0,A剤配合比速度(Hz)
2,2026-04-10,50.8,0.0,50.8,50.8,14,0.0,A剤配合比速度(Hz)
2,2026-04-15,50.8,0.0,50.8,50.8,17,0.0,A剤配合比速度(Hz)
2,2026-04-16,50.8,0.0,50.8,50.8,13,0.0,A剤配合比速度(Hz)
2,2026-04-17,50.8,0.0,50.8,50.8,19,0.0,A剤配合比速度(Hz)
2,2026-04-20,50.79999999999999,0.0,50.8,50.8,12,0.0,A剤配合比速度(Hz)
2,2026-04-21,50.8,0.0,50.8,50.8,30,0.0,A剤配合比速度(Hz)
3,2026-01-05,50.79999999999999,0.0,50.8,50.8,6,0.0,A剤配合比速度(Hz)
3,2026-01-06,50.8,0.0,50.8,50.8,4,0.0,A剤配合比速度(Hz)
3,2026-01-07,50.79999999999999,0.0,50.8,50.8,6,0.0,A剤配合比速度(Hz)
3,2026-01-08,50.79999999999999,0.0,50.8,50.8,6,0.0,A剤配合比速度(Hz)
3,2026-01-09,50.8,0.0,50.8,50.8,5,0.0,A剤配合比速度(Hz)
3,2026-01-10,50.79999999999999,0.0,50.8,50.8,3,0.0,A剤配合比速度(Hz)
3,2026-01-13,50.8,0.0,50.8,50.8,2,0.0,A剤配合比速度(Hz)
3,2026-02-12,50.8,0.0,50.8,50.8,4,0.0,A剤配合比速度(Hz)
3,2026-02-13,50.79999999999999,0.0,50.8,50.8,3,0.0,A剤配合比速度(Hz)
3,2026-02-16,50.8,0.0,50.8,50.8,10,0.0,A剤配合比速度(Hz)
3,2026-02-17,50.8,0.0,50.8,50.8,5,0.0,A剤配合比速度(Hz)
3,2026-02-18,50.8,0.0,50.8,50.8,9,0.0,A剤配合比速度(Hz)
3,2026-04-02,50.8,0.0,50.8,50.8,4,0.0,A剤配合比速度(Hz)
3,2026-04-03,50.8,,50.8,50.8,1,0.0,A剤配合比速度(Hz)
6,2025-12-26,50.8,0.0,50.8,50.8,13,0.0,A剤配合比速度(Hz)
6,2026-01-05,50.8,0.0,50.8,50.8,76,0.0,A剤配合比速度(Hz)
6,2026-01-06,50.8,0.0,50.8,50.8,69,0.0,A剤配合比速度(Hz)
6,2026-01-07,50.8,0.0,50.8,50.8,78,0.0,A剤配合比速度(Hz)
6,2026-01-08,50.8,0.0,50.8,50.8,61,0.0,A剤配合比速度(Hz)
6,2026-01-09,50.8,0.0,50.8,50.8,66,0.0,A剤配合比速度(Hz)
6,2026-01-10,50.8,0.0,50.8,50.8,60,0.0,A剤配合比速度(Hz)
6,2026-01-13,50.8,0.0,50.8,50.8,62,0.0,A剤配合比速度(Hz)
6,2026-02-06,50.8,0.0,50.8,50.8,78,0.0,A剤配合比速度(Hz)
6,2026-02-09,50.8,0.0,50.8,50.8,122,0.0,A剤配合比速度(Hz)
6,2026-02-10,50.8,0.0,50.8,50.8,80,0.0,A剤配合比速度(Hz)
6,2026-02-12,50.8,0.0,50.8,50.8,87,0.0,A剤配合比速度(Hz)
6,2026-02-13,50.8,0.0,50.8,50.8,88,0.0,A剤配合比速度(Hz)
6,2026-02-16,50.8,0.0,50.8,50.8,146,0.0,A剤配合比速度(Hz)
6,2026-02-17,50.8,0.0,50.8,50.8,68,0.0,A剤配合比速度(Hz)
6,2026-02-18,50.8,0.0,50.8,50.8,78,0.0,A剤配合比速度(Hz)
6,2026-02-19,50.8,0.0,50.8,50.8,67,0.0,A剤配合比速度(Hz)
6,2026-02-20,50.8,0.0,50.8,50.8,79,0.0,A剤配合比速度(Hz)
6,2026-02-24,50.8,0.0,50.8,50.8,36,0.0,A剤配合比速度(Hz)
6,2026-02-25,50.8,0.0,50.8,50.8,94,0.0,A剤配合比速度(Hz)
6,2026-02-26,50.8,0.0,50.8,50.8,66,0.0,A剤配合比速度(Hz)
6,2026-02-27,50.8,0.0,50.8,50.8,51,0.0,A剤配合比速度(Hz)
6,2026-03-02,50.8,0.0,50.8,50.8,49,0.0,A剤配合比速度(Hz)
6,2026-03-03,50.8,0.0,50.8,50.8,64,0.0,A剤配合比速度(Hz)
6,2026-03-04,50.8,0.0,50.8,50.8,45,0.0,A剤配合比速度(Hz)
6,2026-03-05,50.8,0.0,50.8,50.8,50,0.0,A剤配合比速度(Hz)
6,2026-03-06,50.79999999999999,0.0,50.8,50.8,41,0.0,A剤配合比速度(Hz)
6,2026-03-09,50.8,0.0,50.8,50.8,40,0.0,A剤配合比速度(Hz)
6,2026-03-10,50.8,0.0,50.8,50.8,34,0.0,A剤配合比速度(Hz)
6,2026-03-11,50.8,0.0,50.8,50.8,44,0.0,A剤配合比速度(Hz)
6,2026-03-19,50.8,0.0,50.8,50.8,55,0.0,A剤配合比速度(Hz)
6,2026-03-25,50.8,0.0,50.8,50.8,66,0.0,A剤配合比速度(Hz)
6,2026-03-26,50.8,0.0,50.8,50.8,50,0.0,A剤配合比速度(Hz)
6,2026-03-27,50.8,0.0,50.8,50.8,49,0.0,A剤配合比速度(Hz)
6,2026-04-02,50.8,0.0,50.8,50.8,63,0.0,A剤配合比速度(Hz)
6,2026-04-03,50.8,0.0,50.8,50.8,70,0.0,A剤配合比速度(Hz)
6,2026-04-06,50.8,0.0,50.8,50.8,40,0.0,A剤配合比速度(Hz)
6,2026-04-07,50.8,0.0,50.8,50.8,55,0.0,A剤配合比速度(Hz)
6,2026-04-08,50.8,0.0,50.8,50.8,38,0.0,A剤配合比速度(Hz)
6,2026-04-09,50.8,0.0,50.8,50.8,63,0.0,A剤配合比速度(Hz)
6,2026-04-10,50.8,0.0,50.8,50.8,31,0.0,A剤配合比速度(Hz)
6,2026-04-15,50.8,0.0,50.8,50.8,65,0.0,A剤配合比速度(Hz)
6,2026-04-16,50.8,0.0,50.8,50.8,56,0.0,A剤配合比速度(Hz)
6,2026-04-17,50.8,0.0,50.8,50.8,45,0.0,A剤配合比速度(Hz)
6,2026-04-20,50.8,0.0,50.8,50.8,59,0.0,A剤配合比速度(Hz)
6,2026-04-21,50.79999999999999,0.0,50.8,50.8,101,0.0,A剤配合比速度(Hz)
7,2025-12-26,50.8,0.0,50.8,50.8,9,0.0,A剤配合比速度(Hz)
7,2026-01-05,50.8,0.0,50.8,50.8,141,0.0,A剤配合比速度(Hz)
7,2026-01-06,50.8,0.0,50.8,50.8,79,0.0,A剤配合比速度(Hz)
7,2026-01-07,50.8,0.0,50.8,50.8,131,0.0,A剤配合比速度(Hz)
7,2026-01-08,50.8,0.0,50.8,50.8,140,0.0,A剤配合比速度(Hz)
7,2026-01-09,50.8,0.0,50.8,50.8,121,0.0,A剤配合比速度(Hz)
7,2026-01-10,50.8,0.0,50.8,50.8,120,0.0,A剤配合比速度(Hz)
7,2026-01-13,50.8,0.0,50.8,50.8,30,0.0,A剤配合比速度(Hz)
7,2026-02-05,50.8,0.0,50.8,50.8,19,0.0,A剤配合比速度(Hz)
7,2026-02-06,50.8,0.0,50.8,50.8,54,0.0,A剤配合比速度(Hz)
7,2026-02-09,50.8,0.0,50.8,50.8,142,0.0,A剤配合比速度(Hz)
7,2026-02-10,50.800000000000004,0.0,50.8,50.8,91,0.0,A剤配合比速度(Hz)
7,2026-02-12,50.8,0.0,50.8,50.8,72,0.0,A剤配合比速度(Hz)
7,2026-02-13,50.8,0.0,50.8,50.8,69,0.0,A剤配合比速度(Hz)
7,2026-02-16,50.8,0.0,50.8,50.8,198,0.0,A剤配合比速度(Hz)
7,2026-02-17,50.800000000000004,0.0,50.8,50.8,86,0.0,A剤配合比速度(Hz)
7,2026-02-18,50.8,0.0,50.8,50.8,57,0.0,A剤配合比速度(Hz)
7,2026-02-19,50.8,0.0,50.8,50.8,171,0.0,A剤配合比速度(Hz)
7,2026-02-20,50.8,0.0,50.8,50.8,129,0.0,A剤配合比速度(Hz)
7,2026-02-24,50.8,0.0,50.8,50.8,121,0.0,A剤配合比速度(Hz)
7,2026-02-25,50.8,0.0,50.8,50.8,144,0.0,A剤配合比速度(Hz)
7,2026-02-26,50.8,0.0,50.8,50.8,95,0.0,A剤配合比速度(Hz)
7,2026-02-27,50.8,0.0,50.8,50.8,71,0.0,A剤配合比速度(Hz)
7,2026-03-02,50.79999999999999,0.0,50.8,50.8,111,0.0,A剤配合比速度(Hz)
7,2026-03-03,50.8,0.0,50.8,50.8,108,0.0,A剤配合比速度(Hz)
7,2026-03-04,50.8,0.0,50.8,50.8,102,0.0,A剤配合比速度(Hz)
7,2026-03-05,50.8,0.0,50.8,50.8,102,0.0,A剤配合比速度(Hz)
7,2026-03-06,50.8,0.0,50.8,50.8,90,0.0,A剤配合比速度(Hz)
7,2026-03-09,50.8,0.0,50.8,50.8,120,0.0,A剤配合比速度(Hz)
7,2026-03-10,50.8,0.0,50.8,50.8,70,0.0,A剤配合比速度(Hz)
7,2026-03-11,50.8,0.0,50.8,50.8,90,0.0,A剤配合比速度(Hz)
7,2026-03-18,50.79999999999999,0.0,50.8,50.8,3,0.0,A剤配合比速度(Hz)
7,2026-03-19,50.8,0.0,50.8,50.8,77,0.0,A剤配合比速度(Hz)
7,2026-03-24,50.79999999999999,0.0,50.8,50.8,12,0.0,A剤配合比速度(Hz)
7,2026-03-25,50.8,0.0,50.8,50.8,152,0.0,A剤配合比速度(Hz)
7,2026-03-26,50.8,0.0,50.8,50.8,67,0.0,A剤配合比速度(Hz)
7,2026-03-27,50.8,0.0,50.8,50.8,110,0.0,A剤配合比速度(Hz)
7,2026-04-02,50.8,0.0,50.8,50.8,80,0.0,A剤配合比速度(Hz)
7,2026-04-03,50.8,0.0,50.8,50.8,79,0.0,A剤配合比速度(Hz)
7,2026-04-06,50.8,0.0,50.8,50.8,59,0.0,A剤配合比速度(Hz)
7,2026-04-07,50.8,0.0,50.8,50.8,62,0.0,A剤配合比速度(Hz)
7,2026-04-08,50.8,0.0,50.8,50.8,70,0.0,A剤配合比速度(Hz)
7,2026-04-09,50.8,0.0,50.8,50.8,60,0.0,A剤配合比速度(Hz)
7,2026-04-10,50.8,0.0,50.8,50.8,56,0.0,A剤配合比速度(Hz)
7,2026-04-15,50.8,0.0,50.8,50.8,61,0.0,A剤配合比速度(Hz)
7,2026-04-16,50.8,0.0,50.8,50.8,66,0.0,A剤配合比速度(Hz)
7,2026-04-17,50.8,0.0,50.8,50.8,60,0.0,A剤配合比速度(Hz)
7,2026-04-20,50.8,0.0,50.8,50.8,49,0.0,A剤配合比速度(Hz)
7,2026-04-21,50.8,0.0,50.8,50.8,79,0.0,A剤配合比速度(Hz)
8,2026-01-05,50.8,0.0,50.8,50.8,122,0.0,A剤配合比速度(Hz)
8,2026-01-06,50.8,0.0,50.8,50.8,114,0.0,A剤配合比速度(Hz)
8,2026-01-07,50.8,0.0,50.8,50.8,153,0.0,A剤配合比速度(Hz)
8,2026-01-08,50.8,0.0,50.8,50.8,120,0.0,A剤配合比速度(Hz)
8,2026-01-09,50.8,0.0,50.8,50.8,97,0.0,A剤配合比速度(Hz)
8,2026-01-10,50.8,0.0,50.8,50.8,104,0.0,A剤配合比速度(Hz)
8,2026-01-13,50.8,0.0,50.8,50.8,27,0.0,A剤配合比速度(Hz)
8,2026-02-05,50.8,0.0,50.8,50.8,20,0.0,A剤配合比速度(Hz)
8,2026-02-06,50.8,0.0,50.8,50.8,80,0.0,A剤配合比速度(Hz)
8,2026-02-09,50.8,0.0,50.8,50.8,122,0.0,A剤配合比速度(Hz)
8,2026-02-10,50.8,0.0,50.8,50.8,104,0.0,A剤配合比速度(Hz)
8,2026-02-12,50.8,0.0,50.8,50.8,152,0.0,A剤配合比速度(Hz)
8,2026-02-13,50.8,0.0,50.8,50.8,121,0.0,A剤配合比速度(Hz)
8,2026-02-16,50.800000000000004,0.0,50.8,50.8,162,0.0,A剤配合比速度(Hz)
8,2026-02-17,50.8,0.0,50.8,50.8,114,0.0,A剤配合比速度(Hz)
8,2026-02-18,50.8,0.0,50.8,50.8,73,0.0,A剤配合比速度(Hz)
8,2026-02-19,50.8,0.0,50.8,50.8,160,0.0,A剤配合比速度(Hz)
8,2026-02-20,50.8,0.0,50.8,50.8,72,0.0,A剤配合比速度(Hz)
8,2026-02-24,50.79999999999999,0.0,50.8,50.8,101,0.0,A剤配合比速度(Hz)
8,2026-02-25,50.8,0.0,50.8,50.8,124,0.0,A剤配合比速度(Hz)
8,2026-02-26,50.800000000000004,0.0,50.8,50.8,86,0.0,A剤配合比速度(Hz)
8,2026-02-27,50.8,0.0,50.8,50.8,94,0.0,A剤配合比速度(Hz)
8,2026-03-02,50.8,0.0,50.8,50.8,80,0.0,A剤配合比速度(Hz)
8,2026-03-03,50.8,0.0,50.8,50.8,100,0.0,A剤配合比速度(Hz)
8,2026-03-04,50.8,0.0,50.8,50.8,90,0.0,A剤配合比速度(Hz)
8,2026-03-05,50.8,0.0,50.8,50.8,100,0.0,A剤配合比速度(Hz)
8,2026-03-06,50.8,0.0,50.8,50.8,51,0.0,A剤配合比速度(Hz)
8,2026-03-09,50.8,0.0,50.8,50.8,112,0.0,A剤配合比速度(Hz)
8,2026-03-10,50.8,0.0,50.8,50.8,102,0.0,A剤配合比速度(Hz)
8,2026-03-11,50.8,0.0,50.8,50.8,60,0.0,A剤配合比速度(Hz)
8,2026-03-18,50.8,0.0,50.8,50.8,28,0.0,A剤配合比速度(Hz)
8,2026-03-19,50.8,0.0,50.8,50.8,80,0.0,A剤配合比速度(Hz)
8,2026-03-24,50.8,0.0,50.8,50.8,40,0.0,A剤配合比速度(Hz)
8,2026-03-25,50.8,0.0,50.8,50.8,191,0.0,A剤配合比速度(Hz)
8,2026-03-26,50.8,0.0,50.8,50.8,113,0.0,A剤配合比速度(Hz)
8,2026-03-27,50.8,0.0,50.8,50.8,90,0.0,A剤配合比速度(Hz)
8,2026-04-02,50.8,0.0,50.8,50.8,60,0.0,A剤配合比速度(Hz)
8,2026-04-03,50.8,0.0,50.8,50.8,76,0.0,A剤配合比速度(Hz)
8,2026-04-06,50.8,0.0,50.8,50.8,95,0.0,A剤配合比速度(Hz)
8,2026-04-07,50.8,0.0,50.8,50.8,60,0.0,A剤配合比速度(Hz)
8,2026-04-08,50.8,0.0,50.8,50.8,61,0.0,A剤配合比速度(Hz)
8,2026-04-09,50.8,0.0,50.8,50.8,78,0.0,A剤配合比速度(Hz)
8,2026-04-10,50.8,0.0,50.8,50.8,42,0.0,A剤配合比速度(Hz)
8,2026-04-15,50.8,0.0,50.8,50.8,60,0.0,A剤配合比速度(Hz)
8,2026-04-16,50.8,0.0,50.8,50.8,90,0.0,A剤配合比速度(Hz)
8,2026-04-17,50.8,0.0,50.8,50.8,104,0.0,A剤配合比速度(Hz)
8,2026-04-20,50.8,0.0,50.8,50.8,116,0.0,A剤配合比速度(Hz)
8,2026-04-21,50.8,0.0,50.8,50.8,190,0.0,A剤配合比速度(Hz)
9,2026-01-05,50.8,0.0,50.8,50.8,40,0.0,A剤配合比速度(Hz)
9,2026-01-06,50.8,0.0,50.8,50.8,74,0.0,A剤配合比速度(Hz)
9,2026-01-07,50.8,0.0,50.8,50.8,70,0.0,A剤配合比速度(Hz)
9,2026-01-08,50.8,0.0,50.8,50.8,61,0.0,A剤配合比速度(Hz)
9,2026-01-09,50.8,0.0,50.8,50.8,71,0.0,A剤配合比速度(Hz)
9,2026-01-10,50.8,0.0,50.8,50.8,60,0.0,A剤配合比速度(Hz)
9,2026-01-13,50.8,0.0,50.8,50.8,4,0.0,A剤配合比速度(Hz)
9,2026-02-05,50.8,0.0,50.8,50.8,2,0.0,A剤配合比速度(Hz)
9,2026-02-06,50.8,0.0,50.8,50.8,57,0.0,A剤配合比速度(Hz)
9,2026-02-09,50.8,0.0,50.8,50.8,89,0.0,A剤配合比速度(Hz)
9,2026-02-10,50.8,0.0,50.8,50.8,74,0.0,A剤配合比速度(Hz)
9,2026-02-12,50.8,0.0,50.8,50.8,68,0.0,A剤配合比速度(Hz)
9,2026-02-13,50.79999999999999,0.0,50.8,50.8,48,0.0,A剤配合比速度(Hz)
9,2026-02-16,50.8,0.0,50.8,50.8,80,0.0,A剤配合比速度(Hz)
9,2026-02-17,50.8,0.0,50.8,50.8,71,0.0,A剤配合比速度(Hz)
9,2026-02-18,50.8,0.0,50.8,50.8,69,0.0,A剤配合比速度(Hz)
9,2026-02-19,50.8,0.0,50.8,50.8,83,0.0,A剤配合比速度(Hz)
9,2026-02-20,50.8,0.0,50.8,50.8,60,0.0,A剤配合比速度(Hz)
9,2026-02-24,50.8,0.0,50.8,50.8,45,0.0,A剤配合比速度(Hz)
9,2026-02-25,50.8,0.0,50.8,50.8,67,0.0,A剤配合比速度(Hz)
9,2026-02-26,50.800000000000004,0.0,50.8,50.8,91,0.0,A剤配合比速度(Hz)
9,2026-02-27,50.8,0.0,50.8,50.8,40,0.0,A剤配合比速度(Hz)
9,2026-03-02,50.8,0.0,50.8,50.8,30,0.0,A剤配合比速度(Hz)
9,2026-03-03,50.8,0.0,50.8,50.8,40,0.0,A剤配合比速度(Hz)
9,2026-03-04,50.8,0.0,50.8,50.8,66,0.0,A剤配合比速度(Hz)
9,2026-03-05,50.8,0.0,50.8,50.8,64,0.0,A剤配合比速度(Hz)
9,2026-03-06,50.8,0.0,50.8,50.8,50,0.0,A剤配合比速度(Hz)
9,2026-03-09,50.8,0.0,50.8,50.8,69,0.0,A剤配合比速度(Hz)
9,2026-03-10,50.8,0.0,50.8,50.8,73,0.0,A剤配合比速度(Hz)
9,2026-03-11,50.8,0.0,50.8,50.8,61,0.0,A剤配合比速度(Hz)
9,2026-03-19,50.8,0.0,50.8,50.8,52,0.0,A剤配合比速度(Hz)
9,2026-03-25,50.8,0.0,50.8,50.8,80,0.0,A剤配合比速度(Hz)
9,2026-03-26,50.8,0.0,50.8,50.8,50,0.0,A剤配合比速度(Hz)
9,2026-03-27,50.8,0.0,50.8,50.8,50,0.0,A剤配合比速度(Hz)
9,2026-04-02,50.8,0.0,50.8,50.8,40,0.0,A剤配合比速度(Hz)
9,2026-04-03,50.8,0.0,50.8,50.8,50,0.0,A剤配合比速度(Hz)
9,2026-04-06,50.8,0.0,50.8,50.8,50,0.0,A剤配合比速度(Hz)
9,2026-04-07,50.8,0.0,50.8,50.8,61,0.0,A剤配合比速度(Hz)
9,2026-04-08,50.8,0.0,50.8,50.8,50,0.0,A剤配合比速度(Hz)
9,2026-04-09,50.8,0.0,50.8,50.8,50,0.0,A剤配合比速度(Hz)
9,2026-04-10,50.8,0.0,50.8,50.8,40,0.0,A剤配合比速度(Hz)
9,2026-04-15,50.8,0.0,50.8,50.8,31,0.0,A剤配合比速度(Hz)
9,2026-04-16,50.8,0.0,50.8,50.8,40,0.0,A剤配合比速度(Hz)
9,2026-04-17,50.8,0.0,50.8,50.8,30,0.0,A剤配合比速度(Hz)
9,2026-04-20,50.8,0.0,50.8,50.8,49,0.0,A剤配合比速度(Hz)
9,2026-04-21,50.8,0.0,50.8,50.8,60,0.0,A剤配合比速度(Hz)
10,2026-01-05,50.8,0.0,50.8,50.8,21,0.0,A剤配合比速度(Hz)
10,2026-01-06,50.8,0.0,50.8,50.8,21,0.0,A剤配合比速度(Hz)
10,2026-01-07,50.8,0.0,50.8,50.8,22,0.0,A剤配合比速度(Hz)
10,2026-01-08,50.8,0.0,50.8,50.8,27,0.0,A剤配合比速度(Hz)
10,2026-01-09,50.8,0.0,50.8,50.8,21,0.0,A剤配合比速度(Hz)
10,2026-01-10,50.8,0.0,50.8,50.8,19,0.0,A剤配合比速度(Hz)
10,2026-01-13,50.8,0.0,50.8,50.8,19,0.0,A剤配合比速度(Hz)
10,2026-02-06,50.8,0.0,50.8,50.8,15,0.0,A剤配合比速度(Hz)
10,2026-02-09,50.8,0.0,50.8,50.8,25,0.0,A剤配合比速度(Hz)
10,2026-02-10,50.8,0.0,50.8,50.8,16,0.0,A剤配合比速度(Hz)
10,2026-02-12,50.8,0.0,50.8,50.8,13,0.0,A剤配合比速度(Hz)
10,2026-02-13,50.8,0.0,50.8,50.8,17,0.0,A剤配合比速度(Hz)
10,2026-02-16,50.8,0.0,50.8,50.8,22,0.0,A剤配合比速度(Hz)
10,2026-02-17,50.8,0.0,50.8,50.8,21,0.0,A剤配合比速度(Hz)
10,2026-02-18,50.8,0.0,50.8,50.8,21,0.0,A剤配合比速度(Hz)
10,2026-02-19,50.8,0.0,50.8,50.8,16,0.0,A剤配合比速度(Hz)
10,2026-02-20,50.8,0.0,50.8,50.8,10,0.0,A剤配合比速度(Hz)
10,2026-02-24,50.8,0.0,50.8,50.8,10,0.0,A剤配合比速度(Hz)
10,2026-02-25,50.8,0.0,50.8,50.8,19,0.0,A剤配合比速度(Hz)
10,2026-02-26,50.8,0.0,50.8,50.8,14,0.0,A剤配合比速度(Hz)
10,2026-02-27,50.8,0.0,50.8,50.8,16,0.0,A剤配合比速度(Hz)
10,2026-03-02,50.8,0.0,50.8,50.8,19,0.0,A剤配合比速度(Hz)
10,2026-03-03,50.8,0.0,50.8,50.8,17,0.0,A剤配合比速度(Hz)
10,2026-03-04,50.8,0.0,50.8,50.8,18,0.0,A剤配合比速度(Hz)
10,2026-03-05,50.8,0.0,50.8,50.8,11,0.0,A剤配合比速度(Hz)
10,2026-03-06,50.8,0.0,50.8,50.8,16,0.0,A剤配合比速度(Hz)
10,2026-03-09,50.8,0.0,50.8,50.8,14,0.0,A剤配合比速度(Hz)
10,2026-03-10,50.79999999999999,0.0,50.8,50.8,12,0.0,A剤配合比速度(Hz)
10,2026-03-11,50.8,0.0,50.8,50.8,20,0.0,A剤配合比速度(Hz)
10,2026-03-19,50.8,0.0,50.8,50.8,9,0.0,A剤配合比速度(Hz)
10,2026-03-25,50.8,0.0,50.8,50.8,26,0.0,A剤配合比速度(Hz)
10,2026-03-26,50.79999999999999,0.0,50.8,50.8,24,0.0,A剤配合比速度(Hz)
10,2026-03-27,50.8,0.0,50.8,50.8,19,0.0,A剤配合比速度(Hz)
10,2026-04-02,50.79999999999999,0.0,50.8,50.8,12,0.0,A剤配合比速度(Hz)
10,2026-04-03,50.8,0.0,50.8,50.8,11,0.0,A剤配合比速度(Hz)
10,2026-04-06,50.8,0.0,50.8,50.8,9,0.0,A剤配合比速度(Hz)
10,2026-04-07,50.8,0.0,50.8,50.8,11,0.0,A剤配合比速度(Hz)
10,2026-04-08,50.8,0.0,50.8,50.8,13,0.0,A剤配合比速度(Hz)
10,2026-04-09,50.8,0.0,50.8,50.8,11,0.0,A剤配合比速度(Hz)
10,2026-04-10,50.8,0.0,50.8,50.8,9,0.0,A剤配合比速度(Hz)
10,2026-04-15,50.8,0.0,50.8,50.8,9,0.0,A剤配合比速度(Hz)
10,2026-04-16,50.79999999999999,0.0,50.8,50.8,3,0.0,A剤配合比速度(Hz)
10,2026-04-17,50.8,0.0,50.8,50.8,10,0.0,A剤配合比速度(Hz)
10,2026-04-20,50.8,0.0,50.8,50.8,11,0.0,A剤配合比速度(Hz)
10,2026-04-21,50.79999999999999,0.0,50.8,50.8,24,0.0,A剤配合比速度(Hz)
13,2026-01-05,50.79999999999999,0.0,50.8,50.8,3,0.0,A剤配合比速度(Hz)
13,2026-01-06,50.79999999999999,0.0,50.8,50.8,6,0.0,A剤配合比速度(Hz)
13,2026-01-07,50.8,0.0,50.8,50.8,2,0.0,A剤配合比速度(Hz)
13,2026-01-08,50.8,,50.8,50.8,1,0.0,A剤配合比速度(Hz)
13,2026-01-09,50.8,0.0,50.8,50.8,5,0.0,A剤配合比速度(Hz)
13,2026-01-10,50.79999999999999,0.0,50.8,50.8,6,0.0,A剤配合比速度(Hz)
13,2026-01-13,50.79999999999999,0.0,50.8,50.8,3,0.0,A剤配合比速度(Hz)
13,2026-02-06,50.79999999999999,0.0,50.8,50.8,3,0.0,A剤配合比速度(Hz)
13,2026-02-09,50.8,0.0,50.8,50.8,5,0.0,A剤配合比速度(Hz)
13,2026-02-10,50.8,,50.8,50.8,1,0.0,A剤配合比速度(Hz)
13,2026-02-12,50.8,0.0,50.8,50.8,2,0.0,A剤配合比速度(Hz)
13,2026-02-13,50.8,0.0,50.8,50.8,2,0.0,A剤配合比速度(Hz)
13,2026-02-16,50.8,0.0,50.8,50.8,2,0.0,A剤配合比速度(Hz)
13,2026-02-17,50.8,0.0,50.8,50.8,4,0.0,A剤配合比速度(Hz)
13,2026-02-18,50.8,0.0,50.8,50.8,2,0.0,A剤配合比速度(Hz)
13,2026-02-19,50.8,0.0,50.8,50.8,2,0.0,A剤配合比速度(Hz)
13,2026-02-20,50.8,0.0,50.8,50.8,2,0.0,A剤配合比速度(Hz)
13,2026-02-25,50.8,0.0,50.8,50.8,4,0.0,A剤配合比速度(Hz)
13,2026-02-26,50.8,0.0,50.8,50.8,5,0.0,A剤配合比速度(Hz)
13,2026-02-27,50.8,0.0,50.8,50.8,4,0.0,A剤配合比速度(Hz)
13,2026-03-02,50.8,0.0,50.8,50.8,5,0.0,A剤配合比速度(Hz)
13,2026-03-03,50.8,0.0,50.8,50.8,2,0.0,A剤配合比速度(Hz)
13,2026-03-04,50.8,0.0,50.8,50.8,4,0.0,A剤配合比速度(Hz)
13,2026-03-05,50.8,0.0,50.8,50.8,5,0.0,A剤配合比速度(Hz)
13,2026-03-06,50.8,0.0,50.8,50.8,5,0.0,A剤配合比速度(Hz)
13,2026-03-09,50.8,0.0,50.8,50.8,2,0.0,A剤配合比速度(Hz)
13,2026-03-10,50.8,0.0,50.8,50.8,4,0.0,A剤配合比速度(Hz)
13,2026-03-11,50.8,0.0,50.8,50.8,5,0.0,A剤配合比速度(Hz)
13,2026-03-19,50.8,0.0,50.8,50.8,2,0.0,A剤配合比速度(Hz)
13,2026-03-25,50.8,0.0,50.8,50.8,8,0.0,A剤配合比速度(Hz)
13,2026-03-26,50.8,0.0,50.8,50.8,2,0.0,A剤配合比速度(Hz)
13,2026-03-27,50.79999999999999,0.0,50.8,50.8,3,0.0,A剤配合比速度(Hz)
13,2026-04-02,50.8,0.0,50.8,50.8,2,0.0,A剤配合比速度(Hz)
13,2026-04-03,50.79999999999999,0.0,50.8,50.8,3,0.0,A剤配合比速度(Hz)
13,2026-04-06,50.8,,50.8,50.8,1,0.0,A剤配合比速度(Hz)
13,2026-04-08,50.79999999999999,0.0,50.8,50.8,6,0.0,A剤配合比速度(Hz)
13,2026-04-09,50.79999999999999,0.0,50.8,50.8,3,0.0,A剤配合比速度(Hz)
13,2026-04-10,50.8,0.0,50.8,50.8,2,0.0,A剤配合比速度(Hz)
13,2026-04-15,50.8,0.0,50.8,50.8,5,0.0,A剤配合比速度(Hz)
13,2026-04-16,50.8,0.0,50.8,50.8,5,0.0,A剤配合比速度(Hz)
13,2026-04-17,50.8,0.0,50.8,50.8,4,0.0,A剤配合比速度(Hz)
13,2026-04-20,50.8,0.0,50.8,50.8,4,0.0,A剤配合比速度(Hz)
13,2026-04-21,50.8,,50.8,50.8,1,0.0,A剤配合比速度(Hz)
14,2026-02-17,50.8,0.0,50.8,50.8,10,0.0,A剤配合比速度(Hz)
14,2026-02-18,50.8,0.0,50.8,50.8,10,0.0,A剤配合比速度(Hz)
14,2026-02-24,50.8,0.0,50.8,50.8,5,0.0,A剤配合比速度(Hz)
14,2026-02-25,50.8,0.0,50.8,50.8,29,0.0,A剤配合比速度(Hz)
14,2026-02-26,50.8,0.0,50.8,50.8,15,0.0,A剤配合比速度(Hz)
14,2026-02-27,50.8,,50.8,50.8,1,0.0,A剤配合比速度(Hz)
14,2026-03-02,50.8,0.0,50.8,50.8,9,0.0,A剤配合比速度(Hz)
14,2026-03-03,50.8,0.0,50.8,50.8,15,0.0,A剤配合比速度(Hz)
14,2026-03-05,50.8,0.0,50.8,50.8,20,0.0,A剤配合比速度(Hz)
14,2026-03-06,50.8,0.0,50.8,50.8,10,0.0,A剤配合比速度(Hz)
14,2026-03-09,50.8,0.0,50.8,50.8,5,0.0,A剤配合比速度(Hz)
14,2026-03-10,50.8,0.0,50.8,50.8,5,0.0,A剤配合比速度(Hz)
14,2026-03-11,50.79999999999999,0.0,50.8,50.8,6,0.0,A剤配合比速度(Hz)
14,2026-03-25,50.8,0.0,50.8,50.8,10,0.0,A剤配合比速度(Hz)
14,2026-03-26,50.8,0.0,50.8,50.8,5,0.0,A剤配合比速度(Hz)
14,2026-03-27,50.8,0.0,50.8,50.8,5,0.0,A剤配合比速度(Hz)
14,2026-04-03,50.8,0.0,50.8,50.8,10,0.0,A剤配合比速度(Hz)
14,2026-04-07,50.8,0.0,50.8,50.8,5,0.0,A剤配合比速度(Hz)
14,2026-04-08,50.8,0.0,50.8,50.8,5,0.0,A剤配合比速度(Hz)
14,2026-04-09,50.8,0.0,50.8,50.8,5,0.0,A剤配合比速度(Hz)
14,2026-04-15,50.8,0.0,50.8,50.8,5,0.0,A剤配合比速度(Hz)
14,2026-04-16,50.8,0.0,50.8,50.8,10,0.0,A剤配合比速度(Hz)
14,2026-04-17,50.8,0.0,50.8,50.8,5,0.0,A剤配合比速度(Hz)
14,2026-04-20,50.8,0.0,50.8,50.8,20,0.0,A剤配合比速度(Hz)
1,2025-12-26,60.0,0.0,60.0,60.0,31,0.0,B剤配合比速度(Hz)
1,2026-01-05,60.0,0.0,60.0,60.0,402,0.0,B剤配合比速度(Hz)
1,2026-01-06,60.0,0.0,60.0,60.0,515,0.0,B剤配合比速度(Hz)
1,2026-01-07,60.0,0.0,60.0,60.0,548,0.0,B剤配合比速度(Hz)
1,2026-01-08,60.0,0.0,60.0,60.0,487,0.0,B剤配合比速度(Hz)
1,2026-01-09,60.0,0.0,60.0,60.0,534,0.0,B剤配合比速度(Hz)
1,2026-01-10,60.0,0.0,60.0,60.0,496,0.0,B剤配合比速度(Hz)
1,2026-01-13,60.0,0.0,60.0,60.0,527,0.0,B剤配合比速度(Hz)
1,2026-02-05,60.0,0.0,60.0,60.0,15,0.0,B剤配合比速度(Hz)
1,2026-02-06,60.0,0.0,60.0,60.0,370,0.0,B剤配合比速度(Hz)
1,2026-02-09,60.0,0.0,60.0,60.0,555,0.0,B剤配合比速度(Hz)
1,2026-02-10,60.0,0.0,60.0,60.0,468,0.0,B剤配合比速度(Hz)
1,2026-02-12,60.0,0.0,60.0,60.0,449,0.0,B剤配合比速度(Hz)
1,2026-02-13,60.0,0.0,60.0,60.0,374,0.0,B剤配合比速度(Hz)
1,2026-02-16,60.0,0.0,60.0,60.0,882,0.0,B剤配合比速度(Hz)
1,2026-02-17,60.0,0.0,60.0,60.0,462,0.0,B剤配合比速度(Hz)
1,2026-02-18,60.0,0.0,60.0,60.0,466,0.0,B剤配合比速度(Hz)
1,2026-02-19,60.0,0.0,60.0,60.0,501,0.0,B剤配合比速度(Hz)
1,2026-02-20,60.0,0.0,60.0,60.0,383,0.0,B剤配合比速度(Hz)
1,2026-02-24,60.0,0.0,60.0,60.0,285,0.0,B剤配合比速度(Hz)
1,2026-02-25,60.0,0.0,60.0,60.0,568,0.0,B剤配合比速度(Hz)
1,2026-02-26,60.0,0.0,60.0,60.0,435,0.0,B剤配合比速度(Hz)
1,2026-02-27,60.0,0.0,60.0,60.0,467,0.0,B剤配合比速度(Hz)
1,2026-03-02,60.0,0.0,60.0,60.0,482,0.0,B剤配合比速度(Hz)
1,2026-03-03,60.0,0.0,60.0,60.0,455,0.0,B剤配合比速度(Hz)
1,2026-03-04,60.0,0.0,60.0,60.0,463,0.0,B剤配合比速度(Hz)
1,2026-03-05,60.0,0.0,60.0,60.0,456,0.0,B剤配合比速度(Hz)
1,2026-03-06,60.0,0.0,60.0,60.0,470,0.0,B剤配合比速度(Hz)
1,2026-03-09,60.0,0.0,60.0,60.0,446,0.0,B剤配合比速度(Hz)
1,2026-03-10,60.0,0.0,60.0,60.0,455,0.0,B剤配合比速度(Hz)
1,2026-03-11,60.0,0.0,60.0,60.0,479,0.0,B剤配合比速度(Hz)
1,2026-03-18,60.0,0.0,60.0,60.0,27,0.0,B剤配合比速度(Hz)
1,2026-03-19,60.0,0.0,60.0,60.0,420,0.0,B剤配合比速度(Hz)
1,2026-03-24,60.0,0.0,60.0,60.0,56,0.0,B剤配合比速度(Hz)
1,2026-03-25,60.0,0.0,60.0,60.0,523,0.0,B剤配合比速度(Hz)
1,2026-03-26,60.0,0.0,60.0,60.0,434,0.0,B剤配合比速度(Hz)
1,2026-03-27,60.0,0.0,60.0,60.0,458,0.0,B剤配合比速度(Hz)
1,2026-04-01,60.0,0.0,60.0,60.0,24,0.0,B剤配合比速度(Hz)
1,2026-04-02,60.0,0.0,60.0,60.0,479,0.0,B剤配合比速度(Hz)
1,2026-04-03,60.0,0.0,60.0,60.0,444,0.0,B剤配合比速度(Hz)
1,2026-04-06,60.0,0.0,60.0,60.0,439,0.0,B剤配合比速度(Hz)
1,2026-04-07,60.0,0.0,60.0,60.0,478,0.0,B剤配合比速度(Hz)
1,2026-04-08,60.0,0.0,60.0,60.0,439,0.0,B剤配合比速度(Hz)
1,2026-04-09,60.0,0.0,60.0,60.0,468,0.0,B剤配合比速度(Hz)
1,2026-04-10,60.0,0.0,60.0,60.0,382,0.0,B剤配合比速度(Hz)
1,2026-04-14,60.0,0.0,60.0,60.0,32,0.0,B剤配合比速度(Hz)
1,2026-04-15,60.0,0.0,60.0,60.0,484,0.0,B剤配合比速度(Hz)
1,2026-04-16,60.0,0.0,60.0,60.0,474,0.0,B剤配合比速度(Hz)
1,2026-04-17,60.0,0.0,60.0,60.0,469,0.0,B剤配合比速度(Hz)
1,2026-04-20,60.0,0.0,60.0,60.0,515,0.0,B剤配合比速度(Hz)
1,2026-04-21,60.0,0.0,60.0,60.0,645,0.0,B剤配合比速度(Hz)
2,2026-01-05,60.0,0.0,60.0,60.0,42,0.0,B剤配合比速度(Hz)
2,2026-01-06,60.0,0.0,60.0,60.0,24,0.0,B剤配合比速度(Hz)
2,2026-01-07,60.0,0.0,60.0,60.0,16,0.0,B剤配合比速度(Hz)
2,2026-01-08,60.0,0.0,60.0,60.0,31,0.0,B剤配合比速度(Hz)
2,2026-01-09,60.0,0.0,60.0,60.0,15,0.0,B剤配合比速度(Hz)
2,2026-01-10,60.0,0.0,60.0,60.0,13,0.0,B剤配合比速度(Hz)
2,2026-01-13,60.0,0.0,60.0,60.0,24,0.0,B剤配合比速度(Hz)
2,2026-02-06,60.0,0.0,60.0,60.0,32,0.0,B剤配合比速度(Hz)
2,2026-02-09,60.0,0.0,60.0,60.0,28,0.0,B剤配合比速度(Hz)
2,2026-02-10,60.0,0.0,60.0,60.0,18,0.0,B剤配合比速度(Hz)
2,2026-02-12,60.0,0.0,60.0,60.0,29,0.0,B剤配合比速度(Hz)
2,2026-02-13,60.0,0.0,60.0,60.0,18,0.0,B剤配合比速度(Hz)
2,2026-02-16,60.0,0.0,60.0,60.0,56,0.0,B剤配合比速度(Hz)
2,2026-02-17,60.0,0.0,60.0,60.0,31,0.0,B剤配合比速度(Hz)
2,2026-02-18,60.0,0.0,60.0,60.0,15,0.0,B剤配合比速度(Hz)
2,2026-02-19,60.0,0.0,60.0,60.0,19,0.0,B剤配合比速度(Hz)
2,2026-02-20,60.0,0.0,60.0,60.0,15,0.0,B剤配合比速度(Hz)
2,2026-02-24,60.0,0.0,60.0,60.0,21,0.0,B剤配合比速度(Hz)
2,2026-02-25,60.0,0.0,60.0,60.0,61,0.0,B剤配合比速度(Hz)
2,2026-02-26,60.0,0.0,60.0,60.0,17,0.0,B剤配合比速度(Hz)
2,2026-02-27,60.0,0.0,60.0,60.0,23,0.0,B剤配合比速度(Hz)
2,2026-03-02,60.0,0.0,60.0,60.0,11,0.0,B剤配合比速度(Hz)
2,2026-03-03,60.0,0.0,60.0,60.0,26,0.0,B剤配合比速度(Hz)
2,2026-03-04,60.0,0.0,60.0,60.0,22,0.0,B剤配合比速度(Hz)
2,2026-03-05,60.0,0.0,60.0,60.0,18,0.0,B剤配合比速度(Hz)
2,2026-03-06,60.0,0.0,60.0,60.0,12,0.0,B剤配合比速度(Hz)
2,2026-03-09,60.0,0.0,60.0,60.0,19,0.0,B剤配合比速度(Hz)
2,2026-03-10,60.0,0.0,60.0,60.0,19,0.0,B剤配合比速度(Hz)
2,2026-03-11,60.0,0.0,60.0,60.0,14,0.0,B剤配合比速度(Hz)
2,2026-03-19,60.0,0.0,60.0,60.0,17,0.0,B剤配合比速度(Hz)
2,2026-03-25,60.0,0.0,60.0,60.0,42,0.0,B剤配合比速度(Hz)
2,2026-03-26,60.0,0.0,60.0,60.0,12,0.0,B剤配合比速度(Hz)
2,2026-03-27,60.0,0.0,60.0,60.0,17,0.0,B剤配合比速度(Hz)
2,2026-04-02,60.0,0.0,60.0,60.0,15,0.0,B剤配合比速度(Hz)
2,2026-04-03,60.0,0.0,60.0,60.0,19,0.0,B剤配合比速度(Hz)
2,2026-04-06,60.0,0.0,60.0,60.0,13,0.0,B剤配合比速度(Hz)
2,2026-04-07,60.0,0.0,60.0,60.0,17,0.0,B剤配合比速度(Hz)
2,2026-04-08,60.0,0.0,60.0,60.0,27,0.0,B剤配合比速度(Hz)
2,2026-04-09,60.0,0.0,60.0,60.0,19,0.0,B剤配合比速度(Hz)
2,2026-04-10,60.0,0.0,60.0,60.0,14,0.0,B剤配合比速度(Hz)
2,2026-04-15,60.0,0.0,60.0,60.0,17,0.0,B剤配合比速度(Hz)
2,2026-04-16,60.0,0.0,60.0,60.0,13,0.0,B剤配合比速度(Hz)
2,2026-04-17,60.0,0.0,60.0,60.0,19,0.0,B剤配合比速度(Hz)
2,2026-04-20,60.0,0.0,60.0,60.0,12,0.0,B剤配合比速度(Hz)
2,2026-04-21,60.0,0.0,60.0,60.0,30,0.0,B剤配合比速度(Hz)
3,2026-01-05,60.0,0.0,60.0,60.0,6,0.0,B剤配合比速度(Hz)
3,2026-01-06,60.0,0.0,60.0,60.0,4,0.0,B剤配合比速度(Hz)
3,2026-01-07,60.0,0.0,60.0,60.0,6,0.0,B剤配合比速度(Hz)
3,2026-01-08,60.0,0.0,60.0,60.0,6,0.0,B剤配合比速度(Hz)
3,2026-01-09,60.0,0.0,60.0,60.0,5,0.0,B剤配合比速度(Hz)
3,2026-01-10,60.0,0.0,60.0,60.0,3,0.0,B剤配合比速度(Hz)
3,2026-01-13,60.0,0.0,60.0,60.0,2,0.0,B剤配合比速度(Hz)
3,2026-02-12,60.0,0.0,60.0,60.0,4,0.0,B剤配合比速度(Hz)
3,2026-02-13,60.0,0.0,60.0,60.0,3,0.0,B剤配合比速度(Hz)
3,2026-02-16,60.0,0.0,60.0,60.0,10,0.0,B剤配合比速度(Hz)
3,2026-02-17,60.0,0.0,60.0,60.0,5,0.0,B剤配合比速度(Hz)
3,2026-02-18,60.0,0.0,60.0,60.0,9,0.0,B剤配合比速度(Hz)
3,2026-04-02,60.0,0.0,60.0,60.0,4,0.0,B剤配合比速度(Hz)
3,2026-04-03,60.0,,60.0,60.0,1,0.0,B剤配合比速度(Hz)
6,2025-12-26,60.0,0.0,60.0,60.0,13,0.0,B剤配合比速度(Hz)
6,2026-01-05,60.0,0.0,60.0,60.0,76,0.0,B剤配合比速度(Hz)
6,2026-01-06,60.0,0.0,60.0,60.0,69,0.0,B剤配合比速度(Hz)
6,2026-01-07,60.0,0.0,60.0,60.0,78,0.0,B剤配合比速度(Hz)
6,2026-01-08,60.0,0.0,60.0,60.0,61,0.0,B剤配合比速度(Hz)
6,2026-01-09,60.0,0.0,60.0,60.0,66,0.0,B剤配合比速度(Hz)
6,2026-01-10,60.0,0.0,60.0,60.0,60,0.0,B剤配合比速度(Hz)
6,2026-01-13,60.0,0.0,60.0,60.0,62,0.0,B剤配合比速度(Hz)
6,2026-02-06,60.0,0.0,60.0,60.0,78,0.0,B剤配合比速度(Hz)
6,2026-02-09,60.0,0.0,60.0,60.0,122,0.0,B剤配合比速度(Hz)
6,2026-02-10,60.0,0.0,60.0,60.0,80,0.0,B剤配合比速度(Hz)
6,2026-02-12,60.0,0.0,60.0,60.0,87,0.0,B剤配合比速度(Hz)
6,2026-02-13,60.0,0.0,60.0,60.0,88,0.0,B剤配合比速度(Hz)
6,2026-02-16,60.0,0.0,60.0,60.0,146,0.0,B剤配合比速度(Hz)
6,2026-02-17,60.0,0.0,60.0,60.0,68,0.0,B剤配合比速度(Hz)
6,2026-02-18,60.0,0.0,60.0,60.0,78,0.0,B剤配合比速度(Hz)
6,2026-02-19,60.0,0.0,60.0,60.0,67,0.0,B剤配合比速度(Hz)
6,2026-02-20,60.0,0.0,60.0,60.0,79,0.0,B剤配合比速度(Hz)
6,2026-02-24,60.0,0.0,60.0,60.0,36,0.0,B剤配合比速度(Hz)
6,2026-02-25,60.0,0.0,60.0,60.0,94,0.0,B剤配合比速度(Hz)
6,2026-02-26,60.0,0.0,60.0,60.0,66,0.0,B剤配合比速度(Hz)
6,2026-02-27,60.0,0.0,60.0,60.0,51,0.0,B剤配合比速度(Hz)
6,2026-03-02,60.0,0.0,60.0,60.0,49,0.0,B剤配合比速度(Hz)
6,2026-03-03,60.0,0.0,60.0,60.0,64,0.0,B剤配合比速度(Hz)
6,2026-03-04,60.0,0.0,60.0,60.0,45,0.0,B剤配合比速度(Hz)
6,2026-03-05,60.0,0.0,60.0,60.0,50,0.0,B剤配合比速度(Hz)
6,2026-03-06,60.0,0.0,60.0,60.0,41,0.0,B剤配合比速度(Hz)
6,2026-03-09,60.0,0.0,60.0,60.0,40,0.0,B剤配合比速度(Hz)
6,2026-03-10,60.0,0.0,60.0,60.0,34,0.0,B剤配合比速度(Hz)
6,2026-03-11,60.0,0.0,60.0,60.0,44,0.0,B剤配合比速度(Hz)
6,2026-03-19,60.0,0.0,60.0,60.0,55,0.0,B剤配合比速度(Hz)
6,2026-03-25,60.0,0.0,60.0,60.0,66,0.0,B剤配合比速度(Hz)
6,2026-03-26,60.0,0.0,60.0,60.0,50,0.0,B剤配合比速度(Hz)
6,2026-03-27,60.0,0.0,60.0,60.0,49,0.0,B剤配合比速度(Hz)
6,2026-04-02,60.0,0.0,60.0,60.0,63,0.0,B剤配合比速度(Hz)
6,2026-04-03,60.0,0.0,60.0,60.0,70,0.0,B剤配合比速度(Hz)
6,2026-04-06,60.0,0.0,60.0,60.0,40,0.0,B剤配合比速度(Hz)
6,2026-04-07,60.0,0.0,60.0,60.0,55,0.0,B剤配合比速度(Hz)
6,2026-04-08,60.0,0.0,60.0,60.0,38,0.0,B剤配合比速度(Hz)
6,2026-04-09,60.0,0.0,60.0,60.0,63,0.0,B剤配合比速度(Hz)
6,2026-04-10,60.0,0.0,60.0,60.0,31,0.0,B剤配合比速度(Hz)
6,2026-04-15,60.0,0.0,60.0,60.0,65,0.0,B剤配合比速度(Hz)
6,2026-04-16,60.0,0.0,60.0,60.0,56,0.0,B剤配合比速度(Hz)
6,2026-04-17,60.0,0.0,60.0,60.0,45,0.0,B剤配合比速度(Hz)
6,2026-04-20,60.0,0.0,60.0,60.0,59,0.0,B剤配合比速度(Hz)
6,2026-04-21,60.0,0.0,60.0,60.0,101,0.0,B剤配合比速度(Hz)
7,2025-12-26,60.0,0.0,60.0,60.0,9,0.0,B剤配合比速度(Hz)
7,2026-01-05,60.0,0.0,60.0,60.0,141,0.0,B剤配合比速度(Hz)
7,2026-01-06,60.0,0.0,60.0,60.0,79,0.0,B剤配合比速度(Hz)
7,2026-01-07,60.0,0.0,60.0,60.0,131,0.0,B剤配合比速度(Hz)
7,2026-01-08,60.0,0.0,60.0,60.0,140,0.0,B剤配合比速度(Hz)
7,2026-01-09,60.0,0.0,60.0,60.0,121,0.0,B剤配合比速度(Hz)
7,2026-01-10,60.0,0.0,60.0,60.0,120,0.0,B剤配合比速度(Hz)
7,2026-01-13,60.0,0.0,60.0,60.0,30,0.0,B剤配合比速度(Hz)
7,2026-02-05,60.0,0.0,60.0,60.0,19,0.0,B剤配合比速度(Hz)
7,2026-02-06,60.0,0.0,60.0,60.0,54,0.0,B剤配合比速度(Hz)
7,2026-02-09,60.0,0.0,60.0,60.0,142,0.0,B剤配合比速度(Hz)
7,2026-02-10,60.0,0.0,60.0,60.0,91,0.0,B剤配合比速度(Hz)
7,2026-02-12,60.0,0.0,60.0,60.0,72,0.0,B剤配合比速度(Hz)
7,2026-02-13,60.0,0.0,60.0,60.0,69,0.0,B剤配合比速度(Hz)
7,2026-02-16,60.0,0.0,60.0,60.0,198,0.0,B剤配合比速度(Hz)
7,2026-02-17,60.0,0.0,60.0,60.0,86,0.0,B剤配合比速度(Hz)
7,2026-02-18,60.0,0.0,60.0,60.0,57,0.0,B剤配合比速度(Hz)
7,2026-02-19,60.0,0.0,60.0,60.0,171,0.0,B剤配合比速度(Hz)
7,2026-02-20,60.0,0.0,60.0,60.0,129,0.0,B剤配合比速度(Hz)
7,2026-02-24,60.0,0.0,60.0,60.0,121,0.0,B剤配合比速度(Hz)
7,2026-02-25,60.0,0.0,60.0,60.0,144,0.0,B剤配合比速度(Hz)
7,2026-02-26,60.0,0.0,60.0,60.0,95,0.0,B剤配合比速度(Hz)
7,2026-02-27,60.0,0.0,60.0,60.0,71,0.0,B剤配合比速度(Hz)
7,2026-03-02,60.0,0.0,60.0,60.0,111,0.0,B剤配合比速度(Hz)
7,2026-03-03,60.0,0.0,60.0,60.0,108,0.0,B剤配合比速度(Hz)
7,2026-03-04,60.0,0.0,60.0,60.0,102,0.0,B剤配合比速度(Hz)
7,2026-03-05,60.0,0.0,60.0,60.0,102,0.0,B剤配合比速度(Hz)
7,2026-03-06,60.0,0.0,60.0,60.0,90,0.0,B剤配合比速度(Hz)
7,2026-03-09,60.0,0.0,60.0,60.0,120,0.0,B剤配合比速度(Hz)
7,2026-03-10,60.0,0.0,60.0,60.0,70,0.0,B剤配合比速度(Hz)
7,2026-03-11,60.0,0.0,60.0,60.0,90,0.0,B剤配合比速度(Hz)
7,2026-03-18,60.0,0.0,60.0,60.0,3,0.0,B剤配合比速度(Hz)
7,2026-03-19,60.0,0.0,60.0,60.0,77,0.0,B剤配合比速度(Hz)
7,2026-03-24,60.0,0.0,60.0,60.0,12,0.0,B剤配合比速度(Hz)
7,2026-03-25,60.0,0.0,60.0,60.0,152,0.0,B剤配合比速度(Hz)
7,2026-03-26,60.0,0.0,60.0,60.0,67,0.0,B剤配合比速度(Hz)
7,2026-03-27,60.0,0.0,60.0,60.0,110,0.0,B剤配合比速度(Hz)
7,2026-04-02,60.0,0.0,60.0,60.0,80,0.0,B剤配合比速度(Hz)
7,2026-04-03,60.0,0.0,60.0,60.0,79,0.0,B剤配合比速度(Hz)
7,2026-04-06,60.0,0.0,60.0,60.0,59,0.0,B剤配合比速度(Hz)
7,2026-04-07,60.0,0.0,60.0,60.0,62,0.0,B剤配合比速度(Hz)
7,2026-04-08,60.0,0.0,60.0,60.0,70,0.0,B剤配合比速度(Hz)
7,2026-04-09,60.0,0.0,60.0,60.0,60,0.0,B剤配合比速度(Hz)
7,2026-04-10,60.0,0.0,60.0,60.0,56,0.0,B剤配合比速度(Hz)
7,2026-04-15,60.0,0.0,60.0,60.0,61,0.0,B剤配合比速度(Hz)
7,2026-04-16,60.0,0.0,60.0,60.0,66,0.0,B剤配合比速度(Hz)
7,2026-04-17,60.0,0.0,60.0,60.0,60,0.0,B剤配合比速度(Hz)
7,2026-04-20,60.0,0.0,60.0,60.0,49,0.0,B剤配合比速度(Hz)
7,2026-04-21,60.0,0.0,60.0,60.0,79,0.0,B剤配合比速度(Hz)
8,2026-01-05,60.0,0.0,60.0,60.0,122,0.0,B剤配合比速度(Hz)
8,2026-01-06,60.0,0.0,60.0,60.0,114,0.0,B剤配合比速度(Hz)
8,2026-01-07,60.0,0.0,60.0,60.0,153,0.0,B剤配合比速度(Hz)
8,2026-01-08,60.0,0.0,60.0,60.0,120,0.0,B剤配合比速度(Hz)
8,2026-01-09,60.0,0.0,60.0,60.0,97,0.0,B剤配合比速度(Hz)
8,2026-01-10,60.0,0.0,60.0,60.0,104,0.0,B剤配合比速度(Hz)
8,2026-01-13,60.0,0.0,60.0,60.0,27,0.0,B剤配合比速度(Hz)
8,2026-02-05,60.0,0.0,60.0,60.0,20,0.0,B剤配合比速度(Hz)
8,2026-02-06,60.0,0.0,60.0,60.0,80,0.0,B剤配合比速度(Hz)
8,2026-02-09,60.0,0.0,60.0,60.0,122,0.0,B剤配合比速度(Hz)
8,2026-02-10,60.0,0.0,60.0,60.0,104,0.0,B剤配合比速度(Hz)
8,2026-02-12,60.0,0.0,60.0,60.0,152,0.0,B剤配合比速度(Hz)
8,2026-02-13,60.0,0.0,60.0,60.0,121,0.0,B剤配合比速度(Hz)
8,2026-02-16,60.0,0.0,60.0,60.0,162,0.0,B剤配合比速度(Hz)
8,2026-02-17,60.0,0.0,60.0,60.0,114,0.0,B剤配合比速度(Hz)
8,2026-02-18,60.0,0.0,60.0,60.0,73,0.0,B剤配合比速度(Hz)
8,2026-02-19,60.0,0.0,60.0,60.0,160,0.0,B剤配合比速度(Hz)
8,2026-02-20,60.0,0.0,60.0,60.0,72,0.0,B剤配合比速度(Hz)
8,2026-02-24,60.0,0.0,60.0,60.0,101,0.0,B剤配合比速度(Hz)
8,2026-02-25,60.0,0.0,60.0,60.0,124,0.0,B剤配合比速度(Hz)
8,2026-02-26,60.0,0.0,60.0,60.0,86,0.0,B剤配合比速度(Hz)
8,2026-02-27,60.0,0.0,60.0,60.0,94,0.0,B剤配合比速度(Hz)
8,2026-03-02,60.0,0.0,60.0,60.0,80,0.0,B剤配合比速度(Hz)
8,2026-03-03,60.0,0.0,60.0,60.0,100,0.0,B剤配合比速度(Hz)
8,2026-03-04,60.0,0.0,60.0,60.0,90,0.0,B剤配合比速度(Hz)
8,2026-03-05,60.0,0.0,60.0,60.0,100,0.0,B剤配合比速度(Hz)
8,2026-03-06,60.0,0.0,60.0,60.0,51,0.0,B剤配合比速度(Hz)
8,2026-03-09,60.0,0.0,60.0,60.0,112,0.0,B剤配合比速度(Hz)
8,2026-03-10,60.0,0.0,60.0,60.0,102,0.0,B剤配合比速度(Hz)
8,2026-03-11,60.0,0.0,60.0,60.0,60,0.0,B剤配合比速度(Hz)
8,2026-03-18,60.0,0.0,60.0,60.0,28,0.0,B剤配合比速度(Hz)
8,2026-03-19,60.0,0.0,60.0,60.0,80,0.0,B剤配合比速度(Hz)
8,2026-03-24,60.0,0.0,60.0,60.0,40,0.0,B剤配合比速度(Hz)
8,2026-03-25,60.0,0.0,60.0,60.0,191,0.0,B剤配合比速度(Hz)
8,2026-03-26,60.0,0.0,60.0,60.0,113,0.0,B剤配合比速度(Hz)
8,2026-03-27,60.0,0.0,60.0,60.0,90,0.0,B剤配合比速度(Hz)
8,2026-04-02,60.0,0.0,60.0,60.0,60,0.0,B剤配合比速度(Hz)
8,2026-04-03,60.0,0.0,60.0,60.0,76,0.0,B剤配合比速度(Hz)
8,2026-04-06,60.0,0.0,60.0,60.0,95,0.0,B剤配合比速度(Hz)
8,2026-04-07,60.0,0.0,60.0,60.0,60,0.0,B剤配合比速度(Hz)
8,2026-04-08,60.0,0.0,60.0,60.0,61,0.0,B剤配合比速度(Hz)
8,2026-04-09,60.0,0.0,60.0,60.0,78,0.0,B剤配合比速度(Hz)
8,2026-04-10,60.0,0.0,60.0,60.0,42,0.0,B剤配合比速度(Hz)
8,2026-04-15,60.0,0.0,60.0,60.0,60,0.0,B剤配合比速度(Hz)
8,2026-04-16,60.0,0.0,60.0,60.0,90,0.0,B剤配合比速度(Hz)
8,2026-04-17,60.0,0.0,60.0,60.0,104,0.0,B剤配合比速度(Hz)
8,2026-04-20,60.0,0.0,60.0,60.0,116,0.0,B剤配合比速度(Hz)
8,2026-04-21,60.0,0.0,60.0,60.0,190,0.0,B剤配合比速度(Hz)
9,2026-01-05,60.0,0.0,60.0,60.0,40,0.0,B剤配合比速度(Hz)
9,2026-01-06,60.0,0.0,60.0,60.0,74,0.0,B剤配合比速度(Hz)
9,2026-01-07,60.0,0.0,60.0,60.0,70,0.0,B剤配合比速度(Hz)
9,2026-01-08,60.0,0.0,60.0,60.0,61,0.0,B剤配合比速度(Hz)
9,2026-01-09,60.0,0.0,60.0,60.0,71,0.0,B剤配合比速度(Hz)
9,2026-01-10,60.0,0.0,60.0,60.0,60,0.0,B剤配合比速度(Hz)
9,2026-01-13,60.0,0.0,60.0,60.0,4,0.0,B剤配合比速度(Hz)
9,2026-02-05,60.0,0.0,60.0,60.0,2,0.0,B剤配合比速度(Hz)
9,2026-02-06,60.0,0.0,60.0,60.0,57,0.0,B剤配合比速度(Hz)
9,2026-02-09,60.0,0.0,60.0,60.0,89,0.0,B剤配合比速度(Hz)
9,2026-02-10,60.0,0.0,60.0,60.0,74,0.0,B剤配合比速度(Hz)
9,2026-02-12,60.0,0.0,60.0,60.0,68,0.0,B剤配合比速度(Hz)
9,2026-02-13,60.0,0.0,60.0,60.0,48,0.0,B剤配合比速度(Hz)
9,2026-02-16,60.0,0.0,60.0,60.0,80,0.0,B剤配合比速度(Hz)
9,2026-02-17,60.0,0.0,60.0,60.0,71,0.0,B剤配合比速度(Hz)
9,2026-02-18,60.0,0.0,60.0,60.0,69,0.0,B剤配合比速度(Hz)
9,2026-02-19,60.0,0.0,60.0,60.0,83,0.0,B剤配合比速度(Hz)
9,2026-02-20,60.0,0.0,60.0,60.0,60,0.0,B剤配合比速度(Hz)
9,2026-02-24,60.0,0.0,60.0,60.0,45,0.0,B剤配合比速度(Hz)
9,2026-02-25,60.0,0.0,60.0,60.0,67,0.0,B剤配合比速度(Hz)
9,2026-02-26,60.0,0.0,60.0,60.0,91,0.0,B剤配合比速度(Hz)
9,2026-02-27,60.0,0.0,60.0,60.0,40,0.0,B剤配合比速度(Hz)
9,2026-03-02,60.0,0.0,60.0,60.0,30,0.0,B剤配合比速度(Hz)
9,2026-03-03,60.0,0.0,60.0,60.0,40,0.0,B剤配合比速度(Hz)
9,2026-03-04,60.0,0.0,60.0,60.0,66,0.0,B剤配合比速度(Hz)
9,2026-03-05,60.0,0.0,60.0,60.0,64,0.0,B剤配合比速度(Hz)
9,2026-03-06,60.0,0.0,60.0,60.0,50,0.0,B剤配合比速度(Hz)
9,2026-03-09,60.0,0.0,60.0,60.0,69,0.0,B剤配合比速度(Hz)
9,2026-03-10,60.0,0.0,60.0,60.0,73,0.0,B剤配合比速度(Hz)
9,2026-03-11,60.0,0.0,60.0,60.0,61,0.0,B剤配合比速度(Hz)
9,2026-03-19,60.0,0.0,60.0,60.0,52,0.0,B剤配合比速度(Hz)
9,2026-03-25,60.0,0.0,60.0,60.0,80,0.0,B剤配合比速度(Hz)
9,2026-03-26,60.0,0.0,60.0,60.0,50,0.0,B剤配合比速度(Hz)
9,2026-03-27,60.0,0.0,60.0,60.0,50,0.0,B剤配合比速度(Hz)
9,2026-04-02,60.0,0.0,60.0,60.0,40,0.0,B剤配合比速度(Hz)
9,2026-04-03,60.0,0.0,60.0,60.0,50,0.0,B剤配合比速度(Hz)
9,2026-04-06,60.0,0.0,60.0,60.0,50,0.0,B剤配合比速度(Hz)
9,2026-04-07,60.0,0.0,60.0,60.0,61,0.0,B剤配合比速度(Hz)
9,2026-04-08,60.0,0.0,60.0,60.0,50,0.0,B剤配合比速度(Hz)
9,2026-04-09,60.0,0.0,60.0,60.0,50,0.0,B剤配合比速度(Hz)
9,2026-04-10,60.0,0.0,60.0,60.0,40,0.0,B剤配合比速度(Hz)
9,2026-04-15,60.0,0.0,60.0,60.0,31,0.0,B剤配合比速度(Hz)
9,2026-04-16,60.0,0.0,60.0,60.0,40,0.0,B剤配合比速度(Hz)
9,2026-04-17,60.0,0.0,60.0,60.0,30,0.0,B剤配合比速度(Hz)
9,2026-04-20,60.0,0.0,60.0,60.0,49,0.0,B剤配合比速度(Hz)
9,2026-04-21,60.0,0.0,60.0,60.0,60,0.0,B剤配合比速度(Hz)
10,2026-01-05,60.0,0.0,60.0,60.0,21,0.0,B剤配合比速度(Hz)
10,2026-01-06,60.0,0.0,60.0,60.0,21,0.0,B剤配合比速度(Hz)
10,2026-01-07,60.0,0.0,60.0,60.0,22,0.0,B剤配合比速度(Hz)
10,2026-01-08,60.0,0.0,60.0,60.0,27,0.0,B剤配合比速度(Hz)
10,2026-01-09,60.0,0.0,60.0,60.0,21,0.0,B剤配合比速度(Hz)
10,2026-01-10,60.0,0.0,60.0,60.0,19,0.0,B剤配合比速度(Hz)
10,2026-01-13,60.0,0.0,60.0,60.0,19,0.0,B剤配合比速度(Hz)
10,2026-02-06,60.0,0.0,60.0,60.0,15,0.0,B剤配合比速度(Hz)
10,2026-02-09,60.0,0.0,60.0,60.0,25,0.0,B剤配合比速度(Hz)
10,2026-02-10,60.0,0.0,60.0,60.0,16,0.0,B剤配合比速度(Hz)
10,2026-02-12,60.0,0.0,60.0,60.0,13,0.0,B剤配合比速度(Hz)
10,2026-02-13,60.0,0.0,60.0,60.0,17,0.0,B剤配合比速度(Hz)
10,2026-02-16,60.0,0.0,60.0,60.0,22,0.0,B剤配合比速度(Hz)
10,2026-02-17,60.0,0.0,60.0,60.0,21,0.0,B剤配合比速度(Hz)
10,2026-02-18,60.0,0.0,60.0,60.0,21,0.0,B剤配合比速度(Hz)
10,2026-02-19,60.0,0.0,60.0,60.0,16,0.0,B剤配合比速度(Hz)
10,2026-02-20,60.0,0.0,60.0,60.0,10,0.0,B剤配合比速度(Hz)
10,2026-02-24,60.0,0.0,60.0,60.0,10,0.0,B剤配合比速度(Hz)
10,2026-02-25,60.0,0.0,60.0,60.0,19,0.0,B剤配合比速度(Hz)
10,2026-02-26,60.0,0.0,60.0,60.0,14,0.0,B剤配合比速度(Hz)
10,2026-02-27,60.0,0.0,60.0,60.0,16,0.0,B剤配合比速度(Hz)
10,2026-03-02,60.0,0.0,60.0,60.0,19,0.0,B剤配合比速度(Hz)
10,2026-03-03,60.0,0.0,60.0,60.0,17,0.0,B剤配合比速度(Hz)
10,2026-03-04,60.0,0.0,60.0,60.0,18,0.0,B剤配合比速度(Hz)
10,2026-03-05,60.0,0.0,60.0,60.0,11,0.0,B剤配合比速度(Hz)
10,2026-03-06,60.0,0.0,60.0,60.0,16,0.0,B剤配合比速度(Hz)
10,2026-03-09,60.0,0.0,60.0,60.0,14,0.0,B剤配合比速度(Hz)
10,2026-03-10,60.0,0.0,60.0,60.0,12,0.0,B剤配合比速度(Hz)
10,2026-03-11,60.0,0.0,60.0,60.0,20,0.0,B剤配合比速度(Hz)
10,2026-03-19,60.0,0.0,60.0,60.0,9,0.0,B剤配合比速度(Hz)
10,2026-03-25,60.0,0.0,60.0,60.0,26,0.0,B剤配合比速度(Hz)
10,2026-03-26,60.0,0.0,60.0,60.0,24,0.0,B剤配合比速度(Hz)
10,2026-03-27,60.0,0.0,60.0,60.0,19,0.0,B剤配合比速度(Hz)
10,2026-04-02,60.0,0.0,60.0,60.0,12,0.0,B剤配合比速度(Hz)
10,2026-04-03,60.0,0.0,60.0,60.0,11,0.0,B剤配合比速度(Hz)
10,2026-04-06,60.0,0.0,60.0,60.0,9,0.0,B剤配合比速度(Hz)
10,2026-04-07,60.0,0.0,60.0,60.0,11,0.0,B剤配合比速度(Hz)
10,2026-04-08,60.0,0.0,60.0,60.0,13,0.0,B剤配合比速度(Hz)
10,2026-04-09,60.0,0.0,60.0,60.0,11,0.0,B剤配合比速度(Hz)
10,2026-04-10,60.0,0.0,60.0,60.0,9,0.0,B剤配合比速度(Hz)
10,2026-04-15,60.0,0.0,60.0,60.0,9,0.0,B剤配合比速度(Hz)
10,2026-04-16,60.0,0.0,60.0,60.0,3,0.0,B剤配合比速度(Hz)
10,2026-04-17,60.0,0.0,60.0,60.0,10,0.0,B剤配合比速度(Hz)
10,2026-04-20,60.0,0.0,60.0,60.0,11,0.0,B剤配合比速度(Hz)
10,2026-04-21,60.0,0.0,60.0,60.0,24,0.0,B剤配合比速度(Hz)
13,2026-01-05,60.0,0.0,60.0,60.0,3,0.0,B剤配合比速度(Hz)
13,2026-01-06,60.0,0.0,60.0,60.0,6,0.0,B剤配合比速度(Hz)
13,2026-01-07,60.0,0.0,60.0,60.0,2,0.0,B剤配合比速度(Hz)
13,2026-01-08,60.0,,60.0,60.0,1,0.0,B剤配合比速度(Hz)
13,2026-01-09,60.0,0.0,60.0,60.0,5,0.0,B剤配合比速度(Hz)
13,2026-01-10,60.0,0.0,60.0,60.0,6,0.0,B剤配合比速度(Hz)
13,2026-01-13,60.0,0.0,60.0,60.0,3,0.0,B剤配合比速度(Hz)
13,2026-02-06,60.0,0.0,60.0,60.0,3,0.0,B剤配合比速度(Hz)
13,2026-02-09,60.0,0.0,60.0,60.0,5,0.0,B剤配合比速度(Hz)
13,2026-02-10,60.0,,60.0,60.0,1,0.0,B剤配合比速度(Hz)
13,2026-02-12,60.0,0.0,60.0,60.0,2,0.0,B剤配合比速度(Hz)
13,2026-02-13,60.0,0.0,60.0,60.0,2,0.0,B剤配合比速度(Hz)
13,2026-02-16,60.0,0.0,60.0,60.0,2,0.0,B剤配合比速度(Hz)
13,2026-02-17,60.0,0.0,60.0,60.0,4,0.0,B剤配合比速度(Hz)
13,2026-02-18,60.0,0.0,60.0,60.0,2,0.0,B剤配合比速度(Hz)
13,2026-02-19,60.0,0.0,60.0,60.0,2,0.0,B剤配合比速度(Hz)
13,2026-02-20,60.0,0.0,60.0,60.0,2,0.0,B剤配合比速度(Hz)
13,2026-02-25,60.0,0.0,60.0,60.0,4,0.0,B剤配合比速度(Hz)
13,2026-02-26,60.0,0.0,60.0,60.0,5,0.0,B剤配合比速度(Hz)
13,2026-02-27,60.0,0.0,60.0,60.0,4,0.0,B剤配合比速度(Hz)
13,2026-03-02,60.0,0.0,60.0,60.0,5,0.0,B剤配合比速度(Hz)
13,2026-03-03,60.0,0.0,60.0,60.0,2,0.0,B剤配合比速度(Hz)
13,2026-03-04,60.0,0.0,60.0,60.0,4,0.0,B剤配合比速度(Hz)
13,2026-03-05,60.0,0.0,60.0,60.0,5,0.0,B剤配合比速度(Hz)
13,2026-03-06,60.0,0.0,60.0,60.0,5,0.0,B剤配合比速度(Hz)
13,2026-03-09,60.0,0.0,60.0,60.0,2,0.0,B剤配合比速度(Hz)
13,2026-03-10,60.0,0.0,60.0,60.0,4,0.0,B剤配合比速度(Hz)
13,2026-03-11,60.0,0.0,60.0,60.0,5,0.0,B剤配合比速度(Hz)
13,2026-03-19,60.0,0.0,60.0,60.0,2,0.0,B剤配合比速度(Hz)
13,2026-03-25,60.0,0.0,60.0,60.0,8,0.0,B剤配合比速度(Hz)
13,2026-03-26,60.0,0.0,60.0,60.0,2,0.0,B剤配合比速度(Hz)
13,2026-03-27,60.0,0.0,60.0,60.0,3,0.0,B剤配合比速度(Hz)
13,2026-04-02,60.0,0.0,60.0,60.0,2,0.0,B剤配合比速度(Hz)
13,2026-04-03,60.0,0.0,60.0,60.0,3,0.0,B剤配合比速度(Hz)
13,2026-04-06,60.0,,60.0,60.0,1,0.0,B剤配合比速度(Hz)
13,2026-04-08,60.0,0.0,60.0,60.0,6,0.0,B剤配合比速度(Hz)
13,2026-04-09,60.0,0.0,60.0,60.0,3,0.0,B剤配合比速度(Hz)
13,2026-04-10,60.0,0.0,60.0,60.0,2,0.0,B剤配合比速度(Hz)
13,2026-04-15,60.0,0.0,60.0,60.0,5,0.0,B剤配合比速度(Hz)
13,2026-04-16,60.0,0.0,60.0,60.0,5,0.0,B剤配合比速度(Hz)
13,2026-04-17,60.0,0.0,60.0,60.0,4,0.0,B剤配合比速度(Hz)
13,2026-04-20,60.0,0.0,60.0,60.0,4,0.0,B剤配合比速度(Hz)
13,2026-04-21,60.0,,60.0,60.0,1,0.0,B剤配合比速度(Hz)
14,2026-02-17,60.0,0.0,60.0,60.0,10,0.0,B剤配合比速度(Hz)
14,2026-02-18,60.0,0.0,60.0,60.0,10,0.0,B剤配合比速度(Hz)
14,2026-02-24,60.0,0.0,60.0,60.0,5,0.0,B剤配合比速度(Hz)
14,2026-02-25,60.0,0.0,60.0,60.0,29,0.0,B剤配合比速度(Hz)
14,2026-02-26,60.0,0.0,60.0,60.0,15,0.0,B剤配合比速度(Hz)
14,2026-02-27,60.0,,60.0,60.0,1,0.0,B剤配合比速度(Hz)
14,2026-03-02,60.0,0.0,60.0,60.0,9,0.0,B剤配合比速度(Hz)
14,2026-03-03,60.0,0.0,60.0,60.0,15,0.0,B剤配合比速度(Hz)
14,2026-03-05,60.0,0.0,60.0,60.0,20,0.0,B剤配合比速度(Hz)
14,2026-03-06,60.0,0.0,60.0,60.0,10,0.0,B剤配合比速度(Hz)
14,2026-03-09,60.0,0.0,60.0,60.0,5,0.0,B剤配合比速度(Hz)
14,2026-03-10,60.0,0.0,60.0,60.0,5,0.0,B剤配合比速度(Hz)
14,2026-03-11,60.0,0.0,60.0,60.0,6,0.0,B剤配合比速度(Hz)
14,2026-03-25,60.0,0.0,60.0,60.0,10,0.0,B剤配合比速度(Hz)
14,2026-03-26,60.0,0.0,60.0,60.0,5,0.0,B剤配合比速度(Hz)
14,2026-03-27,60.0,0.0,60.0,60.0,5,0.0,B剤配合比速度(Hz)
14,2026-04-03,60.0,0.0,60.0,60.0,10,0.0,B剤配合比速度(Hz)
14,2026-04-07,60.0,0.0,60.0,60.0,5,0.0,B剤配合比速度(Hz)
14,2026-04-08,60.0,0.0,60.0,60.0,5,0.0,B剤配合比速度(Hz)
14,2026-04-09,60.0,0.0,60.0,60.0,5,0.0,B剤配合比速度(Hz)
14,2026-04-15,60.0,0.0,60.0,60.0,5,0.0,B剤配合比速度(Hz)
14,2026-04-16,60.0,0.0,60.0,60.0,10,0.0,B剤配合比速度(Hz)
14,2026-04-17,60.0,0.0,60.0,60.0,5,0.0,B剤配合比速度(Hz)
14,2026-04-20,60.0,0.0,60.0,60.0,20,0.0,B剤配合比速度(Hz)
1,2025-12-26,70.3,0.0,70.3,70.3,31,0.0,生産総合流速(％)
1,2026-01-05,70.3,0.0,70.3,70.3,402,0.0,生産総合流速(％)
1,2026-01-06,70.3,0.0,70.3,70.3,515,0.0,生産総合流速(％)
1,2026-01-07,70.3,0.0,70.3,70.3,548,0.0,生産総合流速(％)
1,2026-01-08,70.3,0.0,70.3,70.3,487,0.0,生産総合流速(％)
1,2026-01-09,70.3,0.0,70.3,70.3,534,0.0,生産総合流速(％)
1,2026-01-10,70.3,0.0,70.3,70.3,496,0.0,生産総合流速(％)
1,2026-01-13,70.3,0.0,70.3,70.3,527,0.0,生産総合流速(％)
1,2026-02-05,70.3,0.0,70.3,70.3,15,0.0,生産総合流速(％)
1,2026-02-06,70.3,0.0,70.3,70.3,370,0.0,生産総合流速(％)
1,2026-02-09,70.3,0.0,70.3,70.3,555,0.0,生産総合流速(％)
1,2026-02-10,70.3,0.0,70.3,70.3,468,0.0,生産総合流速(％)
1,2026-02-12,70.3,0.0,70.3,70.3,449,0.0,生産総合流速(％)
1,2026-02-13,70.3,0.0,70.3,70.3,374,0.0,生産総合流速(％)
1,2026-02-16,70.3,0.0,70.3,70.3,882,0.0,生産総合流速(％)
1,2026-02-17,70.3,0.0,70.3,70.3,462,0.0,生産総合流速(％)
1,2026-02-18,70.3,0.0,70.3,70.3,466,0.0,生産総合流速(％)
1,2026-02-19,70.3,0.0,70.3,70.3,501,0.0,生産総合流速(％)
1,2026-02-20,70.3,0.0,70.3,70.3,383,0.0,生産総合流速(％)
1,2026-02-24,70.3,0.0,70.3,70.3,285,0.0,生産総合流速(％)
1,2026-02-25,70.3,0.0,70.3,70.3,568,0.0,生産総合流速(％)
1,2026-02-26,70.3,0.0,70.3,70.3,435,0.0,生産総合流速(％)
1,2026-02-27,70.3,0.0,70.3,70.3,467,0.0,生産総合流速(％)
1,2026-03-02,70.3,0.0,70.3,70.3,482,0.0,生産総合流速(％)
1,2026-03-03,70.3,0.0,70.3,70.3,455,0.0,生産総合流速(％)
1,2026-03-04,70.3,0.0,70.3,70.3,463,0.0,生産総合流速(％)
1,2026-03-05,70.3,0.0,70.3,70.3,456,0.0,生産総合流速(％)
1,2026-03-06,70.3,0.0,70.3,70.3,470,0.0,生産総合流速(％)
1,2026-03-09,70.3,0.0,70.3,70.3,446,0.0,生産総合流速(％)
1,2026-03-10,70.3,0.0,70.3,70.3,455,0.0,生産総合流速(％)
1,2026-03-11,70.3,0.0,70.3,70.3,479,0.0,生産総合流速(％)
1,2026-03-18,70.3,0.0,70.3,70.3,27,0.0,生産総合流速(％)
1,2026-03-19,70.3,0.0,70.3,70.3,420,0.0,生産総合流速(％)
1,2026-03-24,70.3,0.0,70.3,70.3,56,0.0,生産総合流速(％)
1,2026-03-25,70.3,0.0,70.3,70.3,523,0.0,生産総合流速(％)
1,2026-03-26,70.3,0.0,70.3,70.3,434,0.0,生産総合流速(％)
1,2026-03-27,70.3,0.0,70.3,70.3,458,0.0,生産総合流速(％)
1,2026-04-01,70.3,0.0,70.3,70.3,24,0.0,生産総合流速(％)
1,2026-04-02,70.3,0.0,70.3,70.3,479,0.0,生産総合流速(％)
1,2026-04-03,70.3,0.0,70.3,70.3,444,0.0,生産総合流速(％)
1,2026-04-06,70.3,0.0,70.3,70.3,439,0.0,生産総合流速(％)
1,2026-04-07,70.3,0.0,70.3,70.3,478,0.0,生産総合流速(％)
1,2026-04-08,70.3,0.0,70.3,70.3,439,0.0,生産総合流速(％)
1,2026-04-09,70.3,0.0,70.3,70.3,468,0.0,生産総合流速(％)
1,2026-04-10,70.3,0.0,70.3,70.3,382,0.0,生産総合流速(％)
1,2026-04-14,70.3,0.0,70.3,70.3,32,0.0,生産総合流速(％)
1,2026-04-15,70.3,0.0,70.3,70.3,484,0.0,生産総合流速(％)
1,2026-04-16,70.3,0.0,70.3,70.3,474,0.0,生産総合流速(％)
1,2026-04-17,70.3,0.0,70.3,70.3,469,0.0,生産総合流速(％)
1,2026-04-20,70.3,0.0,70.3,70.3,515,0.0,生産総合流速(％)
1,2026-04-21,70.3,0.0,70.3,70.3,645,0.0,生産総合流速(％)
2,2026-01-05,70.3,0.0,70.3,70.3,42,0.0,生産総合流速(％)
2,2026-01-06,70.3,0.0,70.3,70.3,24,0.0,生産総合流速(％)
2,2026-01-07,70.3,0.0,70.3,70.3,16,0.0,生産総合流速(％)
2,2026-01-08,70.3,0.0,70.3,70.3,31,0.0,生産総合流速(％)
2,2026-01-09,70.3,0.0,70.3,70.3,15,0.0,生産総合流速(％)
2,2026-01-10,70.3,0.0,70.3,70.3,13,0.0,生産総合流速(％)
2,2026-01-13,70.3,0.0,70.3,70.3,24,0.0,生産総合流速(％)
2,2026-02-06,70.3,0.0,70.3,70.3,32,0.0,生産総合流速(％)
2,2026-02-09,70.3,0.0,70.3,70.3,28,0.0,生産総合流速(％)
2,2026-02-10,70.3,0.0,70.3,70.3,18,0.0,生産総合流速(％)
2,2026-02-12,70.3,0.0,70.3,70.3,29,0.0,生産総合流速(％)
2,2026-02-13,70.3,0.0,70.3,70.3,18,0.0,生産総合流速(％)
2,2026-02-16,70.3,0.0,70.3,70.3,56,0.0,生産総合流速(％)
2,2026-02-17,70.3,0.0,70.3,70.3,31,0.0,生産総合流速(％)
2,2026-02-18,70.3,0.0,70.3,70.3,15,0.0,生産総合流速(％)
2,2026-02-19,70.3,0.0,70.3,70.3,19,0.0,生産総合流速(％)
2,2026-02-20,70.3,0.0,70.3,70.3,15,0.0,生産総合流速(％)
2,2026-02-24,70.3,0.0,70.3,70.3,21,0.0,生産総合流速(％)
2,2026-02-25,70.3,0.0,70.3,70.3,61,0.0,生産総合流速(％)
2,2026-02-26,70.3,0.0,70.3,70.3,17,0.0,生産総合流速(％)
2,2026-02-27,70.3,0.0,70.3,70.3,23,0.0,生産総合流速(％)
2,2026-03-02,70.3,0.0,70.3,70.3,11,0.0,生産総合流速(％)
2,2026-03-03,70.3,0.0,70.3,70.3,26,0.0,生産総合流速(％)
2,2026-03-04,70.3,0.0,70.3,70.3,22,0.0,生産総合流速(％)
2,2026-03-05,70.3,0.0,70.3,70.3,18,0.0,生産総合流速(％)
2,2026-03-06,70.3,0.0,70.3,70.3,12,0.0,生産総合流速(％)
2,2026-03-09,70.3,0.0,70.3,70.3,19,0.0,生産総合流速(％)
2,2026-03-10,70.3,0.0,70.3,70.3,19,0.0,生産総合流速(％)
2,2026-03-11,70.3,0.0,70.3,70.3,14,0.0,生産総合流速(％)
2,2026-03-19,70.3,0.0,70.3,70.3,17,0.0,生産総合流速(％)
2,2026-03-25,70.3,0.0,70.3,70.3,42,0.0,生産総合流速(％)
2,2026-03-26,70.3,0.0,70.3,70.3,12,0.0,生産総合流速(％)
2,2026-03-27,70.3,0.0,70.3,70.3,17,0.0,生産総合流速(％)
2,2026-04-02,70.3,0.0,70.3,70.3,15,0.0,生産総合流速(％)
2,2026-04-03,70.3,0.0,70.3,70.3,19,0.0,生産総合流速(％)
2,2026-04-06,70.3,0.0,70.3,70.3,13,0.0,生産総合流速(％)
2,2026-04-07,70.3,0.0,70.3,70.3,17,0.0,生産総合流速(％)
2,2026-04-08,70.3,0.0,70.3,70.3,27,0.0,生産総合流速(％)
2,2026-04-09,70.3,0.0,70.3,70.3,19,0.0,生産総合流速(％)
2,2026-04-10,70.3,0.0,70.3,70.3,14,0.0,生産総合流速(％)
2,2026-04-15,70.3,0.0,70.3,70.3,17,0.0,生産総合流速(％)
2,2026-04-16,70.3,0.0,70.3,70.3,13,0.0,生産総合流速(％)
2,2026-04-17,70.3,0.0,70.3,70.3,19,0.0,生産総合流速(％)
2,2026-04-20,70.3,0.0,70.3,70.3,12,0.0,生産総合流速(％)
2,2026-04-21,70.3,0.0,70.3,70.3,30,0.0,生産総合流速(％)
3,2026-01-05,70.3,0.0,70.3,70.3,6,0.0,生産総合流速(％)
3,2026-01-06,70.3,0.0,70.3,70.3,4,0.0,生産総合流速(％)
3,2026-01-07,70.3,0.0,70.3,70.3,6,0.0,生産総合流速(％)
3,2026-01-08,70.3,0.0,70.3,70.3,6,0.0,生産総合流速(％)
3,2026-01-09,70.3,0.0,70.3,70.3,5,0.0,生産総合流速(％)
3,2026-01-10,70.3,0.0,70.3,70.3,3,0.0,生産総合流速(％)
3,2026-01-13,70.3,0.0,70.3,70.3,2,0.0,生産総合流速(％)
3,2026-02-12,70.3,0.0,70.3,70.3,4,0.0,生産総合流速(％)
3,2026-02-13,70.3,0.0,70.3,70.3,3,0.0,生産総合流速(％)
3,2026-02-16,70.3,0.0,70.3,70.3,10,0.0,生産総合流速(％)
3,2026-02-17,70.3,0.0,70.3,70.3,5,0.0,生産総合流速(％)
3,2026-02-18,70.3,0.0,70.3,70.3,9,0.0,生産総合流速(％)
3,2026-04-02,70.3,0.0,70.3,70.3,4,0.0,生産総合流速(％)
3,2026-04-03,70.3,,70.3,70.3,1,0.0,生産総合流速(％)
6,2025-12-26,62.0,0.0,62.0,62.0,13,0.0,生産総合流速(％)
6,2026-01-05,62.0,0.0,62.0,62.0,76,0.0,生産総合流速(％)
6,2026-01-06,62.0,0.0,62.0,62.0,69,0.0,生産総合流速(％)
6,2026-01-07,62.0,0.0,62.0,62.0,78,0.0,生産総合流速(％)
6,2026-01-08,62.0,0.0,62.0,62.0,61,0.0,生産総合流速(％)
6,2026-01-09,62.0,0.0,62.0,62.0,66,0.0,生産総合流速(％)
6,2026-01-10,62.0,0.0,62.0,62.0,60,0.0,生産総合流速(％)
6,2026-01-13,62.0,0.0,62.0,62.0,62,0.0,生産総合流速(％)
6,2026-02-06,62.0,0.0,62.0,62.0,78,0.0,生産総合流速(％)
6,2026-02-09,62.0,0.0,62.0,62.0,122,0.0,生産総合流速(％)
6,2026-02-10,62.0,0.0,62.0,62.0,80,0.0,生産総合流速(％)
6,2026-02-12,62.0,0.0,62.0,62.0,87,0.0,生産総合流速(％)
6,2026-02-13,62.0,0.0,62.0,62.0,88,0.0,生産総合流速(％)
6,2026-02-16,62.0,0.0,62.0,62.0,146,0.0,生産総合流速(％)
6,2026-02-17,62.0,0.0,62.0,62.0,68,0.0,生産総合流速(％)
6,2026-02-18,62.0,0.0,62.0,62.0,78,0.0,生産総合流速(％)
6,2026-02-19,62.0,0.0,62.0,62.0,67,0.0,生産総合流速(％)
6,2026-02-20,62.0,0.0,62.0,62.0,79,0.0,生産総合流速(％)
6,2026-02-24,62.0,0.0,62.0,62.0,36,0.0,生産総合流速(％)
6,2026-02-25,62.0,0.0,62.0,62.0,94,0.0,生産総合流速(％)
6,2026-02-26,62.0,0.0,62.0,62.0,66,0.0,生産総合流速(％)
6,2026-02-27,62.0,0.0,62.0,62.0,51,0.0,生産総合流速(％)
6,2026-03-02,62.0,0.0,62.0,62.0,49,0.0,生産総合流速(％)
6,2026-03-03,62.0,0.0,62.0,62.0,64,0.0,生産総合流速(％)
6,2026-03-04,62.0,0.0,62.0,62.0,45,0.0,生産総合流速(％)
6,2026-03-05,62.0,0.0,62.0,62.0,50,0.0,生産総合流速(％)
6,2026-03-06,62.0,0.0,62.0,62.0,41,0.0,生産総合流速(％)
6,2026-03-09,62.0,0.0,62.0,62.0,40,0.0,生産総合流速(％)
6,2026-03-10,62.0,0.0,62.0,62.0,34,0.0,生産総合流速(％)
6,2026-03-11,62.0,0.0,62.0,62.0,44,0.0,生産総合流速(％)
6,2026-03-19,62.0,0.0,62.0,62.0,55,0.0,生産総合流速(％)
6,2026-03-25,62.0,0.0,62.0,62.0,66,0.0,生産総合流速(％)
6,2026-03-26,62.0,0.0,62.0,62.0,50,0.0,生産総合流速(％)
6,2026-03-27,62.0,0.0,62.0,62.0,49,0.0,生産総合流速(％)
6,2026-04-02,62.0,0.0,62.0,62.0,63,0.0,生産総合流速(％)
6,2026-04-03,62.0,0.0,62.0,62.0,70,0.0,生産総合流速(％)
6,2026-04-06,62.0,0.0,62.0,62.0,40,0.0,生産総合流速(％)
6,2026-04-07,62.0,0.0,62.0,62.0,55,0.0,生産総合流速(％)
6,2026-04-08,62.0,0.0,62.0,62.0,38,0.0,生産総合流速(％)
6,2026-04-09,62.0,0.0,62.0,62.0,63,0.0,生産総合流速(％)
6,2026-04-10,62.0,0.0,62.0,62.0,31,0.0,生産総合流速(％)
6,2026-04-15,62.0,0.0,62.0,62.0,65,0.0,生産総合流速(％)
6,2026-04-16,62.0,0.0,62.0,62.0,56,0.0,生産総合流速(％)
6,2026-04-17,62.0,0.0,62.0,62.0,45,0.0,生産総合流速(％)
6,2026-04-20,62.0,0.0,62.0,62.0,59,0.0,生産総合流速(％)
6,2026-04-21,62.0,0.0,62.0,62.0,101,0.0,生産総合流速(％)
7,2025-12-26,70.3,0.0,70.3,70.3,9,0.0,生産総合流速(％)
7,2026-01-05,70.3,0.0,70.3,70.3,141,0.0,生産総合流速(％)
7,2026-01-06,70.3,0.0,70.3,70.3,79,0.0,生産総合流速(％)
7,2026-01-07,70.3,0.0,70.3,70.3,131,0.0,生産総合流速(％)
7,2026-01-08,70.3,0.0,70.3,70.3,140,0.0,生産総合流速(％)
7,2026-01-09,70.3,0.0,70.3,70.3,121,0.0,生産総合流速(％)
7,2026-01-10,70.3,0.0,70.3,70.3,120,0.0,生産総合流速(％)
7,2026-01-13,70.3,0.0,70.3,70.3,30,0.0,生産総合流速(％)
7,2026-02-05,70.3,0.0,70.3,70.3,19,0.0,生産総合流速(％)
7,2026-02-06,70.3,0.0,70.3,70.3,54,0.0,生産総合流速(％)
7,2026-02-09,70.3,0.0,70.3,70.3,142,0.0,生産総合流速(％)
7,2026-02-10,70.3,0.0,70.3,70.3,91,0.0,生産総合流速(％)
7,2026-02-12,70.3,0.0,70.3,70.3,72,0.0,生産総合流速(％)
7,2026-02-13,70.3,0.0,70.3,70.3,69,0.0,生産総合流速(％)
7,2026-02-16,70.3,0.0,70.3,70.3,198,0.0,生産総合流速(％)
7,2026-02-17,70.3,0.0,70.3,70.3,86,0.0,生産総合流速(％)
7,2026-02-18,70.3,0.0,70.3,70.3,57,0.0,生産総合流速(％)
7,2026-02-19,70.3,0.0,70.3,70.3,171,0.0,生産総合流速(％)
7,2026-02-20,70.3,0.0,70.3,70.3,129,0.0,生産総合流速(％)
7,2026-02-24,70.3,0.0,70.3,70.3,121,0.0,生産総合流速(％)
7,2026-02-25,70.3,0.0,70.3,70.3,144,0.0,生産総合流速(％)
7,2026-02-26,70.3,0.0,70.3,70.3,95,0.0,生産総合流速(％)
7,2026-02-27,70.3,0.0,70.3,70.3,71,0.0,生産総合流速(％)
7,2026-03-02,70.3,0.0,70.3,70.3,111,0.0,生産総合流速(％)
7,2026-03-03,70.3,0.0,70.3,70.3,108,0.0,生産総合流速(％)
7,2026-03-04,70.3,0.0,70.3,70.3,102,0.0,生産総合流速(％)
7,2026-03-05,70.3,0.0,70.3,70.3,102,0.0,生産総合流速(％)
7,2026-03-06,70.3,0.0,70.3,70.3,90,0.0,生産総合流速(％)
7,2026-03-09,70.3,0.0,70.3,70.3,120,0.0,生産総合流速(％)
7,2026-03-10,70.3,0.0,70.3,70.3,70,0.0,生産総合流速(％)
7,2026-03-11,70.3,0.0,70.3,70.3,90,0.0,生産総合流速(％)
7,2026-03-18,70.3,0.0,70.3,70.3,3,0.0,生産総合流速(％)
7,2026-03-19,70.3,0.0,70.3,70.3,77,0.0,生産総合流速(％)
7,2026-03-24,70.3,0.0,70.3,70.3,12,0.0,生産総合流速(％)
7,2026-03-25,70.3,0.0,70.3,70.3,152,0.0,生産総合流速(％)
7,2026-03-26,70.3,0.0,70.3,70.3,67,0.0,生産総合流速(％)
7,2026-03-27,70.3,0.0,70.3,70.3,110,0.0,生産総合流速(％)
7,2026-04-02,70.3,0.0,70.3,70.3,80,0.0,生産総合流速(％)
7,2026-04-03,70.3,0.0,70.3,70.3,79,0.0,生産総合流速(％)
7,2026-04-06,70.3,0.0,70.3,70.3,59,0.0,生産総合流速(％)
7,2026-04-07,70.3,0.0,70.3,70.3,62,0.0,生産総合流速(％)
7,2026-04-08,70.3,0.0,70.3,70.3,70,0.0,生産総合流速(％)
7,2026-04-09,70.3,0.0,70.3,70.3,60,0.0,生産総合流速(％)
7,2026-04-10,70.3,0.0,70.3,70.3,56,0.0,生産総合流速(％)
7,2026-04-15,70.3,0.0,70.3,70.3,61,0.0,生産総合流速(％)
7,2026-04-16,70.3,0.0,70.3,70.3,66,0.0,生産総合流速(％)
7,2026-04-17,70.3,0.0,70.3,70.3,60,0.0,生産総合流速(％)
7,2026-04-20,70.3,0.0,70.3,70.3,49,0.0,生産総合流速(％)
7,2026-04-21,70.3,0.0,70.3,70.3,79,0.0,生産総合流速(％)
8,2026-01-05,70.9,0.0,70.9,70.9,122,0.0,生産総合流速(％)
8,2026-01-06,70.9,0.0,70.9,70.9,114,0.0,生産総合流速(％)
8,2026-01-07,70.9,0.0,70.9,70.9,153,0.0,生産総合流速(％)
8,2026-01-08,70.9,0.0,70.9,70.9,120,0.0,生産総合流速(％)
8,2026-01-09,70.9,0.0,70.9,70.9,97,0.0,生産総合流速(％)
8,2026-01-10,70.9,0.0,70.9,70.9,104,0.0,生産総合流速(％)
8,2026-01-13,70.9,0.0,70.9,70.9,27,0.0,生産総合流速(％)
8,2026-02-05,70.9,0.0,70.9,70.9,20,0.0,生産総合流速(％)
8,2026-02-06,70.9,0.0,70.9,70.9,80,0.0,生産総合流速(％)
8,2026-02-09,70.9,0.0,70.9,70.9,122,0.0,生産総合流速(％)
8,2026-02-10,70.9,0.0,70.9,70.9,104,0.0,生産総合流速(％)
8,2026-02-12,70.9,0.0,70.9,70.9,152,0.0,生産総合流速(％)
8,2026-02-13,70.9,0.0,70.9,70.9,121,0.0,生産総合流速(％)
8,2026-02-16,70.9,0.0,70.9,70.9,162,0.0,生産総合流速(％)
8,2026-02-17,70.9,0.0,70.9,70.9,114,0.0,生産総合流速(％)
8,2026-02-18,70.9,0.0,70.9,70.9,73,0.0,生産総合流速(％)
8,2026-02-19,70.9,0.0,70.9,70.9,160,0.0,生産総合流速(％)
8,2026-02-20,70.9,0.0,70.9,70.9,72,0.0,生産総合流速(％)
8,2026-02-24,70.9,0.0,70.9,70.9,101,0.0,生産総合流速(％)
8,2026-02-25,70.9,0.0,70.9,70.9,124,0.0,生産総合流速(％)
8,2026-02-26,70.9,0.0,70.9,70.9,86,0.0,生産総合流速(％)
8,2026-02-27,70.9,0.0,70.9,70.9,94,0.0,生産総合流速(％)
8,2026-03-02,70.9,0.0,70.9,70.9,80,0.0,生産総合流速(％)
8,2026-03-03,70.9,0.0,70.9,70.9,100,0.0,生産総合流速(％)
8,2026-03-04,70.9,0.0,70.9,70.9,90,0.0,生産総合流速(％)
8,2026-03-05,70.9,0.0,70.9,70.9,100,0.0,生産総合流速(％)
8,2026-03-06,70.9,0.0,70.9,70.9,51,0.0,生産総合流速(％)
8,2026-03-09,70.9,0.0,70.9,70.9,112,0.0,生産総合流速(％)
8,2026-03-10,70.9,0.0,70.9,70.9,102,0.0,生産総合流速(％)
8,2026-03-11,70.9,0.0,70.9,70.9,60,0.0,生産総合流速(％)
8,2026-03-18,70.9,0.0,70.9,70.9,28,0.0,生産総合流速(％)
8,2026-03-19,70.9,0.0,70.9,70.9,80,0.0,生産総合流速(％)
8,2026-03-24,70.9,0.0,70.9,70.9,40,0.0,生産総合流速(％)
8,2026-03-25,70.9,0.0,70.9,70.9,191,0.0,生産総合流速(％)
8,2026-03-26,70.9,0.0,70.9,70.9,113,0.0,生産総合流速(％)
8,2026-03-27,70.9,0.0,70.9,70.9,90,0.0,生産総合流速(％)
8,2026-04-02,70.9,0.0,70.9,70.9,60,0.0,生産総合流速(％)
8,2026-04-03,70.9,0.0,70.9,70.9,76,0.0,生産総合流速(％)
8,2026-04-06,70.9,0.0,70.9,70.9,95,0.0,生産総合流速(％)
8,2026-04-07,70.9,0.0,70.9,70.9,60,0.0,生産総合流速(％)
8,2026-04-08,70.9,0.0,70.9,70.9,61,0.0,生産総合流速(％)
8,2026-04-09,70.9,0.0,70.9,70.9,78,0.0,生産総合流速(％)
8,2026-04-10,70.9,0.0,70.9,70.9,42,0.0,生産総合流速(％)
8,2026-04-15,70.9,0.0,70.9,70.9,60,0.0,生産総合流速(％)
8,2026-04-16,70.9,0.0,70.9,70.9,90,0.0,生産総合流速(％)
8,2026-04-17,70.9,0.0,70.9,70.9,104,0.0,生産総合流速(％)
8,2026-04-20,70.9,0.0,70.9,70.9,116,0.0,生産総合流速(％)
8,2026-04-21,70.9,0.0,70.9,70.9,190,0.0,生産総合流速(％)
9,2026-01-05,70.3,0.0,70.3,70.3,40,0.0,生産総合流速(％)
9,2026-01-06,70.3,0.0,70.3,70.3,74,0.0,生産総合流速(％)
9,2026-01-07,70.3,0.0,70.3,70.3,70,0.0,生産総合流速(％)
9,2026-01-08,70.3,0.0,70.3,70.3,61,0.0,生産総合流速(％)
9,2026-01-09,70.3,0.0,70.3,70.3,71,0.0,生産総合流速(％)
9,2026-01-10,70.3,0.0,70.3,70.3,60,0.0,生産総合流速(％)
9,2026-01-13,70.3,0.0,70.3,70.3,4,0.0,生産総合流速(％)
9,2026-02-05,70.3,0.0,70.3,70.3,2,0.0,生産総合流速(％)
9,2026-02-06,70.3,0.0,70.3,70.3,57,0.0,生産総合流速(％)
9,2026-02-09,70.3,0.0,70.3,70.3,89,0.0,生産総合流速(％)
9,2026-02-10,70.3,0.0,70.3,70.3,74,0.0,生産総合流速(％)
9,2026-02-12,70.3,0.0,70.3,70.3,68,0.0,生産総合流速(％)
9,2026-02-13,70.3,0.0,70.3,70.3,48,0.0,生産総合流速(％)
9,2026-02-16,70.3,0.0,70.3,70.3,80,0.0,生産総合流速(％)
9,2026-02-17,70.3,0.0,70.3,70.3,71,0.0,生産総合流速(％)
9,2026-02-18,70.3,0.0,70.3,70.3,69,0.0,生産総合流速(％)
9,2026-02-19,70.3,0.0,70.3,70.3,83,0.0,生産総合流速(％)
9,2026-02-20,70.3,0.0,70.3,70.3,60,0.0,生産総合流速(％)
9,2026-02-24,70.3,0.0,70.3,70.3,45,0.0,生産総合流速(％)
9,2026-02-25,70.3,0.0,70.3,70.3,67,0.0,生産総合流速(％)
9,2026-02-26,70.3,0.0,70.3,70.3,91,0.0,生産総合流速(％)
9,2026-02-27,70.3,0.0,70.3,70.3,40,0.0,生産総合流速(％)
9,2026-03-02,70.3,0.0,70.3,70.3,30,0.0,生産総合流速(％)
9,2026-03-03,70.3,0.0,70.3,70.3,40,0.0,生産総合流速(％)
9,2026-03-04,70.3,0.0,70.3,70.3,66,0.0,生産総合流速(％)
9,2026-03-05,70.3,0.0,70.3,70.3,64,0.0,生産総合流速(％)
9,2026-03-06,70.3,0.0,70.3,70.3,50,0.0,生産総合流速(％)
9,2026-03-09,70.3,0.0,70.3,70.3,69,0.0,生産総合流速(％)
9,2026-03-10,70.3,0.0,70.3,70.3,73,0.0,生産総合流速(％)
9,2026-03-11,70.3,0.0,70.3,70.3,61,0.0,生産総合流速(％)
9,2026-03-19,70.3,0.0,70.3,70.3,52,0.0,生産総合流速(％)
9,2026-03-25,70.3,0.0,70.3,70.3,80,0.0,生産総合流速(％)
9,2026-03-26,70.3,0.0,70.3,70.3,50,0.0,生産総合流速(％)
9,2026-03-27,70.3,0.0,70.3,70.3,50,0.0,生産総合流速(％)
9,2026-04-02,70.3,0.0,70.3,70.3,40,0.0,生産総合流速(％)
9,2026-04-03,70.3,0.0,70.3,70.3,50,0.0,生産総合流速(％)
9,2026-04-06,70.3,0.0,70.3,70.3,50,0.0,生産総合流速(％)
9,2026-04-07,70.3,0.0,70.3,70.3,61,0.0,生産総合流速(％)
9,2026-04-08,70.3,0.0,70.3,70.3,50,0.0,生産総合流速(％)
9,2026-04-09,70.3,0.0,70.3,70.3,50,0.0,生産総合流速(％)
9,2026-04-10,70.3,0.0,70.3,70.3,40,0.0,生産総合流速(％)
9,2026-04-15,70.3,0.0,70.3,70.3,31,0.0,生産総合流速(％)
9,2026-04-16,70.3,0.0,70.3,70.3,40,0.0,生産総合流速(％)
9,2026-04-17,70.3,0.0,70.3,70.3,30,0.0,生産総合流速(％)
9,2026-04-20,70.3,0.0,70.3,70.3,49,0.0,生産総合流速(％)
9,2026-04-21,70.3,0.0,70.3,70.3,60,0.0,生産総合流速(％)
10,2026-01-05,62.0,0.0,62.0,62.0,21,0.0,生産総合流速(％)
10,2026-01-06,62.0,0.0,62.0,62.0,21,0.0,生産総合流速(％)
10,2026-01-07,62.0,0.0,62.0,62.0,22,0.0,生産総合流速(％)
10,2026-01-08,62.0,0.0,62.0,62.0,27,0.0,生産総合流速(％)
10,2026-01-09,62.0,0.0,62.0,62.0,21,0.0,生産総合流速(％)
10,2026-01-10,62.0,0.0,62.0,62.0,19,0.0,生産総合流速(％)
10,2026-01-13,62.0,0.0,62.0,62.0,19,0.0,生産総合流速(％)
10,2026-02-06,62.0,0.0,62.0,62.0,15,0.0,生産総合流速(％)
10,2026-02-09,62.0,0.0,62.0,62.0,25,0.0,生産総合流速(％)
10,2026-02-10,62.0,0.0,62.0,62.0,16,0.0,生産総合流速(％)
10,2026-02-12,62.0,0.0,62.0,62.0,13,0.0,生産総合流速(％)
10,2026-02-13,62.0,0.0,62.0,62.0,17,0.0,生産総合流速(％)
10,2026-02-16,62.0,0.0,62.0,62.0,22,0.0,生産総合流速(％)
10,2026-02-17,62.0,0.0,62.0,62.0,21,0.0,生産総合流速(％)
10,2026-02-18,62.0,0.0,62.0,62.0,21,0.0,生産総合流速(％)
10,2026-02-19,62.0,0.0,62.0,62.0,16,0.0,生産総合流速(％)
10,2026-02-20,62.0,0.0,62.0,62.0,10,0.0,生産総合流速(％)
10,2026-02-24,62.0,0.0,62.0,62.0,10,0.0,生産総合流速(％)
10,2026-02-25,62.0,0.0,62.0,62.0,19,0.0,生産総合流速(％)
10,2026-02-26,62.0,0.0,62.0,62.0,14,0.0,生産総合流速(％)
10,2026-02-27,62.0,0.0,62.0,62.0,16,0.0,生産総合流速(％)
10,2026-03-02,62.0,0.0,62.0,62.0,19,0.0,生産総合流速(％)
10,2026-03-03,62.0,0.0,62.0,62.0,17,0.0,生産総合流速(％)
10,2026-03-04,62.0,0.0,62.0,62.0,18,0.0,生産総合流速(％)
10,2026-03-05,62.0,0.0,62.0,62.0,11,0.0,生産総合流速(％)
10,2026-03-06,62.0,0.0,62.0,62.0,16,0.0,生産総合流速(％)
10,2026-03-09,62.0,0.0,62.0,62.0,14,0.0,生産総合流速(％)
10,2026-03-10,62.0,0.0,62.0,62.0,12,0.0,生産総合流速(％)
10,2026-03-11,62.0,0.0,62.0,62.0,20,0.0,生産総合流速(％)
10,2026-03-19,62.0,0.0,62.0,62.0,9,0.0,生産総合流速(％)
10,2026-03-25,62.0,0.0,62.0,62.0,26,0.0,生産総合流速(％)
10,2026-03-26,62.0,0.0,62.0,62.0,24,0.0,生産総合流速(％)
10,2026-03-27,62.0,0.0,62.0,62.0,19,0.0,生産総合流速(％)
10,2026-04-02,62.0,0.0,62.0,62.0,12,0.0,生産総合流速(％)
10,2026-04-03,62.0,0.0,62.0,62.0,11,0.0,生産総合流速(％)
10,2026-04-06,62.0,0.0,62.0,62.0,9,0.0,生産総合流速(％)
10,2026-04-07,62.0,0.0,62.0,62.0,11,0.0,生産総合流速(％)
10,2026-04-08,62.0,0.0,62.0,62.0,13,0.0,生産総合流速(％)
10,2026-04-09,62.0,0.0,62.0,62.0,11,0.0,生産総合流速(％)
10,2026-04-10,62.0,0.0,62.0,62.0,9,0.0,生産総合流速(％)
10,2026-04-15,62.0,0.0,62.0,62.0,9,0.0,生産総合流速(％)
10,2026-04-16,62.0,0.0,62.0,62.0,3,0.0,生産総合流速(％)
10,2026-04-17,62.0,0.0,62.0,62.0,10,0.0,生産総合流速(％)
10,2026-04-20,62.0,0.0,62.0,62.0,11,0.0,生産総合流速(％)
10,2026-04-21,62.0,0.0,62.0,62.0,24,0.0,生産総合流速(％)
13,2026-01-05,100.0,0.0,100.0,100.0,3,0.0,生産総合流速(％)
13,2026-01-06,100.0,0.0,100.0,100.0,6,0.0,生産総合流速(％)
13,2026-01-07,100.0,0.0,100.0,100.0,2,0.0,生産総合流速(％)
13,2026-01-08,100.0,,100.0,100.0,1,0.0,生産総合流速(％)
13,2026-01-09,100.0,0.0,100.0,100.0,5,0.0,生産総合流速(％)
13,2026-01-10,100.0,0.0,100.0,100.0,6,0.0,生産総合流速(％)
13,2026-01-13,100.0,0.0,100.0,100.0,3,0.0,生産総合流速(％)
13,2026-02-06,100.0,0.0,100.0,100.0,3,0.0,生産総合流速(％)
13,2026-02-09,100.0,0.0,100.0,100.0,5,0.0,生産総合流速(％)
13,2026-02-10,100.0,,100.0,100.0,1,0.0,生産総合流速(％)
13,2026-02-12,100.0,0.0,100.0,100.0,2,0.0,生産総合流速(％)
13,2026-02-13,100.0,0.0,100.0,100.0,2,0.0,生産総合流速(％)
13,2026-02-16,100.0,0.0,100.0,100.0,2,0.0,生産総合流速(％)
13,2026-02-17,100.0,0.0,100.0,100.0,4,0.0,生産総合流速(％)
13,2026-02-18,100.0,0.0,100.0,100.0,2,0.0,生産総合流速(％)
13,2026-02-19,100.0,0.0,100.0,100.0,2,0.0,生産総合流速(％)
13,2026-02-20,100.0,0.0,100.0,100.0,2,0.0,生産総合流速(％)
13,2026-02-25,100.0,0.0,100.0,100.0,4,0.0,生産総合流速(％)
13,2026-02-26,100.0,0.0,100.0,100.0,5,0.0,生産総合流速(％)
13,2026-02-27,100.0,0.0,100.0,100.0,4,0.0,生産総合流速(％)
13,2026-03-02,100.0,0.0,100.0,100.0,5,0.0,生産総合流速(％)
13,2026-03-03,100.0,0.0,100.0,100.0,2,0.0,生産総合流速(％)
13,2026-03-04,100.0,0.0,100.0,100.0,4,0.0,生産総合流速(％)
13,2026-03-05,100.0,0.0,100.0,100.0,5,0.0,生産総合流速(％)
13,2026-03-06,100.0,0.0,100.0,100.0,5,0.0,生産総合流速(％)
13,2026-03-09,100.0,0.0,100.0,100.0,2,0.0,生産総合流速(％)
13,2026-03-10,100.0,0.0,100.0,100.0,4,0.0,生産総合流速(％)
13,2026-03-11,100.0,0.0,100.0,100.0,5,0.0,生産総合流速(％)
13,2026-03-19,100.0,0.0,100.0,100.0,2,0.0,生産総合流速(％)
13,2026-03-25,100.0,0.0,100.0,100.0,8,0.0,生産総合流速(％)
13,2026-03-26,100.0,0.0,100.0,100.0,2,0.0,生産総合流速(％)
13,2026-03-27,100.0,0.0,100.0,100.0,3,0.0,生産総合流速(％)
13,2026-04-02,100.0,0.0,100.0,100.0,2,0.0,生産総合流速(％)
13,2026-04-03,100.0,0.0,100.0,100.0,3,0.0,生産総合流速(％)
13,2026-04-06,100.0,,100.0,100.0,1,0.0,生産総合流速(％)
13,2026-04-08,100.0,0.0,100.0,100.0,6,0.0,生産総合流速(％)
13,2026-04-09,100.0,0.0,100.0,100.0,3,0.0,生産総合流速(％)
13,2026-04-10,100.0,0.0,100.0,100.0,2,0.0,生産総合流速(％)
13,2026-04-15,100.0,0.0,100.0,100.0,5,0.0,生産総合流速(％)
13,2026-04-16,100.0,0.0,100.0,100.0,5,0.0,生産総合流速(％)
13,2026-04-17,100.0,0.0,100.0,100.0,4,0.0,生産総合流速(％)
13,2026-04-20,100.0,0.0,100.0,100.0,4,0.0,生産総合流速(％)
13,2026-04-21,100.0,,100.0,100.0,1,0.0,生産総合流速(％)
14,2026-02-17,50.0,0.0,50.0,50.0,10,0.0,生産総合流速(％)
14,2026-02-18,50.0,0.0,50.0,50.0,10,0.0,生産総合流速(％)
14,2026-02-24,50.0,0.0,50.0,50.0,5,0.0,生産総合流速(％)
14,2026-02-25,50.0,0.0,50.0,50.0,29,0.0,生産総合流速(％)
14,2026-02-26,50.0,0.0,50.0,50.0,15,0.0,生産総合流速(％)
14,2026-02-27,50.0,,50.0,50.0,1,0.0,生産総合流速(％)
14,2026-03-02,50.0,0.0,50.0,50.0,9,0.0,生産総合流速(％)
14,2026-03-03,50.0,0.0,50.0,50.0,15,0.0,生産総合流速(％)
14,2026-03-05,50.0,0.0,50.0,50.0,20,0.0,生産総合流速(％)
14,2026-03-06,50.0,0.0,50.0,50.0,10,0.0,生産総合流速(％)
14,2026-03-09,50.0,0.0,50.0,50.0,5,0.0,生産総合流速(％)
14,2026-03-10,50.0,0.0,50.0,50.0,5,0.0,生産総合流速(％)
14,2026-03-11,50.0,0.0,50.0,50.0,6,0.0,生産総合流速(％)
14,2026-03-25,50.0,0.0,50.0,50.0,10,0.0,生産総合流速(％)
14,2026-03-26,50.0,0.0,50.0,50.0,5,0.0,生産総合流速(％)
14,2026-03-27,50.0,0.0,50.0,50.0,5,0.0,生産総合流速(％)
14,2026-04-03,50.0,0.0,50.0,50.0,10,0.0,生産総合流速(％)
14,2026-04-07,50.0,0.0,50.0,50.0,5,0.0,生産総合流速(％)
14,2026-04-08,50.0,0.0,50.0,50.0,5,0.0,生産総合流速(％)
14,2026-04-09,50.0,0.0,50.0,50.0,5,0.0,生産総合流速(％)
14,2026-04-15,50.0,0.0,50.0,50.0,5,0.0,生産総合流速(％)
14,2026-04-16,50.0,0.0,50.0,50.0,10,0.0,生産総合流速(％)
14,2026-04-17,50.0,0.0,50.0,50.0,5,0.0,生産総合流速(％)
14,2026-04-20,50.0,0.0,50.0,50.0,20,0.0,生産総合流速(％)
1,2025-12-26,9.9,0.0,9.9,9.9,31,0.0,生産吐出時間(sec)
1,2026-01-05,9.9,0.0,9.9,9.9,402,0.0,生産吐出時間(sec)
1,2026-01-06,9.9,0.0,9.9,9.9,515,0.0,生産吐出時間(sec)
1,2026-01-07,9.9,0.0,9.9,9.9,548,0.0,生産吐出時間(sec)
1,2026-01-08,9.9,0.0,9.9,9.9,487,0.0,生産吐出時間(sec)
1,2026-01-09,9.9,0.0,9.9,9.9,534,0.0,生産吐出時間(sec)
1,2026-01-10,9.9,0.0,9.9,9.9,496,0.0,生産吐出時間(sec)
1,2026-01-13,9.9,0.0,9.9,9.9,527,0.0,生産吐出時間(sec)
1,2026-02-05,9.9,0.0,9.9,9.9,15,0.0,生産吐出時間(sec)
1,2026-02-06,9.9,0.0,9.9,9.9,370,0.0,生産吐出時間(sec)
1,2026-02-09,9.9,0.0,9.9,9.9,555,0.0,生産吐出時間(sec)
1,2026-02-10,9.9,0.0,9.9,9.9,468,0.0,生産吐出時間(sec)
1,2026-02-12,9.9,0.0,9.9,9.9,449,0.0,生産吐出時間(sec)
1,2026-02-13,9.9,0.0,9.9,9.9,374,0.0,生産吐出時間(sec)
1,2026-02-16,9.9,0.0,9.9,9.9,882,0.0,生産吐出時間(sec)
1,2026-02-17,9.9,0.0,9.9,9.9,462,0.0,生産吐出時間(sec)
1,2026-02-18,9.9,0.0,9.9,9.9,466,0.0,生産吐出時間(sec)
1,2026-02-19,9.9,0.0,9.9,9.9,501,0.0,生産吐出時間(sec)
1,2026-02-20,9.9,0.0,9.9,9.9,383,0.0,生産吐出時間(sec)
1,2026-02-24,9.9,0.0,9.9,9.9,285,0.0,生産吐出時間(sec)
1,2026-02-25,9.9,0.0,9.9,9.9,568,0.0,生産吐出時間(sec)
1,2026-02-26,9.9,0.0,9.9,9.9,435,0.0,生産吐出時間(sec)
1,2026-02-27,9.9,0.0,9.9,9.9,467,0.0,生産吐出時間(sec)
1,2026-03-02,9.9,0.0,9.9,9.9,482,0.0,生産吐出時間(sec)
1,2026-03-03,9.9,0.0,9.9,9.9,455,0.0,生産吐出時間(sec)
1,2026-03-04,9.9,0.0,9.9,9.9,463,0.0,生産吐出時間(sec)
1,2026-03-05,9.9,0.0,9.9,9.9,456,0.0,生産吐出時間(sec)
1,2026-03-06,9.9,0.0,9.9,9.9,470,0.0,生産吐出時間(sec)
1,2026-03-09,9.9,0.0,9.9,9.9,446,0.0,生産吐出時間(sec)
1,2026-03-10,9.9,0.0,9.9,9.9,455,0.0,生産吐出時間(sec)
1,2026-03-11,9.9,0.0,9.9,9.9,479,0.0,生産吐出時間(sec)
1,2026-03-18,9.9,0.0,9.9,9.9,27,0.0,生産吐出時間(sec)
1,2026-03-19,9.9,0.0,9.9,9.9,420,0.0,生産吐出時間(sec)
1,2026-03-24,9.9,0.0,9.9,9.9,56,0.0,生産吐出時間(sec)
1,2026-03-25,9.9,0.0,9.9,9.9,523,0.0,生産吐出時間(sec)
1,2026-03-26,9.9,0.0,9.9,9.9,434,0.0,生産吐出時間(sec)
1,2026-03-27,9.9,0.0,9.9,9.9,458,0.0,生産吐出時間(sec)
1,2026-04-01,9.9,0.0,9.9,9.9,24,0.0,生産吐出時間(sec)
1,2026-04-02,9.9,0.0,9.9,9.9,479,0.0,生産吐出時間(sec)
1,2026-04-03,9.9,0.0,9.9,9.9,444,0.0,生産吐出時間(sec)
1,2026-04-06,9.9,0.0,9.9,9.9,439,0.0,生産吐出時間(sec)
1,2026-04-07,9.9,0.0,9.9,9.9,478,0.0,生産吐出時間(sec)
1,2026-04-08,9.9,0.0,9.9,9.9,439,0.0,生産吐出時間(sec)
1,2026-04-09,9.9,0.0,9.9,9.9,468,0.0,生産吐出時間(sec)
1,2026-04-10,9.9,0.0,9.9,9.9,382,0.0,生産吐出時間(sec)
1,2026-04-14,9.9,0.0,9.9,9.9,32,0.0,生産吐出時間(sec)
1,2026-04-15,9.9,0.0,9.9,9.9,484,0.0,生産吐出時間(sec)
1,2026-04-16,9.9,0.0,9.9,9.9,474,0.0,生産吐出時間(sec)
1,2026-04-17,9.9,0.0,9.9,9.9,469,0.0,生産吐出時間(sec)
1,2026-04-20,9.9,0.0,9.9,9.9,515,0.0,生産吐出時間(sec)
1,2026-04-21,9.9,0.0,9.9,9.9,645,0.0,生産吐出時間(sec)
2,2026-01-05,10.4,0.0,10.4,10.4,42,0.0,生産吐出時間(sec)
2,2026-01-06,10.4,0.0,10.4,10.4,24,0.0,生産吐出時間(sec)
2,2026-01-07,10.4,0.0,10.4,10.4,16,0.0,生産吐出時間(sec)
2,2026-01-08,10.4,0.0,10.4,10.4,31,0.0,生産吐出時間(sec)
2,2026-01-09,10.4,0.0,10.4,10.4,15,0.0,生産吐出時間(sec)
2,2026-01-10,10.400000000000002,0.0,10.4,10.4,13,0.0,生産吐出時間(sec)
2,2026-01-13,10.4,0.0,10.4,10.4,24,0.0,生産吐出時間(sec)
2,2026-02-06,10.4,0.0,10.4,10.4,32,0.0,生産吐出時間(sec)
2,2026-02-09,10.4,0.0,10.4,10.4,28,0.0,生産吐出時間(sec)
2,2026-02-10,10.4,0.0,10.4,10.4,18,0.0,生産吐出時間(sec)
2,2026-02-12,10.4,0.0,10.4,10.4,29,0.0,生産吐出時間(sec)
2,2026-02-13,10.4,0.0,10.4,10.4,18,0.0,生産吐出時間(sec)
2,2026-02-16,10.4,0.0,10.4,10.4,56,0.0,生産吐出時間(sec)
2,2026-02-17,10.4,0.0,10.4,10.4,31,0.0,生産吐出時間(sec)
2,2026-02-18,10.4,0.0,10.4,10.4,15,0.0,生産吐出時間(sec)
2,2026-02-19,10.4,0.0,10.4,10.4,19,0.0,生産吐出時間(sec)
2,2026-02-20,10.4,0.0,10.4,10.4,15,0.0,生産吐出時間(sec)
2,2026-02-24,10.4,0.0,10.4,10.4,21,0.0,生産吐出時間(sec)
2,2026-02-25,10.4,0.0,10.4,10.4,61,0.0,生産吐出時間(sec)
2,2026-02-26,10.4,0.0,10.4,10.4,17,0.0,生産吐出時間(sec)
2,2026-02-27,10.4,0.0,10.4,10.4,23,0.0,生産吐出時間(sec)
2,2026-03-02,10.4,0.0,10.4,10.4,11,0.0,生産吐出時間(sec)
2,2026-03-03,10.400000000000002,0.0,10.4,10.4,26,0.0,生産吐出時間(sec)
2,2026-03-04,10.4,0.0,10.4,10.4,22,0.0,生産吐出時間(sec)
2,2026-03-05,10.4,0.0,10.4,10.4,18,0.0,生産吐出時間(sec)
2,2026-03-06,10.4,0.0,10.4,10.4,12,0.0,生産吐出時間(sec)
2,2026-03-09,10.4,0.0,10.4,10.4,19,0.0,生産吐出時間(sec)
2,2026-03-10,10.4,0.0,10.4,10.4,19,0.0,生産吐出時間(sec)
2,2026-03-11,10.4,0.0,10.4,10.4,14,0.0,生産吐出時間(sec)
2,2026-03-19,10.4,0.0,10.4,10.4,17,0.0,生産吐出時間(sec)
2,2026-03-25,10.4,0.0,10.4,10.4,42,0.0,生産吐出時間(sec)
2,2026-03-26,10.4,0.0,10.4,10.4,12,0.0,生産吐出時間(sec)
2,2026-03-27,10.4,0.0,10.4,10.4,17,0.0,生産吐出時間(sec)
2,2026-04-02,10.4,0.0,10.4,10.4,15,0.0,生産吐出時間(sec)
2,2026-04-03,10.4,0.0,10.4,10.4,19,0.0,生産吐出時間(sec)
2,2026-04-06,10.400000000000002,0.0,10.4,10.4,13,0.0,生産吐出時間(sec)
2,2026-04-07,10.4,0.0,10.4,10.4,17,0.0,生産吐出時間(sec)
2,2026-04-08,10.4,0.0,10.4,10.4,27,0.0,生産吐出時間(sec)
2,2026-04-09,10.4,0.0,10.4,10.4,19,0.0,生産吐出時間(sec)
2,2026-04-10,10.4,0.0,10.4,10.4,14,0.0,生産吐出時間(sec)
2,2026-04-15,10.4,0.0,10.4,10.4,17,0.0,生産吐出時間(sec)
2,2026-04-16,10.400000000000002,0.0,10.4,10.4,13,0.0,生産吐出時間(sec)
2,2026-04-17,10.4,0.0,10.4,10.4,19,0.0,生産吐出時間(sec)
2,2026-04-20,10.4,0.0,10.4,10.4,12,0.0,生産吐出時間(sec)
2,2026-04-21,10.4,0.0,10.4,10.4,30,0.0,生産吐出時間(sec)
3,2026-01-05,8.5,0.0,8.5,8.5,6,0.0,生産吐出時間(sec)
3,2026-01-06,8.5,0.0,8.5,8.5,4,0.0,生産吐出時間(sec)
3,2026-01-07,8.5,0.0,8.5,8.5,6,0.0,生産吐出時間(sec)
3,2026-01-08,8.5,0.0,8.5,8.5,6,0.0,生産吐出時間(sec)
3,2026-01-09,8.5,0.0,8.5,8.5,5,0.0,生産吐出時間(sec)
3,2026-01-10,8.5,0.0,8.5,8.5,3,0.0,生産吐出時間(sec)
3,2026-01-13,8.5,0.0,8.5,8.5,2,0.0,生産吐出時間(sec)
3,2026-02-12,8.5,0.0,8.5,8.5,4,0.0,生産吐出時間(sec)
3,2026-02-13,8.5,0.0,8.5,8.5,3,0.0,生産吐出時間(sec)
3,2026-02-16,8.5,0.0,8.5,8.5,10,0.0,生産吐出時間(sec)
3,2026-02-17,8.5,0.0,8.5,8.5,5,0.0,生産吐出時間(sec)
3,2026-02-18,8.5,0.0,8.5,8.5,9,0.0,生産吐出時間(sec)
3,2026-04-02,8.5,0.0,8.5,8.5,4,0.0,生産吐出時間(sec)
3,2026-04-03,8.5,,8.5,8.5,1,0.0,生産吐出時間(sec)
6,2025-12-26,5.0,0.0,5.0,5.0,13,0.0,生産吐出時間(sec)
6,2026-01-05,5.0,0.0,5.0,5.0,76,0.0,生産吐出時間(sec)
6,2026-01-06,5.0,0.0,5.0,5.0,69,0.0,生産吐出時間(sec)
6,2026-01-07,5.0,0.0,5.0,5.0,78,0.0,生産吐出時間(sec)
6,2026-01-08,5.0,0.0,5.0,5.0,61,0.0,生産吐出時間(sec)
6,2026-01-09,5.0,0.0,5.0,5.0,66,0.0,生産吐出時間(sec)
6,2026-01-10,5.0,0.0,5.0,5.0,60,0.0,生産吐出時間(sec)
6,2026-01-13,5.0,0.0,5.0,5.0,62,0.0,生産吐出時間(sec)
6,2026-02-06,5.0,0.0,5.0,5.0,78,0.0,生産吐出時間(sec)
6,2026-02-09,5.0,0.0,5.0,5.0,122,0.0,生産吐出時間(sec)
6,2026-02-10,5.0,0.0,5.0,5.0,80,0.0,生産吐出時間(sec)
6,2026-02-12,5.0,0.0,5.0,5.0,87,0.0,生産吐出時間(sec)
6,2026-02-13,5.0,0.0,5.0,5.0,88,0.0,生産吐出時間(sec)
6,2026-02-16,5.0,0.0,5.0,5.0,146,0.0,生産吐出時間(sec)
6,2026-02-17,5.0,0.0,5.0,5.0,68,0.0,生産吐出時間(sec)
6,2026-02-18,5.0,0.0,5.0,5.0,78,0.0,生産吐出時間(sec)
6,2026-02-19,5.0,0.0,5.0,5.0,67,0.0,生産吐出時間(sec)
6,2026-02-20,5.0,0.0,5.0,5.0,79,0.0,生産吐出時間(sec)
6,2026-02-24,5.0,0.0,5.0,5.0,36,0.0,生産吐出時間(sec)
6,2026-02-25,5.0,0.0,5.0,5.0,94,0.0,生産吐出時間(sec)
6,2026-02-26,5.0,0.0,5.0,5.0,66,0.0,生産吐出時間(sec)
6,2026-02-27,5.0,0.0,5.0,5.0,51,0.0,生産吐出時間(sec)
6,2026-03-02,5.0,0.0,5.0,5.0,49,0.0,生産吐出時間(sec)
6,2026-03-03,5.0,0.0,5.0,5.0,64,0.0,生産吐出時間(sec)
6,2026-03-04,5.0,0.0,5.0,5.0,45,0.0,生産吐出時間(sec)
6,2026-03-05,5.0,0.0,5.0,5.0,50,0.0,生産吐出時間(sec)
6,2026-03-06,5.0,0.0,5.0,5.0,41,0.0,生産吐出時間(sec)
6,2026-03-09,5.0,0.0,5.0,5.0,40,0.0,生産吐出時間(sec)
6,2026-03-10,5.0,0.0,5.0,5.0,34,0.0,生産吐出時間(sec)
6,2026-03-11,5.0,0.0,5.0,5.0,44,0.0,生産吐出時間(sec)
6,2026-03-19,5.0,0.0,5.0,5.0,55,0.0,生産吐出時間(sec)
6,2026-03-25,5.0,0.0,5.0,5.0,66,0.0,生産吐出時間(sec)
6,2026-03-26,5.0,0.0,5.0,5.0,50,0.0,生産吐出時間(sec)
6,2026-03-27,5.0,0.0,5.0,5.0,49,0.0,生産吐出時間(sec)
6,2026-04-02,5.0,0.0,5.0,5.0,63,0.0,生産吐出時間(sec)
6,2026-04-03,5.0,0.0,5.0,5.0,70,0.0,生産吐出時間(sec)
6,2026-04-06,5.0,0.0,5.0,5.0,40,0.0,生産吐出時間(sec)
6,2026-04-07,5.0,0.0,5.0,5.0,55,0.0,生産吐出時間(sec)
6,2026-04-08,5.0,0.0,5.0,5.0,38,0.0,生産吐出時間(sec)
6,2026-04-09,5.0,0.0,5.0,5.0,63,0.0,生産吐出時間(sec)
6,2026-04-10,5.0,0.0,5.0,5.0,31,0.0,生産吐出時間(sec)
6,2026-04-15,5.0,0.0,5.0,5.0,65,0.0,生産吐出時間(sec)
6,2026-04-16,5.0,0.0,5.0,5.0,56,0.0,生産吐出時間(sec)
6,2026-04-17,5.0,0.0,5.0,5.0,45,0.0,生産吐出時間(sec)
6,2026-04-20,5.0,0.0,5.0,5.0,59,0.0,生産吐出時間(sec)
6,2026-04-21,5.0,0.0,5.0,5.0,101,0.0,生産吐出時間(sec)
7,2025-12-26,9.7,0.0,9.7,9.7,9,0.0,生産吐出時間(sec)
7,2026-01-05,9.7,0.0,9.7,9.7,141,0.0,生産吐出時間(sec)
7,2026-01-06,9.7,0.0,9.7,9.7,79,0.0,生産吐出時間(sec)
7,2026-01-07,9.7,0.0,9.7,9.7,131,0.0,生産吐出時間(sec)
7,2026-01-08,9.7,0.0,9.7,9.7,140,0.0,生産吐出時間(sec)
7,2026-01-09,9.7,0.0,9.7,9.7,121,0.0,生産吐出時間(sec)
7,2026-01-10,9.7,0.0,9.7,9.7,120,0.0,生産吐出時間(sec)
7,2026-01-13,9.7,0.0,9.7,9.7,30,0.0,生産吐出時間(sec)
7,2026-02-05,9.7,0.0,9.7,9.7,19,0.0,生産吐出時間(sec)
7,2026-02-06,9.7,0.0,9.7,9.7,54,0.0,生産吐出時間(sec)
7,2026-02-09,9.7,0.0,9.7,9.7,142,0.0,生産吐出時間(sec)
7,2026-02-10,9.7,0.0,9.7,9.7,91,0.0,生産吐出時間(sec)
7,2026-02-12,9.7,0.0,9.7,9.7,72,0.0,生産吐出時間(sec)
7,2026-02-13,9.7,0.0,9.7,9.7,69,0.0,生産吐出時間(sec)
7,2026-02-16,9.7,0.0,9.7,9.7,198,0.0,生産吐出時間(sec)
7,2026-02-17,9.7,0.0,9.7,9.7,86,0.0,生産吐出時間(sec)
7,2026-02-18,9.7,0.0,9.7,9.7,57,0.0,生産吐出時間(sec)
7,2026-02-19,9.7,0.0,9.7,9.7,171,0.0,生産吐出時間(sec)
7,2026-02-20,9.7,0.0,9.7,9.7,129,0.0,生産吐出時間(sec)
7,2026-02-24,9.7,0.0,9.7,9.7,121,0.0,生産吐出時間(sec)
7,2026-02-25,9.7,0.0,9.7,9.7,144,0.0,生産吐出時間(sec)
7,2026-02-26,9.7,0.0,9.7,9.7,95,0.0,生産吐出時間(sec)
7,2026-02-27,9.7,0.0,9.7,9.7,71,0.0,生産吐出時間(sec)
7,2026-03-02,9.699999999999998,0.0,9.7,9.7,111,0.0,生産吐出時間(sec)
7,2026-03-03,9.7,0.0,9.7,9.7,108,0.0,生産吐出時間(sec)
7,2026-03-04,9.7,0.0,9.7,9.7,102,0.0,生産吐出時間(sec)
7,2026-03-05,9.7,0.0,9.7,9.7,102,0.0,生産吐出時間(sec)
7,2026-03-06,9.7,0.0,9.7,9.7,90,0.0,生産吐出時間(sec)
7,2026-03-09,9.7,0.0,9.7,9.7,120,0.0,生産吐出時間(sec)
7,2026-03-10,9.7,0.0,9.7,9.7,70,0.0,生産吐出時間(sec)
7,2026-03-11,9.7,0.0,9.7,9.7,90,0.0,生産吐出時間(sec)
7,2026-03-18,9.7,0.0,9.7,9.7,3,0.0,生産吐出時間(sec)
7,2026-03-19,9.7,0.0,9.7,9.7,77,0.0,生産吐出時間(sec)
7,2026-03-24,9.7,0.0,9.7,9.7,12,0.0,生産吐出時間(sec)
7,2026-03-25,9.7,0.0,9.7,9.7,152,0.0,生産吐出時間(sec)
7,2026-03-26,9.7,0.0,9.7,9.7,67,0.0,生産吐出時間(sec)
7,2026-03-27,9.7,0.0,9.7,9.7,110,0.0,生産吐出時間(sec)
7,2026-04-02,9.7,0.0,9.7,9.7,80,0.0,生産吐出時間(sec)
7,2026-04-03,9.7,0.0,9.7,9.7,79,0.0,生産吐出時間(sec)
7,2026-04-06,9.7,0.0,9.7,9.7,59,0.0,生産吐出時間(sec)
7,2026-04-07,9.7,0.0,9.7,9.7,62,0.0,生産吐出時間(sec)
7,2026-04-08,9.7,0.0,9.7,9.7,70,0.0,生産吐出時間(sec)
7,2026-04-09,9.7,0.0,9.7,9.7,60,0.0,生産吐出時間(sec)
7,2026-04-10,9.7,0.0,9.7,9.7,56,0.0,生産吐出時間(sec)
7,2026-04-15,9.7,0.0,9.7,9.7,61,0.0,生産吐出時間(sec)
7,2026-04-16,9.7,0.0,9.7,9.7,66,0.0,生産吐出時間(sec)
7,2026-04-17,9.7,0.0,9.7,9.7,60,0.0,生産吐出時間(sec)
7,2026-04-20,9.7,0.0,9.7,9.7,49,0.0,生産吐出時間(sec)
7,2026-04-21,9.7,0.0,9.7,9.7,79,0.0,生産吐出時間(sec)
8,2026-01-05,8.0,0.0,8.0,8.0,122,0.0,生産吐出時間(sec)
8,2026-01-06,8.0,0.0,8.0,8.0,114,0.0,生産吐出時間(sec)
8,2026-01-07,8.0,0.0,8.0,8.0,153,0.0,生産吐出時間(sec)
8,2026-01-08,8.0,0.0,8.0,8.0,120,0.0,生産吐出時間(sec)
8,2026-01-09,8.0,0.0,8.0,8.0,97,0.0,生産吐出時間(sec)
8,2026-01-10,8.0,0.0,8.0,8.0,104,0.0,生産吐出時間(sec)
8,2026-01-13,8.0,0.0,8.0,8.0,27,0.0,生産吐出時間(sec)
8,2026-02-05,8.0,0.0,8.0,8.0,20,0.0,生産吐出時間(sec)
8,2026-02-06,8.0,0.0,8.0,8.0,80,0.0,生産吐出時間(sec)
8,2026-02-09,8.0,0.0,8.0,8.0,122,0.0,生産吐出時間(sec)
8,2026-02-10,8.0,0.0,8.0,8.0,104,0.0,生産吐出時間(sec)
8,2026-02-12,8.0,0.0,8.0,8.0,152,0.0,生産吐出時間(sec)
8,2026-02-13,8.0,0.0,8.0,8.0,121,0.0,生産吐出時間(sec)
8,2026-02-16,8.0,0.0,8.0,8.0,162,0.0,生産吐出時間(sec)
8,2026-02-17,8.0,0.0,8.0,8.0,114,0.0,生産吐出時間(sec)
8,2026-02-18,8.0,0.0,8.0,8.0,73,0.0,生産吐出時間(sec)
8,2026-02-19,8.0,0.0,8.0,8.0,160,0.0,生産吐出時間(sec)
8,2026-02-20,8.0,0.0,8.0,8.0,72,0.0,生産吐出時間(sec)
8,2026-02-24,8.0,0.0,8.0,8.0,101,0.0,生産吐出時間(sec)
8,2026-02-25,8.0,0.0,8.0,8.0,124,0.0,生産吐出時間(sec)
8,2026-02-26,8.0,0.0,8.0,8.0,86,0.0,生産吐出時間(sec)
8,2026-02-27,8.0,0.0,8.0,8.0,94,0.0,生産吐出時間(sec)
8,2026-03-02,8.0,0.0,8.0,8.0,80,0.0,生産吐出時間(sec)
8,2026-03-03,8.0,0.0,8.0,8.0,100,0.0,生産吐出時間(sec)
8,2026-03-04,8.0,0.0,8.0,8.0,90,0.0,生産吐出時間(sec)
8,2026-03-05,8.0,0.0,8.0,8.0,100,0.0,生産吐出時間(sec)
8,2026-03-06,8.0,0.0,8.0,8.0,51,0.0,生産吐出時間(sec)
8,2026-03-09,8.0,0.0,8.0,8.0,112,0.0,生産吐出時間(sec)
8,2026-03-10,8.0,0.0,8.0,8.0,102,0.0,生産吐出時間(sec)
8,2026-03-11,8.0,0.0,8.0,8.0,60,0.0,生産吐出時間(sec)
8,2026-03-18,8.0,0.0,8.0,8.0,28,0.0,生産吐出時間(sec)
8,2026-03-19,8.0,0.0,8.0,8.0,80,0.0,生産吐出時間(sec)
8,2026-03-24,8.0,0.0,8.0,8.0,40,0.0,生産吐出時間(sec)
8,2026-03-25,8.0,0.0,8.0,8.0,191,0.0,生産吐出時間(sec)
8,2026-03-26,8.0,0.0,8.0,8.0,113,0.0,生産吐出時間(sec)
8,2026-03-27,8.0,0.0,8.0,8.0,90,0.0,生産吐出時間(sec)
8,2026-04-02,8.0,0.0,8.0,8.0,60,0.0,生産吐出時間(sec)
8,2026-04-03,8.0,0.0,8.0,8.0,76,0.0,生産吐出時間(sec)
8,2026-04-06,8.0,0.0,8.0,8.0,95,0.0,生産吐出時間(sec)
8,2026-04-07,8.0,0.0,8.0,8.0,60,0.0,生産吐出時間(sec)
8,2026-04-08,8.0,0.0,8.0,8.0,61,0.0,生産吐出時間(sec)
8,2026-04-09,8.0,0.0,8.0,8.0,78,0.0,生産吐出時間(sec)
8,2026-04-10,8.0,0.0,8.0,8.0,42,0.0,生産吐出時間(sec)
8,2026-04-15,8.0,0.0,8.0,8.0,60,0.0,生産吐出時間(sec)
8,2026-04-16,8.0,0.0,8.0,8.0,90,0.0,生産吐出時間(sec)
8,2026-04-17,8.0,0.0,8.0,8.0,104,0.0,生産吐出時間(sec)
8,2026-04-20,8.0,0.0,8.0,8.0,116,0.0,生産吐出時間(sec)
8,2026-04-21,8.0,0.0,8.0,8.0,190,0.0,生産吐出時間(sec)
9,2026-01-05,7.4,0.0,7.4,7.4,40,0.0,生産吐出時間(sec)
9,2026-01-06,7.4,0.0,7.4,7.4,74,0.0,生産吐出時間(sec)
9,2026-01-07,7.4,0.0,7.4,7.4,70,0.0,生産吐出時間(sec)
9,2026-01-08,7.4,0.0,7.4,7.4,61,0.0,生産吐出時間(sec)
9,2026-01-09,7.3999999999999995,0.0,7.4,7.4,71,0.0,生産吐出時間(sec)
9,2026-01-10,7.4,0.0,7.4,7.4,60,0.0,生産吐出時間(sec)
9,2026-01-13,7.4,0.0,7.4,7.4,4,0.0,生産吐出時間(sec)
9,2026-02-05,7.4,0.0,7.4,7.4,2,0.0,生産吐出時間(sec)
9,2026-02-06,7.4,0.0,7.4,7.4,57,0.0,生産吐出時間(sec)
9,2026-02-09,7.4,0.0,7.4,7.4,89,0.0,生産吐出時間(sec)
9,2026-02-10,7.4,0.0,7.4,7.4,74,0.0,生産吐出時間(sec)
9,2026-02-12,7.4,0.0,7.4,7.4,68,0.0,生産吐出時間(sec)
9,2026-02-13,7.400000000000001,0.0,7.4,7.4,48,0.0,生産吐出時間(sec)
9,2026-02-16,7.4,0.0,7.4,7.4,80,0.0,生産吐出時間(sec)
9,2026-02-17,7.3999999999999995,0.0,7.4,7.4,71,0.0,生産吐出時間(sec)
9,2026-02-18,7.4,0.0,7.4,7.4,69,0.0,生産吐出時間(sec)
9,2026-02-19,7.4,0.0,7.4,7.4,83,0.0,生産吐出時間(sec)
9,2026-02-20,7.4,0.0,7.4,7.4,60,0.0,生産吐出時間(sec)
9,2026-02-24,7.4,0.0,7.4,7.4,45,0.0,生産吐出時間(sec)
9,2026-02-25,7.4,0.0,7.4,7.4,67,0.0,生産吐出時間(sec)
9,2026-02-26,7.3999999999999995,0.0,7.4,7.4,91,0.0,生産吐出時間(sec)
9,2026-02-27,7.4,0.0,7.4,7.4,40,0.0,生産吐出時間(sec)
9,2026-03-02,7.4,0.0,7.4,7.4,30,0.0,生産吐出時間(sec)
9,2026-03-03,7.4,0.0,7.4,7.4,40,0.0,生産吐出時間(sec)
9,2026-03-04,7.4,0.0,7.4,7.4,66,0.0,生産吐出時間(sec)
9,2026-03-05,7.4,0.0,7.4,7.4,64,0.0,生産吐出時間(sec)
9,2026-03-06,7.4,0.0,7.4,7.4,50,0.0,生産吐出時間(sec)
9,2026-03-09,7.4,0.0,7.4,7.4,69,0.0,生産吐出時間(sec)
9,2026-03-10,7.4,0.0,7.4,7.4,73,0.0,生産吐出時間(sec)
9,2026-03-11,7.4,0.0,7.4,7.4,61,0.0,生産吐出時間(sec)
9,2026-03-19,7.4,0.0,7.4,7.4,52,0.0,生産吐出時間(sec)
9,2026-03-25,7.4,0.0,7.4,7.4,80,0.0,生産吐出時間(sec)
9,2026-03-26,7.4,0.0,7.4,7.4,50,0.0,生産吐出時間(sec)
9,2026-03-27,7.4,0.0,7.4,7.4,50,0.0,生産吐出時間(sec)
9,2026-04-02,7.4,0.0,7.4,7.4,40,0.0,生産吐出時間(sec)
9,2026-04-03,7.4,0.0,7.4,7.4,50,0.0,生産吐出時間(sec)
9,2026-04-06,7.4,0.0,7.4,7.4,50,0.0,生産吐出時間(sec)
9,2026-04-07,7.4,0.0,7.4,7.4,61,0.0,生産吐出時間(sec)
9,2026-04-08,7.4,0.0,7.4,7.4,50,0.0,生産吐出時間(sec)
9,2026-04-09,7.4,0.0,7.4,7.4,50,0.0,生産吐出時間(sec)
9,2026-04-10,7.4,0.0,7.4,7.4,40,0.0,生産吐出時間(sec)
9,2026-04-15,7.4,0.0,7.4,7.4,31,0.0,生産吐出時間(sec)
9,2026-04-16,7.4,0.0,7.4,7.4,40,0.0,生産吐出時間(sec)
9,2026-04-17,7.4,0.0,7.4,7.4,30,0.0,生産吐出時間(sec)
9,2026-04-20,7.4,0.0,7.4,7.4,49,0.0,生産吐出時間(sec)
9,2026-04-21,7.4,0.0,7.4,7.4,60,0.0,生産吐出時間(sec)
10,2026-01-05,5.3,0.0,5.3,5.3,21,0.0,生産吐出時間(sec)
10,2026-01-06,5.3,0.0,5.3,5.3,21,0.0,生産吐出時間(sec)
10,2026-01-07,5.3,0.0,5.3,5.3,22,0.0,生産吐出時間(sec)
10,2026-01-08,5.3,0.0,5.3,5.3,27,0.0,生産吐出時間(sec)
10,2026-01-09,5.3,0.0,5.3,5.3,21,0.0,生産吐出時間(sec)
10,2026-01-10,5.3,0.0,5.3,5.3,19,0.0,生産吐出時間(sec)
10,2026-01-13,5.3,0.0,5.3,5.3,19,0.0,生産吐出時間(sec)
10,2026-02-06,5.3,0.0,5.3,5.3,15,0.0,生産吐出時間(sec)
10,2026-02-09,5.3,0.0,5.3,5.3,25,0.0,生産吐出時間(sec)
10,2026-02-10,5.3,0.0,5.3,5.3,16,0.0,生産吐出時間(sec)
10,2026-02-12,5.299999999999999,0.0,5.3,5.3,13,0.0,生産吐出時間(sec)
10,2026-02-13,5.3,0.0,5.3,5.3,17,0.0,生産吐出時間(sec)
10,2026-02-16,5.3,0.0,5.3,5.3,22,0.0,生産吐出時間(sec)
10,2026-02-17,5.3,0.0,5.3,5.3,21,0.0,生産吐出時間(sec)
10,2026-02-18,5.3,0.0,5.3,5.3,21,0.0,生産吐出時間(sec)
10,2026-02-19,5.3,0.0,5.3,5.3,16,0.0,生産吐出時間(sec)
10,2026-02-20,5.3,0.0,5.3,5.3,10,0.0,生産吐出時間(sec)
10,2026-02-24,5.3,0.0,5.3,5.3,10,0.0,生産吐出時間(sec)
10,2026-02-25,5.3,0.0,5.3,5.3,19,0.0,生産吐出時間(sec)
10,2026-02-26,5.3,0.0,5.3,5.3,14,0.0,生産吐出時間(sec)
10,2026-02-27,5.3,0.0,5.3,5.3,16,0.0,生産吐出時間(sec)
10,2026-03-02,5.3,0.0,5.3,5.3,19,0.0,生産吐出時間(sec)
10,2026-03-03,5.3,0.0,5.3,5.3,17,0.0,生産吐出時間(sec)
10,2026-03-04,5.3,0.0,5.3,5.3,18,0.0,生産吐出時間(sec)
10,2026-03-05,5.3,0.0,5.3,5.3,11,0.0,生産吐出時間(sec)
10,2026-03-06,5.3,0.0,5.3,5.3,16,0.0,生産吐出時間(sec)
10,2026-03-09,5.3,0.0,5.3,5.3,14,0.0,生産吐出時間(sec)
10,2026-03-10,5.3,0.0,5.3,5.3,12,0.0,生産吐出時間(sec)
10,2026-03-11,5.3,0.0,5.3,5.3,20,0.0,生産吐出時間(sec)
10,2026-03-19,5.3,0.0,5.3,5.3,9,0.0,生産吐出時間(sec)
10,2026-03-25,5.299999999999999,0.0,5.3,5.3,26,0.0,生産吐出時間(sec)
10,2026-03-26,5.3,0.0,5.3,5.3,24,0.0,生産吐出時間(sec)
10,2026-03-27,5.3,0.0,5.3,5.3,19,0.0,生産吐出時間(sec)
10,2026-04-02,5.3,0.0,5.3,5.3,12,0.0,生産吐出時間(sec)
10,2026-04-03,5.3,0.0,5.3,5.3,11,0.0,生産吐出時間(sec)
10,2026-04-06,5.3,0.0,5.3,5.3,9,0.0,生産吐出時間(sec)
10,2026-04-07,5.3,0.0,5.3,5.3,11,0.0,生産吐出時間(sec)
10,2026-04-08,5.299999999999999,0.0,5.3,5.3,13,0.0,生産吐出時間(sec)
10,2026-04-09,5.3,0.0,5.3,5.3,11,0.0,生産吐出時間(sec)
10,2026-04-10,5.3,0.0,5.3,5.3,9,0.0,生産吐出時間(sec)
10,2026-04-15,5.3,0.0,5.3,5.3,9,0.0,生産吐出時間(sec)
10,2026-04-16,5.3,0.0,5.3,5.3,3,0.0,生産吐出時間(sec)
10,2026-04-17,5.3,0.0,5.3,5.3,10,0.0,生産吐出時間(sec)
10,2026-04-20,5.3,0.0,5.3,5.3,11,0.0,生産吐出時間(sec)
10,2026-04-21,5.3,0.0,5.3,5.3,24,0.0,生産吐出時間(sec)
13,2026-01-05,10.1,0.0,10.1,10.1,3,0.0,生産吐出時間(sec)
13,2026-01-06,10.1,0.0,10.1,10.1,6,0.0,生産吐出時間(sec)
13,2026-01-07,10.1,0.0,10.1,10.1,2,0.0,生産吐出時間(sec)
13,2026-01-08,10.1,,10.1,10.1,1,0.0,生産吐出時間(sec)
13,2026-01-09,10.1,0.0,10.1,10.1,5,0.0,生産吐出時間(sec)
13,2026-01-10,10.1,0.0,10.1,10.1,6,0.0,生産吐出時間(sec)
13,2026-01-13,10.1,0.0,10.1,10.1,3,0.0,生産吐出時間(sec)
13,2026-02-06,10.1,0.0,10.1,10.1,3,0.0,生産吐出時間(sec)
13,2026-02-09,10.1,0.0,10.1,10.1,5,0.0,生産吐出時間(sec)
13,2026-02-10,10.1,,10.1,10.1,1,0.0,生産吐出時間(sec)
13,2026-02-12,10.1,0.0,10.1,10.1,2,0.0,生産吐出時間(sec)
13,2026-02-13,10.1,0.0,10.1,10.1,2,0.0,生産吐出時間(sec)
13,2026-02-16,10.1,0.0,10.1,10.1,2,0.0,生産吐出時間(sec)
13,2026-02-17,10.1,0.0,10.1,10.1,4,0.0,生産吐出時間(sec)
13,2026-02-18,10.1,0.0,10.1,10.1,2,0.0,生産吐出時間(sec)
13,2026-02-19,10.1,0.0,10.1,10.1,2,0.0,生産吐出時間(sec)
13,2026-02-20,10.1,0.0,10.1,10.1,2,0.0,生産吐出時間(sec)
13,2026-02-25,10.1,0.0,10.1,10.1,4,0.0,生産吐出時間(sec)
13,2026-02-26,10.1,0.0,10.1,10.1,5,0.0,生産吐出時間(sec)
13,2026-02-27,10.1,0.0,10.1,10.1,4,0.0,生産吐出時間(sec)
13,2026-03-02,10.1,0.0,10.1,10.1,5,0.0,生産吐出時間(sec)
13,2026-03-03,10.1,0.0,10.1,10.1,2,0.0,生産吐出時間(sec)
13,2026-03-04,10.1,0.0,10.1,10.1,4,0.0,生産吐出時間(sec)
13,2026-03-05,10.1,0.0,10.1,10.1,5,0.0,生産吐出時間(sec)
13,2026-03-06,10.1,0.0,10.1,10.1,5,0.0,生産吐出時間(sec)
13,2026-03-09,10.1,0.0,10.1,10.1,2,0.0,生産吐出時間(sec)
13,2026-03-10,10.1,0.0,10.1,10.1,4,0.0,生産吐出時間(sec)
13,2026-03-11,10.1,0.0,10.1,10.1,5,0.0,生産吐出時間(sec)
13,2026-03-19,10.1,0.0,10.1,10.1,2,0.0,生産吐出時間(sec)
13,2026-03-25,10.1,0.0,10.1,10.1,8,0.0,生産吐出時間(sec)
13,2026-03-26,10.1,0.0,10.1,10.1,2,0.0,生産吐出時間(sec)
13,2026-03-27,10.1,0.0,10.1,10.1,3,0.0,生産吐出時間(sec)
13,2026-04-02,10.1,0.0,10.1,10.1,2,0.0,生産吐出時間(sec)
13,2026-04-03,10.1,0.0,10.1,10.1,3,0.0,生産吐出時間(sec)
13,2026-04-06,10.1,,10.1,10.1,1,0.0,生産吐出時間(sec)
13,2026-04-08,10.1,0.0,10.1,10.1,6,0.0,生産吐出時間(sec)
13,2026-04-09,10.1,0.0,10.1,10.1,3,0.0,生産吐出時間(sec)
13,2026-04-10,10.1,0.0,10.1,10.1,2,0.0,生産吐出時間(sec)
13,2026-04-15,10.1,0.0,10.1,10.1,5,0.0,生産吐出時間(sec)
13,2026-04-16,10.1,0.0,10.1,10.1,5,0.0,生産吐出時間(sec)
13,2026-04-17,10.1,0.0,10.1,10.1,4,0.0,生産吐出時間(sec)
13,2026-04-20,10.1,0.0,10.1,10.1,4,0.0,生産吐出時間(sec)
13,2026-04-21,10.1,,10.1,10.1,1,0.0,生産吐出時間(sec)
14,2026-02-17,5.0,0.0,5.0,5.0,10,0.0,生産吐出時間(sec)
14,2026-02-18,5.0,0.0,5.0,5.0,10,0.0,生産吐出時間(sec)
14,2026-02-24,5.0,0.0,5.0,5.0,5,0.0,生産吐出時間(sec)
14,2026-02-25,5.0,0.0,5.0,5.0,29,0.0,生産吐出時間(sec)
14,2026-02-26,5.0,0.0,5.0,5.0,15,0.0,生産吐出時間(sec)
14,2026-02-27,5.0,,5.0,5.0,1,0.0,生産吐出時間(sec)
14,2026-03-02,5.0,0.0,5.0,5.0,9,0.0,生産吐出時間(sec)
14,2026-03-03,5.0,0.0,5.0,5.0,15,0.0,生産吐出時間(sec)
14,2026-03-05,5.0,0.0,5.0,5.0,20,0.0,生産吐出時間(sec)
14,2026-03-06,5.0,0.0,5.0,5.0,10,0.0,生産吐出時間(sec)
14,2026-03-09,5.0,0.0,5.0,5.0,5,0.0,生産吐出時間(sec)
14,2026-03-10,5.0,0.0,5.0,5.0,5,0.0,生産吐出時間(sec)
14,2026-03-11,5.0,0.0,5.0,5.0,6,0.0,生産吐出時間(sec)
14,2026-03-25,5.0,0.0,5.0,5.0,10,0.0,生産吐出時間(sec)
14,2026-03-26,5.0,0.0,5.0,5.0,5,0.0,生産吐出時間(sec)
14,2026-03-27,5.0,0.0,5.0,5.0,5,0.0,生産吐出時間(sec)
14,2026-04-03,5.0,0.0,5.0,5.0,10,0.0,生産吐出時間(sec)
14,2026-04-07,5.0,0.0,5.0,5.0,5,0.0,生産吐出時間(sec)
14,2026-04-08,5.0,0.0,5.0,5.0,5,0.0,生産吐出時間(sec)
14,2026-04-09,5.0,0.0,5.0,5.0,5,0.0,生産吐出時間(sec)
14,2026-04-15,5.0,0.0,5.0,5.0,5,0.0,生産吐出時間(sec)
14,2026-04-16,5.0,0.0,5.0,5.0,10,0.0,生産吐出時間(sec)
14,2026-04-17,5.0,0.0,5.0,5.0,5,0.0,生産吐出時間(sec)
14,2026-04-20,5.0,0.0,5.0,5.0,20,0.0,生産吐出時間(sec)
